mtllib materials.mtl
v -1.137641 -0.6316574 1.838125
v -1.13764 -0.126206 1.838126
v 2.905977 -0.126217 1.94645
v 2.833777 -0.6316657 -1.194573
v 2.833778 -0.1262144 -1.194573
v -1.13763 -0.126204 -1.194587
v -1.137631 -0.6316552 -1.194586
v 2.815717 -0.6316681 1.928398
v -1.101526 -0.162306 -1.05017
v -1.101535 -0.162308 1.729814
v -1.101533 0.5056103 1.729815
v -1.101528 2.256639 1.729816
v -1.101519 2.256641 -1.050169
v -1.101524 0.5056123 -1.05017
v -3.881511 -0.1622982 -1.05018
v -3.881509 0.5056201 -1.050179
v -3.881518 0.5056181 1.729806
v -3.88152 -0.1623002 1.729805
v -1.796525 2.256641 1.729814
v -1.796515 2.256643 -1.050171
v -2.491517 0.5056161 -1.050175
v -2.491526 0.5056142 1.72981
v -3.681545 0.7015212 -1.050178
v -3.681554 0.7015193 1.729806
v -2.464447 1.065222 1.72981
v -2.16659 1.606776 1.729812
v -2.464437 1.065224 -1.050174
v -2.16658 1.606778 -1.050173
v -2.058271 0.8756778 -1.050173
v -3.284403 0.9632719 -1.050177
v -3.284413 0.9632699 1.729808
v -1.968017 -0.7760666 -1.158485
v -1.968019 -0.7760671 -0.4003075
v -1.968016 -0.3969778 -1.158485
v -3.484372 -0.7760621 -1.15849
v -3.484371 -0.3969733 -1.15849
v -3.484375 -0.7760626 -0.4003123
v -2.347108 -0.776066 -0.4003088
v -1.968014 0.01821459 -1.158485
v -1.968017 0.01821407 -0.4003071
v -3.484372 0.01821857 -0.4003118
v -3.48437 0.01821911 -1.158489
v -2.726192 0.01821685 -1.158487
v -2.15756 -0.3969771 -1.158485
v -2.798403 -0.3428203 -0.4725171
v -2.347107 -0.5865217 -0.4003086
v -1.968019 -0.5865229 -0.4003074
v -3.48437 -0.01788456 -1.158489
v -3.105281 -0.01788569 -1.158488
v -2.347103 -0.01788794 -1.158486
v -2.726192 -0.01788682 -1.158487
v -2.441876 -0.207432 -1.158486
v -3.294827 -0.3969737 -1.158489
v -3.010509 -0.2074302 -1.158488
v -2.726193 -0.2074311 -1.158487
v -3.3896 -0.586518 -1.158489
v -1.968015 -0.01788907 -1.158485
v -1.968018 -0.3969787 -0.4003073
v -1.968017 -0.01788971 -0.4003071
v -3.484372 -0.01788509 -0.4003118
v -3.484373 -0.3969738 -0.4003121
v -3.484374 -0.5865182 -0.4003122
v -2.726197 -0.7760649 -0.40031
v -3.105286 -0.7760637 -0.4003112
v -2.726197 -0.7760649 -0.4003099
v -3.105285 -0.5865195 -0.400311
v -2.157562 -0.1126612 -0.4003078
v -3.294828 -0.1126579 -0.4003114
v -2.726196 -0.4917487 -0.4003098
v -2.726196 -0.5865206 -0.4003098
v -2.726197 -0.6812926 -0.4003099
v -2.726196 -0.3969762 -0.4003097
v -2.157562 -0.3022057 -0.4003079
v -3.105284 -0.2074306 -0.4003108
v -3.294829 -0.3022023 -0.4003115
v -2.347106 -0.2074329 -0.4003084
v -3.487874 -0.7760574 1.750611
v -3.487871 -0.7760571 0.9924337
v -3.487872 -0.3969686 1.750611
v -1.971519 -0.7760614 1.750616
v -1.971517 -0.3969726 1.750616
v -1.971516 -0.7760611 0.9924384
v -3.108782 -0.7760581 0.9924349
v -3.487871 0.01822383 1.750611
v -3.487869 0.01822409 0.9924339
v -1.971514 0.01822011 0.9924387
v -1.971516 0.01821985 1.750616
v -2.729694 0.01822183 1.750614
v -3.298328 -0.396969 1.750612
v -2.657485 -0.342815 1.064644
v -3.108782 -0.5865138 0.9924349
v -3.48787 -0.5865129 0.9924337
v -1.971516 -0.01788382 1.750616
v -2.350605 -0.01788282 1.750615
v -3.108783 -0.01788083 1.750613
v -2.729694 -0.01788183 1.750614
v -3.014011 -0.2074254 1.750613
v -2.161062 -0.3969719 1.750615
v -2.445378 -0.2074268 1.750615
v -2.729694 -0.2074261 1.750614
v -2.06629 -0.5865167 1.750616
v -3.487871 -0.01787984 1.750611
v -3.48787 -0.3969686 0.9924337
v -3.487869 -0.01787968 0.9924339
v -1.971514 -0.01788355 0.9924387
v -1.971515 -0.3969723 0.9924387
v -1.971515 -0.5865167 0.9924384
v -2.729693 -0.7760591 0.9924361
v -2.350605 -0.7760601 0.9924372
v -2.729693 -0.7760591 0.9924361
v -2.350604 -0.5865158 0.9924372
v -3.298325 -0.1126523 0.9924344
v -2.161058 -0.1126553 0.9924382
v -2.729693 -0.4917429 0.9924361
v -2.729693 -0.5865148 0.9924361
v -2.729693 -0.6812868 0.9924361
v -2.729692 -0.3969704 0.9924361
v -3.298326 -0.3021967 0.9924344
v -2.350603 -0.207427 0.9924375
v -2.161059 -0.3021997 0.992438
v -3.108781 -0.207425 0.9924351
v 2.689369 2.256631 -1.194572
v 2.689369 2.401046 -1.194572
v 2.689371 2.401046 -1.70905
v 2.689373 2.401046 -2.223527
v 2.689376 2.401046 -2.738006
v 2.689376 2.401046 -3.252483
v 2.689376 2.256632 -3.252483
v -0.9209999 2.256641 -1.194584
v -0.9209931 2.256642 -3.252496
v -0.9209928 2.401056 -3.252495
v -0.9209945 2.401056 -2.738018
v -0.9209961 2.401056 -2.22354
v -0.9209979 2.401056 -1.709062
v -0.9209996 2.401056 -1.194584
v 2.238073 2.256632 -1.194573
v 1.786777 2.256633 -1.194575
v 1.335481 2.256634 -1.194576
v 0.8841845 2.256636 -1.194578
v 0.4328881 2.256637 -1.194579
v -0.01840776 2.256638 -1.194581
v -0.4697043 2.256639 -1.194582
v -0.469704 2.401054 -1.194582
v -0.01840734 2.401053 -1.194581
v 0.4328885 2.401052 -1.194579
v 0.8841848 2.401051 -1.194578
v 1.335481 2.401049 -1.194576
v 1.786777 2.401048 -1.194575
v 2.238074 2.401047 -1.194573
v 2.238081 2.401048 -3.252485
v 1.786785 2.401049 -3.252487
v 1.335488 2.40105 -3.252488
v 0.8841918 2.401052 -3.25249
v 0.4328956 2.401053 -3.252491
v -0.01840049 2.401054 -3.252492
v -0.4696972 2.401055 -3.252494
v -0.4696975 2.25664 -3.252494
v -0.01840091 2.256639 -3.252492
v 0.4328952 2.256638 -3.252491
v 0.8841914 2.256637 -3.25249
v 1.335488 2.256635 -3.252488
v 1.786783 2.256634 -3.252487
v 2.23808 2.256633 -3.252485
v 2.238075 2.401047 -1.709051
v -0.4696988 2.401055 -2.738016
v -0.4697005 2.401055 -2.223538
v 1.335486 2.40105 -2.73801
v 0.88419 2.401051 -2.738011
v 0.4328905 2.401052 -1.709057
v 0.8841866 2.401051 -1.709056
v 1.335483 2.401049 -1.709054
v 1.786779 2.401048 -1.709052
v -0.4697023 2.401054 -1.70906
v -0.01840562 2.401053 -1.709058
v 0.4328939 2.401052 -2.738013
v -0.01840222 2.401054 -2.738015
v 2.238079 2.401047 -2.738007
v 1.786783 2.401049 -2.738009
v 2.238077 2.401047 -2.223529
v 1.786781 2.401048 -2.223531
v 1.335485 2.40105 -2.223532
v 0.8841883 2.401051 -2.223534
v 0.4328922 2.401052 -2.223535
v -0.01840395 2.401053 -2.223536
v -0.7057608 1.37778 -0.9939747
v -0.71111 1.444316 -0.9664391
v -0.6939574 2.378046 -3.219341
v -0.6886082 2.31151 -3.246877
v -0.8710751 1.36688 -0.9997512
v -0.8539224 2.30061 -3.252653
v -0.8592717 2.367146 -3.225118
v -0.8764243 1.433416 -0.9722154
v 2.688042 1.243644 -1.014166
v 2.689051 1.308866 -0.9831985
v 2.647291 2.363461 -3.20295
v 2.646282 2.298239 -3.233917
v 2.522308 1.244529 -1.010628
v 2.480548 2.299124 -3.230379
v 2.481558 2.364346 -3.199411
v 2.523317 1.309751 -0.9796603
v 2.815721 1.895592 1.820088
v -1.155687 1.895602 1.820076
v -1.155686 2.401054 1.820076
v 2.815722 2.401043 1.820089
v 2.815731 1.895594 -1.212623
v 2.815732 2.401045 -1.212623
v -1.155676 2.401056 -1.212637
v -1.155677 1.895605 -1.212636
v 2.815724 2.401042 1.9284
v -1.155685 2.401053 1.928388
v -1.15241 2.400217 1.676567
v 2.815718 -0.6316689 1.928396
v -1.134363 -0.6324933 1.694614
v 2.815692 2.395849 1.675853
v 3.267027 2.401043 -1.19457
v 3.267017 2.401044 1.910349
v 2.815724 2.401043 1.928399
v 2.815732 2.401046 -1.212623
v 3.267019 -0.6316676 -1.194571
v 2.833777 -0.6316655 -1.194574
v 2.815716 -0.631668 1.928396
v 3.267009 -0.6316696 1.910348
v -0.6682758 2.401055 -1.212633
v -0.668287 2.401055 1.928389
v -1.155685 2.401055 1.928387
v -1.155676 2.401055 -1.212637
v -1.137631 -0.6316557 -1.194585
v -1.137641 -0.6316575 1.838126
v -0.6682953 -0.6316589 1.820076
v -0.6682817 -0.1262046 -1.194583
v 2.833778 -0.1262137 -1.194574
v 2.833777 -0.126214 -0.7252254
v 2.833783 1.931697 -0.7252247
v 2.833784 1.931697 -1.194573
v 2.36443 -0.1262124 -1.194575
v 2.364436 1.931698 -1.194574
v 2.544954 1.895594 -0.9057441
v 2.544948 -0.1623167 -0.9057449
v -0.6682817 -0.1262043 -1.194584
v -0.1989336 -0.1262058 -1.194582
v -0.1989274 1.931705 -1.194581
v -0.6682756 1.931706 -1.194583
v -0.6682832 -0.1262046 -0.7252357
v -0.668277 1.931706 -0.7252346
v -0.3794469 1.895601 -0.9057523
v -0.3794531 -0.162309 -0.9057534
v 2.833776 -0.1262144 -0.7252238
v 2.833778 0.5431337 -0.7252238
v 2.833779 0.5431339 -1.194572
v 2.833777 -0.1262142 -1.194572
v -0.6682823 -0.1262047 -0.7252354
v -0.6682807 -0.1262045 -1.194584
v -0.668279 0.5431437 -1.194584
v -0.6682807 0.5431435 -0.7252351
v 2.869884 1.806245 -0.7252229
v 2.869884 1.895593 -0.7252232
v 2.869885 1.895594 -1.194571
v 2.869885 1.806245 -1.194571
v -0.740486 1.806255 -0.7252347
v -0.7404841 1.806255 -1.194583
v -0.7404841 1.895603 -1.194583
v -0.7404857 1.895603 -0.7252349
v 3.538486 -0.4560592 -0.7857412
v 3.538486 -0.4761553 -0.7107412
v 3.238486 -0.4761553 -0.7107412
v 3.238486 -0.4560591 -0.7857412
v 3.538486 -0.5310591 -0.6558373
v 3.238486 -0.5310591 -0.6558374
v 3.538486 -0.6060591 -0.6357411
v 3.238486 -0.6060591 -0.6357412
v 3.538486 -0.6810591 -0.6558373
v 3.238486 -0.6810591 -0.6558374
v 3.538486 -0.7359629 -0.7107411
v 3.238486 -0.7359629 -0.7107412
v 3.538486 -0.7560592 -0.7857412
v 3.238486 -0.7560591 -0.7857412
v 3.538486 -0.7359629 -0.8607411
v 3.238486 -0.7359629 -0.8607412
v 3.538486 -0.6810591 -0.9156449
v 3.238486 -0.6810591 -0.915645
v 3.538486 -0.6060591 -0.9357411
v 3.238486 -0.6060591 -0.9357412
v 3.538486 -0.5310591 -0.9156449
v 3.238486 -0.5310591 -0.915645
v 3.538486 -0.4761553 -0.8607411
v 3.238486 -0.4761553 -0.8607411
v 3.548486 -0.4560592 -0.4857411
v 3.548486 -0.4761553 -0.4107411
v 3.248486 -0.4761553 -0.4107412
v 3.248486 -0.4560591 -0.4857411
v 3.548486 -0.5310591 -0.3558373
v 3.248486 -0.5310591 -0.3558373
v 3.548486 -0.6060591 -0.3357412
v 3.248486 -0.6060591 -0.3357412
v 3.548486 -0.6810591 -0.3558373
v 3.248486 -0.6810591 -0.3558373
v 3.548486 -0.7359629 -0.4107411
v 3.248486 -0.7359629 -0.4107412
v 3.548486 -0.7560592 -0.4857411
v 3.248486 -0.7560591 -0.4857411
v 3.548486 -0.7359629 -0.5607411
v 3.248486 -0.7359629 -0.5607412
v 3.548486 -0.6810591 -0.6156449
v 3.248486 -0.6810591 -0.6156449
v 3.548486 -0.6060591 -0.6357411
v 3.248486 -0.6060591 -0.6357412
v 3.548486 -0.5310591 -0.6156449
v 3.248486 -0.5310591 -0.6156449
v 3.548486 -0.4761553 -0.5607411
v 3.248486 -0.4761553 -0.5607412
v -3.146514 -0.7510591 -1.210741
v -3.088235 -0.5335591 -1.210741
v -3.151022 -0.4973091 -1.191315
v -3.219014 -0.7510591 -1.191315
v -3.196985 -0.4707722 -1.138241
v -3.272087 -0.7510591 -1.138241
v -3.213809 -0.4610591 -1.065741
v -3.291514 -0.7510591 -1.065741
v -3.196985 -0.4707722 -0.9932413
v -3.272087 -0.7510591 -0.9932412
v -3.151022 -0.4973091 -0.9401675
v -3.219014 -0.7510591 -0.9401675
v -3.088235 -0.5335591 -0.9207412
v -3.146514 -0.7510591 -0.9207412
v -3.025448 -0.5698091 -0.9401675
v -3.074014 -0.7510591 -0.9401675
v -2.979485 -0.5963459 -0.9932412
v -3.02094 -0.7510591 -0.9932412
v -2.962661 -0.6060591 -1.065741
v -3.001514 -0.7510591 -1.065741
v -2.979485 -0.596346 -1.138241
v -3.02094 -0.7510591 -1.138241
v -3.025448 -0.5698091 -1.191315
v -3.074014 -0.7510591 -1.191315
v -2.929014 -0.374338 -1.210741
v -2.965264 -0.3115512 -1.191315
v -2.991801 -0.265588 -1.138241
v -3.001514 -0.2487643 -1.065741
v -2.991801 -0.265588 -0.9932412
v -2.965264 -0.3115512 -0.9401675
v -2.929014 -0.374338 -0.9207412
v -2.892764 -0.4371249 -0.9401675
v -2.866227 -0.483088 -0.9932412
v -2.856514 -0.4999117 -1.065741
v -2.866227 -0.483088 -1.138241
v -2.892764 -0.4371248 -1.191315
v -2.711514 -0.3160591 -1.210741
v -2.711514 -0.2435591 -1.191315
v -2.711514 -0.1904854 -1.138241
v -2.711514 -0.1710591 -1.065741
v -2.711514 -0.1904854 -0.9932412
v -2.711514 -0.2435591 -0.9401675
v -2.711514 -0.3160591 -0.9207411
v -2.711514 -0.3885591 -0.9401675
v -2.711514 -0.4416327 -0.9932412
v -2.711514 -0.4610591 -1.065741
v -2.711514 -0.4416328 -1.138241
v -2.711514 -0.3885591 -1.191315
v -2.494014 -0.3743381 -1.210741
v -2.457764 -0.3115512 -1.191315
v -2.431227 -0.265588 -1.138241
v -2.421514 -0.2487643 -1.065741
v -2.431227 -0.265588 -0.9932411
v -2.457764 -0.3115512 -0.9401674
v -2.494014 -0.374338 -0.9207411
v -2.530264 -0.4371249 -0.9401674
v -2.556801 -0.483088 -0.9932411
v -2.566514 -0.4999118 -1.065741
v -2.556801 -0.483088 -1.138241
v -2.530264 -0.4371249 -1.191315
v -2.334793 -0.5335591 -1.210741
v -2.272006 -0.4973091 -1.191315
v -2.226043 -0.4707722 -1.138241
v -2.209219 -0.4610591 -1.065741
v -2.226043 -0.4707722 -0.9932411
v -2.272006 -0.497309 -0.9401674
v -2.334793 -0.533559 -0.9207411
v -2.39758 -0.5698091 -0.9401674
v -2.443543 -0.5963459 -0.9932411
v -2.460366 -0.6060591 -1.065741
v -2.443543 -0.5963459 -1.138241
v -2.397579 -0.5698091 -1.191315
v -2.276514 -0.7510592 -1.210741
v -2.204014 -0.7510592 -1.191315
v -2.15094 -0.7510592 -1.138241
v -2.131514 -0.7510592 -1.065741
v -2.15094 -0.7510592 -0.993241
v -2.204014 -0.7510591 -0.9401673
v -2.276514 -0.7510591 -0.920741
v -2.349014 -0.7510591 -0.9401674
v -2.402087 -0.7510591 -0.9932411
v -2.421514 -0.7510591 -1.065741
v -2.402087 -0.7510592 -1.138241
v -2.349014 -0.7510592 -1.191315
v -2.334793 -0.9685592 -1.210741
v -2.272006 -1.004809 -1.191315
v -2.226043 -1.031346 -1.138241
v -2.209219 -1.041059 -1.065741
v -2.226043 -1.031346 -0.993241
v -2.272006 -1.004809 -0.9401673
v -2.334793 -0.9685592 -0.920741
v -2.39758 -0.9323092 -0.9401674
v -2.443543 -0.9057723 -0.9932411
v -2.460366 -0.8960592 -1.065741
v -2.443543 -0.9057723 -1.138241
v -2.397579 -0.9323092 -1.191315
v -2.494014 -1.12778 -1.210741
v -2.457764 -1.190567 -1.191315
v -2.431227 -1.23653 -1.138241
v -2.421514 -1.253354 -1.065741
v -2.431227 -1.23653 -0.993241
v -2.457764 -1.190567 -0.9401673
v -2.494014 -1.12778 -0.920741
v -2.530264 -1.064993 -0.9401674
v -2.556801 -1.01903 -0.9932411
v -2.566514 -1.002206 -1.065741
v -2.556801 -1.01903 -1.138241
v -2.530264 -1.064993 -1.191315
v -2.711514 -1.186059 -1.210741
v -2.711514 -1.258559 -1.191315
v -2.711514 -1.311633 -1.138241
v -2.711514 -1.331059 -1.065741
v -2.711514 -1.311633 -0.9932411
v -2.711514 -1.258559 -0.9401674
v -2.711514 -1.186059 -0.9207411
v -2.711514 -1.113559 -0.9401674
v -2.711514 -1.060485 -0.9932411
v -2.711514 -1.041059 -1.065741
v -2.711514 -1.060485 -1.138241
v -2.711514 -1.113559 -1.191315
v -2.929014 -1.12778 -1.210741
v -2.965264 -1.190567 -1.191315
v -2.991801 -1.23653 -1.138241
v -3.001514 -1.253354 -1.065741
v -2.991801 -1.23653 -0.9932411
v -2.965264 -1.190567 -0.9401674
v -2.929014 -1.12778 -0.9207411
v -2.892764 -1.064993 -0.9401674
v -2.866227 -1.01903 -0.9932411
v -2.856514 -1.002206 -1.065741
v -2.866227 -1.01903 -1.138241
v -2.892764 -1.064993 -1.191315
v -3.088235 -0.968559 -1.210741
v -3.151022 -1.004809 -1.191315
v -3.196985 -1.031346 -1.138241
v -3.213809 -1.041059 -1.065741
v -3.196985 -1.031346 -0.9932412
v -3.151022 -1.004809 -0.9401675
v -3.088235 -0.968559 -0.9207411
v -3.025448 -0.932309 -0.9401675
v -2.979485 -0.9057722 -0.9932412
v -2.962661 -0.896059 -1.065741
v -2.979485 -0.9057722 -1.138241
v -3.025448 -0.9323091 -1.191315
v -3.005264 -0.7498091 -1.166991
v -2.966579 -0.6054341 -1.166991
v -3.008256 -0.5813715 -1.154096
v -3.053389 -0.7498091 -1.154096
v -3.038766 -0.5637566 -1.118866
v -3.088619 -0.7498091 -1.118866
v -3.049934 -0.557309 -1.070741
v -3.101514 -0.7498091 -1.070741
v -3.038766 -0.5637566 -1.022616
v -3.088619 -0.7498091 -1.022616
v -3.008256 -0.5813715 -0.9873862
v -3.053389 -0.7498091 -0.9873862
v -2.966579 -0.6054341 -0.9744911
v -3.005264 -0.7498091 -0.9744911
v -2.924901 -0.6294966 -0.9873862
v -2.957139 -0.7498091 -0.9873862
v -2.894391 -0.6471115 -1.022616
v -2.921909 -0.7498091 -1.022616
v -2.883224 -0.6535591 -1.070741
v -2.909014 -0.7498091 -1.070741
v -2.894391 -0.6471115 -1.118866
v -2.921909 -0.7498091 -1.118866
v -2.924901 -0.6294966 -1.154096
v -2.957139 -0.7498091 -1.154096
v -2.860889 -0.4997442 -1.166991
v -2.884951 -0.4580667 -1.154096
v -2.902566 -0.4275567 -1.118866
v -2.909014 -0.4163893 -1.070741
v -2.902566 -0.4275567 -1.022616
v -2.884951 -0.4580667 -0.9873862
v -2.860889 -0.4997442 -0.9744911
v -2.836826 -0.5414217 -0.9873862
v -2.819211 -0.5719317 -1.022616
v -2.812764 -0.5830992 -1.070741
v -2.819211 -0.5719317 -1.118866
v -2.836826 -0.5414217 -1.154096
v -2.716514 -0.4610591 -1.166991
v -2.716514 -0.4129341 -1.154096
v -2.716514 -0.3777041 -1.118866
v -2.716514 -0.364809 -1.070741
v -2.716514 -0.3777041 -1.022616
v -2.716514 -0.412934 -0.9873862
v -2.716514 -0.461059 -0.9744911
v -2.716514 -0.5091841 -0.9873862
v -2.716514 -0.544414 -1.022616
v -2.716514 -0.557309 -1.070741
v -2.716514 -0.544414 -1.118866
v -2.716514 -0.5091841 -1.154096
v -2.572139 -0.4997442 -1.166991
v -2.548076 -0.4580668 -1.154096
v -2.530461 -0.4275568 -1.118866
v -2.524014 -0.4163893 -1.070741
v -2.530461 -0.4275568 -1.022616
v -2.548076 -0.4580667 -0.9873862
v -2.572139 -0.4997442 -0.9744911
v -2.596201 -0.5414217 -0.9873862
v -2.613816 -0.5719317 -1.022616
v -2.620264 -0.5830992 -1.070741
v -2.613816 -0.5719317 -1.118866
v -2.596201 -0.5414217 -1.154096
v -2.466449 -0.6054341 -1.166991
v -2.424772 -0.5813715 -1.154096
v -2.394262 -0.5637566 -1.118866
v -2.383094 -0.557309 -1.070741
v -2.394262 -0.5637566 -1.022616
v -2.424772 -0.5813715 -0.9873862
v -2.466449 -0.6054341 -0.9744911
v -2.508126 -0.6294966 -0.9873862
v -2.538636 -0.6471115 -1.022616
v -2.549804 -0.653559 -1.070741
v -2.538636 -0.6471115 -1.118866
v -2.508126 -0.6294966 -1.154096
v -2.427764 -0.7498091 -1.166991
v -2.379639 -0.7498091 -1.154096
v -2.344409 -0.7498091 -1.118866
v -2.331514 -0.7498091 -1.070741
v -2.344409 -0.7498091 -1.022616
v -2.379639 -0.7498091 -0.9873862
v -2.427764 -0.7498091 -0.9744911
v -2.475889 -0.7498091 -0.9873862
v -2.511119 -0.7498091 -1.022616
v -2.524014 -0.7498091 -1.070741
v -2.511119 -0.7498091 -1.118866
v -2.475889 -0.7498091 -1.154096
v -2.466449 -0.8941842 -1.166991
v -2.424772 -0.9182467 -1.154096
v -2.394262 -0.9358616 -1.118866
v -2.383094 -0.9423092 -1.070741
v -2.394262 -0.9358616 -1.022616
v -2.424772 -0.9182466 -0.9873862
v -2.466449 -0.8941841 -0.9744911
v -2.508126 -0.8701216 -0.9873862
v -2.538637 -0.8525066 -1.022616
v -2.549804 -0.8460591 -1.070741
v -2.538637 -0.8525066 -1.118866
v -2.508126 -0.8701217 -1.154096
v -2.572139 -0.999874 -1.166991
v -2.548076 -1.041551 -1.154096
v -2.530462 -1.072061 -1.118866
v -2.524014 -1.083229 -1.070741
v -2.530462 -1.072061 -1.022616
v -2.548076 -1.041551 -0.9873861
v -2.572139 -0.999874 -0.9744911
v -2.596201 -0.9581965 -0.9873862
v -2.613816 -0.9276865 -1.022616
v -2.620264 -0.916519 -1.070741
v -2.613816 -0.9276865 -1.118866
v -2.596201 -0.9581965 -1.154096
v -2.716514 -1.038559 -1.166991
v -2.716514 -1.086684 -1.154096
v -2.716514 -1.121914 -1.118866
v -2.716514 -1.134809 -1.070741
v -2.716514 -1.121914 -1.022616
v -2.716514 -1.086684 -0.9873861
v -2.716514 -1.038559 -0.9744911
v -2.716514 -0.9904341 -0.9873862
v -2.716514 -0.9552041 -1.022616
v -2.716514 -0.9423091 -1.070741
v -2.716514 -0.9552041 -1.118866
v -2.716514 -0.9904342 -1.154096
v -2.860889 -0.999874 -1.166991
v -2.884951 -1.041551 -1.154096
v -2.902566 -1.072061 -1.118866
v -2.909014 -1.083229 -1.070741
v -2.902566 -1.072061 -1.022616
v -2.884951 -1.041551 -0.9873861
v -2.860889 -0.999874 -0.9744911
v -2.836826 -0.9581965 -0.9873862
v -2.819211 -0.9276865 -1.022616
v -2.812764 -0.916519 -1.070741
v -2.819211 -0.9276865 -1.118866
v -2.836826 -0.9581965 -1.154096
v -2.966579 -0.8941841 -1.166991
v -3.008256 -0.9182465 -1.154096
v -3.038766 -0.9358615 -1.118866
v -3.049934 -0.942309 -1.070741
v -3.038766 -0.9358615 -1.022616
v -3.008256 -0.9182465 -0.9873862
v -2.966579 -0.894184 -0.9744911
v -2.924901 -0.8701215 -0.9873862
v -2.894391 -0.8525066 -1.022616
v -2.883224 -0.8460591 -1.070741
v -2.894391 -0.8525066 -1.118866
v -2.924901 -0.8701215 -1.154096
v -2.877764 -0.7498091 -1.154491
v -2.85616 -0.6691841 -1.154491
v -2.879435 -0.6557466 -1.14729
v -2.904639 -0.7498091 -1.14729
v -2.896473 -0.6459097 -1.127616
v -2.924313 -0.7498091 -1.127616
v -2.902709 -0.6423091 -1.100741
v -2.931514 -0.7498091 -1.100741
v -2.896473 -0.6459097 -1.073866
v -2.924313 -0.7498091 -1.073866
v -2.879435 -0.6557466 -1.054192
v -2.904639 -0.7498091 -1.054192
v -2.85616 -0.6691841 -1.046991
v -2.877764 -0.7498091 -1.046991
v -2.832886 -0.6826216 -1.054192
v -2.850889 -0.7498091 -1.054192
v -2.815848 -0.6924585 -1.073866
v -2.831215 -0.7498091 -1.073866
v -2.809612 -0.6960591 -1.100741
v -2.824014 -0.7498091 -1.100741
v -2.815848 -0.6924585 -1.127616
v -2.831215 -0.7498091 -1.127616
v -2.832886 -0.6826216 -1.14729
v -2.850889 -0.7498091 -1.14729
v -2.797139 -0.6101625 -1.154491
v -2.810576 -0.5868881 -1.14729
v -2.820413 -0.56985 -1.127616
v -2.824014 -0.5636136 -1.100741
v -2.820413 -0.56985 -1.073866
v -2.810576 -0.586888 -1.054192
v -2.797139 -0.6101625 -1.046991
v -2.783701 -0.6334369 -1.054192
v -2.773865 -0.650475 -1.073866
v -2.770264 -0.6567113 -1.100741
v -2.773865 -0.650475 -1.127616
v -2.783701 -0.6334369 -1.14729
v -2.716514 -0.5885591 -1.154491
v -2.716514 -0.5616841 -1.14729
v -2.716514 -0.5420102 -1.127616
v -2.716514 -0.5348091 -1.100741
v -2.716514 -0.5420102 -1.073866
v -2.716514 -0.5616841 -1.054192
v -2.716514 -0.588559 -1.046991
v -2.716514 -0.6154341 -1.054192
v -2.716514 -0.6351079 -1.073866
v -2.716514 -0.6423091 -1.100741
v -2.716514 -0.6351079 -1.127616
v -2.716514 -0.6154341 -1.14729
v -2.635889 -0.6101625 -1.154491
v -2.622451 -0.5868881 -1.14729
v -2.612614 -0.56985 -1.127616
v -2.609014 -0.5636136 -1.100741
v -2.612614 -0.56985 -1.073866
v -2.622451 -0.5868881 -1.054192
v -2.635889 -0.6101625 -1.046991
v -2.649326 -0.6334369 -1.054192
v -2.659163 -0.650475 -1.073866
v -2.662764 -0.6567113 -1.100741
v -2.659163 -0.650475 -1.127616
v -2.649326 -0.6334369 -1.14729
v -2.576867 -0.6691841 -1.154491
v -2.553593 -0.6557466 -1.14729
v -2.536555 -0.6459097 -1.127616
v -2.530318 -0.6423091 -1.100741
v -2.536555 -0.6459096 -1.073866
v -2.553593 -0.6557466 -1.054192
v -2.576867 -0.6691841 -1.046991
v -2.600142 -0.6826216 -1.054192
v -2.61718 -0.6924585 -1.073866
v -2.623416 -0.696059 -1.100741
v -2.61718 -0.6924585 -1.127616
v -2.600142 -0.6826216 -1.14729
v -2.555264 -0.7498091 -1.154491
v -2.528389 -0.7498091 -1.14729
v -2.508715 -0.7498091 -1.127616
v -2.501514 -0.7498091 -1.100741
v -2.508715 -0.7498091 -1.073866
v -2.528389 -0.7498091 -1.054192
v -2.555264 -0.7498091 -1.046991
v -2.582139 -0.7498091 -1.054192
v -2.601813 -0.7498091 -1.073866
v -2.609014 -0.7498091 -1.100741
v -2.601813 -0.7498091 -1.127616
v -2.582139 -0.7498091 -1.14729
v -2.576867 -0.8304341 -1.154491
v -2.553593 -0.8438717 -1.14729
v -2.536555 -0.8537086 -1.127616
v -2.530318 -0.8573091 -1.100741
v -2.536555 -0.8537086 -1.073866
v -2.553593 -0.8438716 -1.054192
v -2.576867 -0.8304341 -1.046991
v -2.600142 -0.8169966 -1.054192
v -2.61718 -0.8071597 -1.073866
v -2.623416 -0.8035591 -1.100741
v -2.61718 -0.8071597 -1.127616
v -2.600142 -0.8169966 -1.14729
v -2.635889 -0.8894557 -1.154491
v -2.622451 -0.9127302 -1.14729
v -2.612614 -0.9297682 -1.127616
v -2.609014 -0.9360046 -1.100741
v -2.612614 -0.9297682 -1.073866
v -2.622451 -0.9127301 -1.054192
v -2.635889 -0.8894557 -1.046991
v -2.649326 -0.8661813 -1.054192
v -2.659163 -0.8491432 -1.073866
v -2.662764 -0.8429068 -1.100741
v -2.659163 -0.8491432 -1.127616
v -2.649326 -0.8661813 -1.14729
v -2.716514 -0.9110591 -1.154491
v -2.716514 -0.9379341 -1.14729
v -2.716514 -0.957608 -1.127616
v -2.716514 -0.9648091 -1.100741
v -2.716514 -0.957608 -1.073866
v -2.716514 -0.9379341 -1.054192
v -2.716514 -0.9110591 -1.046991
v -2.716514 -0.8841841 -1.054192
v -2.716514 -0.8645102 -1.073866
v -2.716514 -0.8573091 -1.100741
v -2.716514 -0.8645102 -1.127616
v -2.716514 -0.8841841 -1.14729
v -2.797139 -0.8894557 -1.154491
v -2.810576 -0.9127302 -1.14729
v -2.820413 -0.9297682 -1.127616
v -2.824014 -0.9360046 -1.100741
v -2.820413 -0.9297682 -1.073866
v -2.810576 -0.9127301 -1.054192
v -2.797139 -0.8894557 -1.046991
v -2.783701 -0.8661813 -1.054192
v -2.773865 -0.8491432 -1.073866
v -2.770264 -0.8429068 -1.100741
v -2.773865 -0.8491432 -1.127616
v -2.783701 -0.8661813 -1.14729
v -2.85616 -0.8304341 -1.154491
v -2.879435 -0.8438715 -1.14729
v -2.896473 -0.8537085 -1.127616
v -2.902709 -0.857309 -1.100741
v -2.896473 -0.8537084 -1.073866
v -2.879435 -0.8438715 -1.054192
v -2.85616 -0.830434 -1.046991
v -2.832886 -0.8169966 -1.054192
v -2.815848 -0.8071596 -1.073866
v -2.809612 -0.8035591 -1.100741
v -2.815848 -0.8071597 -1.127616
v -2.832886 -0.8169966 -1.14729
v -2.741514 -0.5060591 -1.105741
v -2.616514 -0.5395527 -1.105741
v -2.616514 -0.5395527 -0.6057411
v -2.741514 -0.5060591 -0.6057411
v -2.525007 -0.6310591 -1.105741
v -2.525008 -0.6310591 -0.6057411
v -2.491514 -0.7560592 -1.105741
v -2.491514 -0.7560591 -0.6057411
v -2.525007 -0.8810592 -1.105741
v -2.525008 -0.8810591 -0.605741
v -2.616514 -0.9725655 -1.105741
v -2.616514 -0.9725655 -0.605741
v -2.741514 -1.006059 -1.105741
v -2.741514 -1.006059 -0.6057411
v -2.866514 -0.9725655 -1.105741
v -2.866514 -0.9725654 -0.6057411
v -2.95802 -0.8810592 -1.105741
v -2.95802 -0.8810591 -0.6057411
v -2.991514 -0.7560591 -1.105741
v -2.991514 -0.7560591 -0.6057411
v -2.95802 -0.6310592 -1.105741
v -2.95802 -0.6310591 -0.6057411
v -2.866514 -0.5395527 -1.105741
v -2.866514 -0.5395526 -0.6057411
v -2.376514 -0.8110591 1.809259
v -2.434793 -0.593559 1.809259
v -2.372006 -0.557309 1.789833
v -2.304014 -0.8110591 1.789833
v -2.326043 -0.5307721 1.736759
v -2.25094 -0.8110591 1.736759
v -2.309219 -0.521059 1.664259
v -2.231514 -0.811059 1.664259
v -2.326043 -0.5307721 1.591759
v -2.25094 -0.811059 1.591759
v -2.372006 -0.557309 1.538685
v -2.304014 -0.811059 1.538685
v -2.434793 -0.593559 1.519259
v -2.376514 -0.811059 1.519259
v -2.49758 -0.629809 1.538685
v -2.449014 -0.8110591 1.538685
v -2.543543 -0.6563459 1.591759
v -2.502088 -0.8110591 1.591759
v -2.560367 -0.6660591 1.664259
v -2.521514 -0.8110591 1.664259
v -2.543543 -0.6563459 1.736759
v -2.502088 -0.8110591 1.736759
v -2.49758 -0.629809 1.789833
v -2.449014 -0.8110591 1.789833
v -2.594014 -0.434338 1.809259
v -2.557764 -0.3715511 1.789832
v -2.531227 -0.325588 1.736759
v -2.521514 -0.3087643 1.664259
v -2.531227 -0.3255879 1.591759
v -2.557764 -0.3715511 1.538685
v -2.594014 -0.434338 1.519259
v -2.630264 -0.4971249 1.538685
v -2.656801 -0.543088 1.591759
v -2.666514 -0.5599117 1.664259
v -2.656801 -0.543088 1.736759
v -2.630264 -0.4971248 1.789832
v -2.811514 -0.3760591 1.809259
v -2.811514 -0.3035591 1.789832
v -2.811514 -0.2504854 1.736759
v -2.811514 -0.2310591 1.664259
v -2.811514 -0.2504854 1.591759
v -2.811514 -0.3035591 1.538685
v -2.811514 -0.3760591 1.519259
v -2.811514 -0.4485591 1.538685
v -2.811514 -0.5016328 1.591759
v -2.811514 -0.5210591 1.664259
v -2.811514 -0.5016328 1.736759
v -2.811514 -0.4485591 1.789832
v -3.029014 -0.4343381 1.809259
v -3.065264 -0.3715512 1.789832
v -3.091801 -0.3255881 1.736759
v -3.101514 -0.3087644 1.664259
v -3.091801 -0.3255881 1.591759
v -3.065264 -0.3715512 1.538685
v -3.029014 -0.4343381 1.519259
v -2.992764 -0.4971249 1.538685
v -2.966227 -0.5430881 1.591759
v -2.956514 -0.5599118 1.664259
v -2.966227 -0.5430881 1.736759
v -2.992764 -0.4971249 1.789832
v -3.188235 -0.5935591 1.809259
v -3.251022 -0.5573092 1.789832
v -3.296985 -0.5307723 1.736759
v -3.313809 -0.5210592 1.664259
v -3.296985 -0.5307723 1.591759
v -3.251022 -0.5573091 1.538685
v -3.188235 -0.5935591 1.519259
v -3.125448 -0.6298091 1.538685
v -3.079485 -0.656346 1.591759
v -3.062661 -0.6660591 1.664259
v -3.079485 -0.656346 1.736759
v -3.125448 -0.6298091 1.789832
v -3.246514 -0.8110592 1.809259
v -3.319014 -0.8110592 1.789832
v -3.372088 -0.8110593 1.736759
v -3.391514 -0.8110593 1.664259
v -3.372088 -0.8110592 1.591759
v -3.319014 -0.8110592 1.538685
v -3.246514 -0.8110592 1.519259
v -3.174014 -0.8110592 1.538685
v -3.12094 -0.8110592 1.591759
v -3.101514 -0.8110592 1.664259
v -3.12094 -0.8110592 1.736759
v -3.174014 -0.8110592 1.789832
v -3.188235 -1.028559 1.809259
v -3.251022 -1.064809 1.789832
v -3.296985 -1.091346 1.736759
v -3.313809 -1.101059 1.664259
v -3.296985 -1.091346 1.591759
v -3.251022 -1.064809 1.538685
v -3.188235 -1.028559 1.519259
v -3.125448 -0.9923092 1.538685
v -3.079485 -0.9657724 1.591759
v -3.062661 -0.9560592 1.664259
v -3.079485 -0.9657724 1.736759
v -3.125448 -0.9923093 1.789832
v -3.029014 -1.18778 1.809259
v -3.065264 -1.250567 1.789832
v -3.091801 -1.29653 1.736759
v -3.101514 -1.313354 1.664259
v -3.091801 -1.29653 1.591759
v -3.065264 -1.250567 1.538685
v -3.029014 -1.18778 1.519259
v -2.992764 -1.124993 1.538685
v -2.966227 -1.07903 1.591759
v -2.956514 -1.062207 1.664259
v -2.966227 -1.07903 1.736759
v -2.992764 -1.124993 1.789832
v -2.811514 -1.246059 1.809259
v -2.811514 -1.318559 1.789833
v -2.811514 -1.371633 1.736759
v -2.811514 -1.391059 1.664259
v -2.811514 -1.371633 1.591759
v -2.811514 -1.318559 1.538685
v -2.811514 -1.246059 1.519259
v -2.811514 -1.173559 1.538685
v -2.811514 -1.120485 1.591759
v -2.811514 -1.101059 1.664259
v -2.811514 -1.120486 1.736759
v -2.811514 -1.173559 1.789833
v -2.594014 -1.18778 1.809259
v -2.557764 -1.250567 1.789833
v -2.531227 -1.29653 1.736759
v -2.521514 -1.313354 1.664259
v -2.531227 -1.29653 1.591759
v -2.557764 -1.250567 1.538685
v -2.594014 -1.18778 1.519259
v -2.630264 -1.124993 1.538685
v -2.656801 -1.07903 1.591759
v -2.666514 -1.062207 1.664259
v -2.656801 -1.07903 1.736759
v -2.630264 -1.124993 1.789833
v -2.434793 -1.028559 1.809259
v -2.372006 -1.064809 1.789833
v -2.326043 -1.091346 1.736759
v -2.309219 -1.101059 1.664259
v -2.326043 -1.091346 1.591759
v -2.372006 -1.064809 1.538685
v -2.434793 -1.028559 1.519259
v -2.49758 -0.992309 1.538685
v -2.543543 -0.9657722 1.591759
v -2.560366 -0.956059 1.664259
v -2.543543 -0.9657722 1.736759
v -2.49758 -0.992309 1.789833
v -2.517764 -0.809809 1.765509
v -2.556449 -0.6654341 1.765509
v -2.514771 -0.6413715 1.752614
v -2.469639 -0.809809 1.752614
v -2.484262 -0.6237565 1.717384
v -2.434409 -0.809809 1.717384
v -2.473094 -0.617309 1.669259
v -2.421514 -0.809809 1.669259
v -2.484262 -0.6237565 1.621134
v -2.434409 -0.809809 1.621134
v -2.514771 -0.6413715 1.585904
v -2.469639 -0.809809 1.585904
v -2.556449 -0.665434 1.573009
v -2.517764 -0.809809 1.573009
v -2.598126 -0.6894965 1.585904
v -2.565889 -0.809809 1.585904
v -2.628636 -0.7071115 1.621134
v -2.601119 -0.809809 1.621134
v -2.639804 -0.713559 1.669259
v -2.614014 -0.809809 1.669259
v -2.628636 -0.7071115 1.717384
v -2.601119 -0.809809 1.717384
v -2.598126 -0.6894965 1.752614
v -2.565889 -0.809809 1.752614
v -2.662139 -0.5597442 1.765509
v -2.638076 -0.5180667 1.752614
v -2.620461 -0.4875567 1.717384
v -2.614014 -0.4763892 1.669259
v -2.620461 -0.4875567 1.621134
v -2.638076 -0.5180667 1.585904
v -2.662139 -0.5597442 1.573009
v -2.686201 -0.6014217 1.585904
v -2.703816 -0.6319317 1.621134
v -2.710264 -0.6430992 1.669259
v -2.703816 -0.6319317 1.717384
v -2.686201 -0.6014217 1.752614
v -2.806514 -0.521059 1.765509
v -2.806514 -0.4729341 1.752614
v -2.806514 -0.4377041 1.717384
v -2.806514 -0.424809 1.669259
v -2.806514 -0.4377041 1.621134
v -2.806514 -0.472934 1.585904
v -2.806514 -0.521059 1.573009
v -2.806514 -0.5691841 1.585904
v -2.806514 -0.604414 1.621134
v -2.806514 -0.6173091 1.669259
v -2.806514 -0.604414 1.717384
v -2.806514 -0.5691841 1.752614
v -2.950889 -0.5597442 1.765509
v -2.974952 -0.5180668 1.752614
v -2.992566 -0.4875568 1.717384
v -2.999014 -0.4763893 1.669259
v -2.992566 -0.4875568 1.621134
v -2.974952 -0.5180668 1.585904
v -2.950889 -0.5597442 1.573009
v -2.926826 -0.6014217 1.585904
v -2.909211 -0.6319318 1.621134
v -2.902764 -0.6430992 1.669259
v -2.909211 -0.6319318 1.717384
v -2.926826 -0.6014217 1.752614
v -3.056579 -0.6654341 1.765509
v -3.098256 -0.6413716 1.752614
v -3.128766 -0.6237566 1.717384
v -3.139934 -0.6173091 1.669259
v -3.128766 -0.6237566 1.621134
v -3.098256 -0.6413716 1.585904
v -3.056579 -0.6654341 1.573009
v -3.014901 -0.6894966 1.585904
v -2.984391 -0.7071115 1.621134
v -2.973224 -0.7135591 1.669259
v -2.984391 -0.7071116 1.717384
v -3.014901 -0.6894966 1.752614
v -3.095264 -0.8098091 1.765509
v -3.143389 -0.8098092 1.752614
v -3.178619 -0.8098092 1.717384
v -3.191514 -0.8098092 1.669259
v -3.178619 -0.8098092 1.621134
v -3.143389 -0.8098091 1.585904
v -3.095264 -0.8098091 1.573009
v -3.047139 -0.8098091 1.585904
v -3.011909 -0.8098091 1.621134
v -2.999014 -0.8098091 1.669259
v -3.011909 -0.8098091 1.717384
v -3.047139 -0.8098091 1.752614
v -3.056579 -0.9541842 1.765509
v -3.098256 -0.9782467 1.752614
v -3.128766 -0.9958617 1.717384
v -3.139934 -1.002309 1.669259
v -3.128766 -0.9958617 1.621134
v -3.098256 -0.9782467 1.585904
v -3.056579 -0.9541842 1.573009
v -3.014901 -0.9301217 1.585904
v -2.984391 -0.9125067 1.621134
v -2.973224 -0.9060591 1.669259
v -2.984391 -0.9125067 1.717384
v -3.014901 -0.9301217 1.752614
v -2.950889 -1.059874 1.765509
v -2.974951 -1.101552 1.752614
v -2.992566 -1.132061 1.717384
v -2.999014 -1.143229 1.669259
v -2.992566 -1.132061 1.621134
v -2.974951 -1.101552 1.585904
v -2.950889 -1.059874 1.573009
v -2.926826 -1.018196 1.585904
v -2.909211 -0.9876865 1.621134
v -2.902764 -0.976519 1.669259
v -2.909211 -0.9876865 1.717384
v -2.926826 -1.018196 1.752614
v -2.806514 -1.098559 1.765509
v -2.806514 -1.146684 1.752614
v -2.806514 -1.181914 1.717384
v -2.806514 -1.194809 1.669259
v -2.806514 -1.181914 1.621134
v -2.806514 -1.146684 1.585904
v -2.806514 -1.098559 1.573009
v -2.806514 -1.050434 1.585904
v -2.806514 -1.015204 1.621134
v -2.806514 -1.002309 1.669259
v -2.806514 -1.015204 1.717384
v -2.806514 -1.050434 1.752614
v -2.662139 -1.059874 1.765509
v -2.638076 -1.101551 1.752614
v -2.620461 -1.132061 1.717384
v -2.614014 -1.143229 1.669259
v -2.620461 -1.132061 1.621134
v -2.638076 -1.101551 1.585904
v -2.662139 -1.059874 1.573009
v -2.686201 -1.018196 1.585904
v -2.703816 -0.9876864 1.621134
v -2.710264 -0.976519 1.669259
v -2.703816 -0.9876865 1.717384
v -2.686201 -1.018196 1.752614
v -2.556449 -0.954184 1.765509
v -2.514771 -0.9782465 1.752614
v -2.484261 -0.9958614 1.717384
v -2.473094 -1.002309 1.669259
v -2.484261 -0.9958614 1.621134
v -2.514771 -0.9782465 1.585904
v -2.556449 -0.9541839 1.573009
v -2.598126 -0.9301215 1.585904
v -2.628636 -0.9125065 1.621134
v -2.639804 -0.906059 1.669259
v -2.628636 -0.9125066 1.717384
v -2.598126 -0.9301215 1.752614
v -2.781514 -0.5660591 1.704259
v -2.906514 -0.5995528 1.704259
v -2.906514 -0.5995527 1.204259
v -2.781514 -0.566059 1.204259
v -2.99802 -0.6910591 1.704259
v -2.99802 -0.6910591 1.204259
v -3.031514 -0.8160591 1.704259
v -3.031514 -0.8160591 1.204259
v -2.99802 -0.9410592 1.704259
v -2.99802 -0.9410591 1.204259
v -2.906514 -1.032565 1.704259
v -2.906514 -1.032565 1.204259
v -2.781514 -1.066059 1.704259
v -2.781513 -1.066059 1.204259
v -2.656514 -1.032565 1.704259
v -2.656513 -1.032565 1.204259
v -2.565007 -0.9410591 1.704259
v -2.565007 -0.941059 1.204259
v -2.531514 -0.8160591 1.704259
v -2.531513 -0.816059 1.204259
v -2.565007 -0.6910591 1.704259
v -2.565007 -0.691059 1.204259
v -2.656514 -0.5995526 1.704259
v -2.656514 -0.5995526 1.204259
v -2.645264 -0.8098091 1.753009
v -2.666867 -0.729184 1.753009
v -2.643593 -0.7157466 1.745808
v -2.618389 -0.8098091 1.745808
v -2.626555 -0.7059096 1.726134
v -2.598715 -0.809809 1.726134
v -2.620318 -0.7023091 1.699259
v -2.591514 -0.809809 1.699259
v -2.626555 -0.7059096 1.672384
v -2.598715 -0.809809 1.672384
v -2.643593 -0.7157465 1.65271
v -2.618389 -0.809809 1.65271
v -2.666867 -0.729184 1.645509
v -2.645264 -0.809809 1.645509
v -2.690142 -0.7426215 1.65271
v -2.672139 -0.8098091 1.65271
v -2.70718 -0.7524585 1.672384
v -2.691813 -0.8098091 1.672384
v -2.713416 -0.7560591 1.699259
v -2.699014 -0.8098091 1.699259
v -2.70718 -0.7524585 1.726134
v -2.691813 -0.8098091 1.726134
v -2.690142 -0.7426215 1.745808
v -2.672139 -0.8098091 1.745808
v -2.725889 -0.6701624 1.753009
v -2.712451 -0.646888 1.745808
v -2.702614 -0.62985 1.726134
v -2.699014 -0.6236136 1.699259
v -2.702614 -0.62985 1.672384
v -2.712451 -0.646888 1.65271
v -2.725889 -0.6701624 1.645509
v -2.739326 -0.6934369 1.65271
v -2.749163 -0.710475 1.672384
v -2.752764 -0.7167113 1.699259
v -2.749163 -0.710475 1.726134
v -2.739326 -0.6934369 1.745808
v -2.806514 -0.6485591 1.753009
v -2.806514 -0.6216841 1.745808
v -2.806514 -0.6020103 1.726134
v -2.806514 -0.5948091 1.699259
v -2.806514 -0.6020102 1.672384
v -2.806514 -0.6216841 1.65271
v -2.806514 -0.6485591 1.645509
v -2.806514 -0.6754341 1.65271
v -2.806514 -0.6951079 1.672384
v -2.806514 -0.7023091 1.699259
v -2.806514 -0.6951079 1.726134
v -2.806514 -0.6754341 1.745808
v -2.887139 -0.6701625 1.753009
v -2.900576 -0.6468881 1.745808
v -2.910413 -0.62985 1.726134
v -2.914014 -0.6236137 1.699259
v -2.910413 -0.62985 1.672384
v -2.900576 -0.6468881 1.65271
v -2.887139 -0.6701625 1.645509
v -2.873701 -0.6934369 1.65271
v -2.863864 -0.710475 1.672384
v -2.860264 -0.7167114 1.699259
v -2.863864 -0.710475 1.726134
v -2.873701 -0.6934369 1.745808
v -2.946161 -0.7291841 1.753009
v -2.969435 -0.7157466 1.745808
v -2.986473 -0.7059097 1.726134
v -2.992709 -0.7023091 1.699259
v -2.986473 -0.7059097 1.672384
v -2.969435 -0.7157466 1.65271
v -2.94616 -0.7291841 1.645509
v -2.922886 -0.7426216 1.65271
v -2.905848 -0.7524585 1.672384
v -2.899611 -0.7560591 1.699259
v -2.905848 -0.7524585 1.726134
v -2.922886 -0.7426216 1.745808
v -2.967764 -0.8098091 1.753009
v -2.994639 -0.8098091 1.745808
v -3.014313 -0.8098091 1.726134
v -3.021514 -0.8098091 1.699259
v -3.014313 -0.8098091 1.672384
v -2.994639 -0.8098091 1.65271
v -2.967764 -0.8098091 1.645509
v -2.940889 -0.8098091 1.65271
v -2.921215 -0.8098091 1.672384
v -2.914014 -0.8098091 1.699259
v -2.921215 -0.8098091 1.726134
v -2.940889 -0.8098091 1.745808
v -2.94616 -0.8904341 1.753009
v -2.969435 -0.9038717 1.745808
v -2.986473 -0.9137086 1.726134
v -2.992709 -0.9173092 1.699259
v -2.986473 -0.9137086 1.672384
v -2.969435 -0.9038717 1.65271
v -2.94616 -0.8904341 1.645509
v -2.922886 -0.8769966 1.65271
v -2.905848 -0.8671597 1.672384
v -2.899611 -0.8635591 1.699259
v -2.905848 -0.8671597 1.726134
v -2.922886 -0.8769966 1.745808
v -2.887139 -0.9494557 1.753009
v -2.900576 -0.9727302 1.745808
v -2.910413 -0.9897682 1.726134
v -2.914014 -0.9960046 1.699259
v -2.910413 -0.9897682 1.672384
v -2.900576 -0.9727302 1.65271
v -2.887139 -0.9494557 1.645509
v -2.873701 -0.9261813 1.65271
v -2.863864 -0.9091432 1.672384
v -2.860264 -0.9029068 1.699259
v -2.863864 -0.9091432 1.726134
v -2.873701 -0.9261813 1.745808
v -2.806514 -0.9710591 1.753009
v -2.806514 -0.9979341 1.745808
v -2.806514 -1.017608 1.726134
v -2.806514 -1.024809 1.699259
v -2.806514 -1.017608 1.672384
v -2.806514 -0.9979341 1.65271
v -2.806514 -0.9710591 1.645509
v -2.806514 -0.9441841 1.65271
v -2.806514 -0.9245102 1.672384
v -2.806514 -0.9173091 1.699259
v -2.806514 -0.9245102 1.726134
v -2.806514 -0.9441841 1.745808
v -2.725889 -0.9494557 1.753009
v -2.712451 -0.9727302 1.745808
v -2.702614 -0.9897681 1.726134
v -2.699014 -0.9960046 1.699259
v -2.702614 -0.9897681 1.672384
v -2.712451 -0.9727301 1.65271
v -2.725889 -0.9494557 1.645509
v -2.739326 -0.9261813 1.65271
v -2.749163 -0.9091432 1.672384
v -2.752764 -0.9029068 1.699259
v -2.749163 -0.9091432 1.726134
v -2.739326 -0.9261813 1.745808
v -2.666867 -0.890434 1.753009
v -2.643593 -0.9038715 1.745808
v -2.626554 -0.9137084 1.726134
v -2.620318 -0.917309 1.699259
v -2.626554 -0.9137084 1.672384
v -2.643593 -0.9038715 1.65271
v -2.666867 -0.890434 1.645509
v -2.690141 -0.8769965 1.65271
v -2.70718 -0.8671596 1.672384
v -2.713416 -0.8635591 1.699259
v -2.70718 -0.8671596 1.726134
v -2.690141 -0.8769966 1.745808
v -2.511514 1.043941 -1.075741
v -1.141513 2.273941 -1.075742
v -1.846514 2.263941 -1.075741
v -2.511514 1.183941 -1.075741
v -2.511514 1.043941 -0.8057411
v -2.511514 1.183941 -0.8057411
v -1.846514 2.263941 -0.8057413
v -1.141513 2.273941 -0.8057415
v -1.141514 1.04394 -0.8057413
v -1.141514 1.04394 -1.075741
v -2.471514 1.073941 1.464259
v -1.101513 2.303941 1.464258
v -1.806514 2.293941 1.464259
v -2.471514 1.213941 1.464259
v -2.471514 1.073941 1.734259
v -2.471514 1.213941 1.734259
v -1.806514 2.293941 1.734259
v -1.101513 2.303941 1.734258
v -1.101514 1.073941 1.734259
v -1.101514 1.073941 1.464259
v -1.831514 2.013941 -0.9657414
v -1.121514 2.013941 -0.9657415
v -1.141513 2.273941 -0.8057418
v -1.831514 2.013941 1.464259
v -1.806514 2.293941 1.464259
v -1.101513 2.303941 1.464259
v -1.811514 2.133941 1.324259
v -1.846514 2.263941 -0.8057415
v -1.847425 2.048219 -1.082187
v -1.921514 2.123941 -1.235741
v -1.921514 2.013941 -1.235741
v -2.031514 2.013941 -1.235741
v -2.031514 2.123941 -1.235741
v -1.939488 2.107629 -1.072441
v -1.906961 1.955734 -1.080796
v -1.999023 2.015143 -1.07105
v -1.911514 1.443941 -1.235741
v -1.911514 2.113941 -1.755741
v -1.911514 1.443941 -1.755741
v -2.031514 1.443941 -1.235741
v -2.031514 1.443941 -1.755741
v -2.031514 2.113941 -1.755741
v -2.031514 2.123941 -1.235741
v -1.921514 2.123941 -1.235741
v -0.3508907 -0.9880728 -1.27675
v -0.3170691 -0.8618495 -1.27675
v -0.3535067 -0.8408123 -1.265476
v -0.3929651 -0.9880728 -1.265476
v -0.3801808 -0.8254119 -1.234675
v -0.4237658 -0.9880728 -1.234675
v -0.3899443 -0.8197751 -1.192601
v -0.4350395 -0.9880728 -1.192601
v -0.3801808 -0.825412 -1.150527
v -0.4237658 -0.9880728 -1.150527
v -0.3535067 -0.8408123 -1.119726
v -0.3929651 -0.9880728 -1.119726
v -0.3170692 -0.8618495 -1.108452
v -0.3508907 -0.9880729 -1.108452
v -0.2806317 -0.8828868 -1.119726
v -0.3088162 -0.9880729 -1.119726
v -0.2539576 -0.8982871 -1.150527
v -0.2780157 -0.9880729 -1.150527
v -0.2441941 -0.903924 -1.192601
v -0.2667418 -0.9880729 -1.192601
v -0.2539576 -0.8982871 -1.234675
v -0.2780157 -0.9880729 -1.234675
v -0.2806317 -0.8828868 -1.265476
v -0.3088161 -0.9880729 -1.265476
v -0.2246673 -0.7694477 -1.27675
v -0.2457045 -0.7330101 -1.265476
v -0.2611048 -0.706336 -1.234675
v -0.2667417 -0.6965726 -1.192601
v -0.2611048 -0.706336 -1.150527
v -0.2457045 -0.7330101 -1.119726
v -0.2246673 -0.7694477 -1.108452
v -0.2036301 -0.8058852 -1.119726
v -0.1882298 -0.8325593 -1.150527
v -0.1825929 -0.8423228 -1.192601
v -0.1882298 -0.8325593 -1.234675
v -0.20363 -0.8058851 -1.265476
v -0.09844393 -0.7356262 -1.27675
v -0.09844393 -0.6935518 -1.265476
v -0.0984439 -0.6627511 -1.234675
v -0.09844393 -0.6514775 -1.192601
v -0.09844393 -0.6627512 -1.150526
v -0.09844396 -0.6935518 -1.119726
v -0.09844396 -0.7356263 -1.108452
v -0.09844398 -0.7777008 -1.119726
v -0.09844398 -0.8085013 -1.150527
v -0.09844398 -0.8197752 -1.192601
v -0.09844396 -0.8085013 -1.234675
v -0.09844396 -0.7777008 -1.265476
v 0.02777937 -0.7694478 -1.27675
v 0.04881664 -0.7330102 -1.265476
v 0.06421694 -0.7063361 -1.234675
v 0.0698538 -0.6965727 -1.192601
v 0.06421693 -0.7063361 -1.150526
v 0.04881661 -0.7330102 -1.119726
v 0.02777934 -0.7694478 -1.108452
v 0.00674206 -0.8058853 -1.119726
v -0.008658171 -0.8325594 -1.150527
v -0.0142951 -0.8423228 -1.192601
v -0.008658171 -0.8325594 -1.234675
v 0.00674215 -0.8058852 -1.265476
v 0.1201812 -0.8618497 -1.27675
v 0.1566188 -0.8408124 -1.265476
v 0.1832928 -0.8254122 -1.234675
v 0.1930563 -0.8197753 -1.192601
v 0.1832928 -0.8254122 -1.150526
v 0.1566187 -0.8408124 -1.119726
v 0.1201811 -0.8618497 -1.108452
v 0.08374369 -0.8828869 -1.119726
v 0.05706953 -0.8982872 -1.150527
v 0.04730611 -0.9039241 -1.192601
v 0.05706954 -0.8982872 -1.234675
v 0.08374371 -0.8828869 -1.265476
v 0.1540026 -0.9880731 -1.27675
v 0.196077 -0.9880731 -1.265476
v 0.2268777 -0.9880731 -1.234675
v 0.2381514 -0.9880731 -1.192601
v 0.2268777 -0.9880731 -1.150526
v 0.196077 -0.9880731 -1.119726
v 0.1540026 -0.9880731 -1.108452
v 0.1119281 -0.9880731 -1.119726
v 0.08112755 -0.988073 -1.150527
v 0.06985368 -0.988073 -1.192601
v 0.08112755 -0.988073 -1.234675
v 0.1119281 -0.988073 -1.265476
v 0.1201811 -1.114296 -1.27675
v 0.1566187 -1.135334 -1.265476
v 0.1832927 -1.150734 -1.234675
v 0.1930561 -1.156371 -1.192601
v 0.1832927 -1.150734 -1.150527
v 0.1566186 -1.135334 -1.119726
v 0.120181 -1.114296 -1.108452
v 0.08374359 -1.093259 -1.119726
v 0.05706942 -1.077859 -1.150527
v 0.04730605 -1.072222 -1.192601
v 0.05706944 -1.077859 -1.234675
v 0.08374363 -1.093259 -1.265476
v 0.02777918 -1.206698 -1.27675
v 0.04881641 -1.243136 -1.265476
v 0.0642167 -1.26981 -1.234675
v 0.06985357 -1.279573 -1.192601
v 0.06421669 -1.26981 -1.150527
v 0.04881638 -1.243136 -1.119726
v 0.02777915 -1.206698 -1.108452
v 0.006741941 -1.170261 -1.119726
v -0.00865832 -1.143587 -1.150527
v -0.01429522 -1.133823 -1.192601
v -0.00865829 -1.143587 -1.234675
v 0.006741971 -1.170261 -1.265476
v -0.09844413 -1.24052 -1.27675
v -0.09844413 -1.282594 -1.265476
v -0.09844416 -1.313395 -1.234675
v -0.09844416 -1.324668 -1.192601
v -0.09844416 -1.313395 -1.150527
v -0.09844416 -1.282594 -1.119726
v -0.09844416 -1.24052 -1.108452
v -0.09844413 -1.198445 -1.119726
v -0.0984441 -1.167645 -1.150527
v -0.0984441 -1.156371 -1.192601
v -0.0984441 -1.167645 -1.234675
v -0.0984441 -1.198445 -1.265476
v -0.2246674 -1.206698 -1.27675
v -0.2457047 -1.243136 -1.265476
v -0.261105 -1.26981 -1.234675
v -0.2667419 -1.279573 -1.192601
v -0.261105 -1.26981 -1.150527
v -0.2457047 -1.243136 -1.119726
v -0.2246674 -1.206698 -1.108452
v -0.2036302 -1.170261 -1.119726
v -0.1882299 -1.143587 -1.150527
v -0.182593 -1.133823 -1.192601
v -0.1882299 -1.143586 -1.234675
v -0.2036301 -1.170261 -1.265476
v -0.3170693 -1.114296 -1.27675
v -0.3535069 -1.135333 -1.265476
v -0.380181 -1.150734 -1.234675
v -0.3899444 -1.156371 -1.192601
v -0.380181 -1.150734 -1.150527
v -0.3535069 -1.135333 -1.119726
v -0.3170693 -1.114296 -1.108452
v -0.2806318 -1.093259 -1.119726
v -0.2539576 -1.077859 -1.150527
v -0.2441942 -1.072222 -1.192601
v -0.2539576 -1.077859 -1.234675
v -0.2806318 -1.093259 -1.265476
v -0.268918 -0.9873476 -1.25136
v -0.2464676 -0.9035614 -1.25136
v -0.2706546 -0.8895971 -1.243877
v -0.2968468 -0.9873476 -1.243877
v -0.2883607 -0.8793744 -1.223431
v -0.317292 -0.9873476 -1.223431
v -0.2948415 -0.8756327 -1.195503
v -0.3247755 -0.9873476 -1.195503
v -0.2883607 -0.8793744 -1.167574
v -0.317292 -0.9873476 -1.167574
v -0.2706546 -0.8895971 -1.147129
v -0.2968468 -0.9873476 -1.147129
v -0.2464676 -0.9035615 -1.139645
v -0.268918 -0.9873476 -1.139645
v -0.2222806 -0.9175258 -1.147129
v -0.2409893 -0.9873476 -1.147129
v -0.2045745 -0.9277484 -1.167574
v -0.2205441 -0.9873476 -1.167574
v -0.1980936 -0.9314902 -1.195503
v -0.2130606 -0.9873476 -1.195503
v -0.2045745 -0.9277484 -1.223431
v -0.2205441 -0.9873476 -1.223431
v -0.2222806 -0.9175258 -1.243877
v -0.2409893 -0.9873476 -1.243877
v -0.1851318 -0.8422257 -1.25136
v -0.1990962 -0.8180387 -1.243877
v -0.2093188 -0.8003326 -1.223431
v -0.2130605 -0.7938518 -1.195503
v -0.2093188 -0.8003326 -1.167574
v -0.1990962 -0.8180387 -1.147129
v -0.1851318 -0.8422257 -1.139645
v -0.1711675 -0.8664128 -1.147129
v -0.1609449 -0.8841188 -1.167574
v -0.1572031 -0.8905997 -1.195503
v -0.1609449 -0.8841188 -1.223431
v -0.1711675 -0.8664127 -1.243877
v -0.1013457 -0.8197753 -1.25136
v -0.1013456 -0.7918465 -1.243877
v -0.1013456 -0.7714013 -1.223431
v -0.1013456 -0.7639179 -1.195503
v -0.1013456 -0.7714013 -1.167574
v -0.1013456 -0.7918466 -1.147129
v -0.1013457 -0.8197753 -1.139645
v -0.1013457 -0.8477041 -1.147129
v -0.1013457 -0.8681493 -1.167574
v -0.1013457 -0.8756328 -1.195503
v -0.1013457 -0.8681493 -1.223431
v -0.1013457 -0.847704 -1.243877
v -0.01755947 -0.8422258 -1.25136
v -0.003595084 -0.8180388 -1.243877
v 0.00662753 -0.8003327 -1.223431
v 0.01036927 -0.7938519 -1.195503
v 0.00662753 -0.8003327 -1.167574
v -0.003595084 -0.8180388 -1.147129
v -0.01755947 -0.8422258 -1.139645
v -0.03152385 -0.8664128 -1.147129
v -0.0417465 -0.8841189 -1.167574
v -0.04548824 -0.8905997 -1.195503
v -0.0417465 -0.8841189 -1.223431
v -0.03152385 -0.8664128 -1.243877
v 0.0437762 -0.9035615 -1.25136
v 0.06796318 -0.8895971 -1.243877
v 0.08566929 -0.8793745 -1.223431
v 0.09215015 -0.8756328 -1.195503
v 0.08566929 -0.8793746 -1.167574
v 0.06796318 -0.8895972 -1.147129
v 0.0437762 -0.9035615 -1.139645
v 0.0195892 -0.9175259 -1.147129
v 0.001883119 -0.9277485 -1.167574
v -0.004597783 -0.9314902 -1.195503
v 0.001883119 -0.9277485 -1.223431
v 0.01958922 -0.9175259 -1.243877
v 0.0662266 -0.9873477 -1.25136
v 0.09415537 -0.9873477 -1.243877
v 0.1146006 -0.9873477 -1.223431
v 0.1220841 -0.9873478 -1.195503
v 0.1146006 -0.9873478 -1.167574
v 0.09415537 -0.9873478 -1.147129
v 0.0662266 -0.9873477 -1.139645
v 0.03829788 -0.9873477 -1.147129
v 0.01785266 -0.9873477 -1.167574
v 0.01036917 -0.9873477 -1.195503
v 0.01785266 -0.9873477 -1.223431
v 0.03829791 -0.9873477 -1.243877
v 0.04377612 -1.071134 -1.25136
v 0.06796309 -1.085098 -1.243877
v 0.0856692 -1.095321 -1.223431
v 0.09215005 -1.099063 -1.195503
v 0.0856692 -1.095321 -1.167574
v 0.06796309 -1.085098 -1.147129
v 0.04377612 -1.071134 -1.139645
v 0.01958916 -1.05717 -1.147129
v 0.00188303 -1.046947 -1.167574
v -0.004597843 -1.043205 -1.195503
v 0.00188303 -1.046947 -1.223431
v 0.01958916 -1.05717 -1.243877
v -0.01755962 -1.13247 -1.25136
v -0.003595233 -1.156657 -1.243877
v 0.006627381 -1.174363 -1.223431
v 0.01036909 -1.180844 -1.195503
v 0.006627381 -1.174363 -1.167574
v -0.003595233 -1.156657 -1.147129
v -0.01755962 -1.13247 -1.139645
v -0.03152397 -1.108283 -1.147129
v -0.04174656 -1.090577 -1.167574
v -0.04548833 -1.084096 -1.195503
v -0.04174656 -1.090577 -1.223431
v -0.03152397 -1.108283 -1.243877
v -0.1013458 -1.15492 -1.25136
v -0.1013458 -1.182849 -1.243877
v -0.1013458 -1.203294 -1.223431
v -0.1013458 -1.210778 -1.195503
v -0.1013458 -1.203294 -1.167574
v -0.1013458 -1.182849 -1.147129
v -0.1013458 -1.15492 -1.139645
v -0.1013458 -1.126991 -1.147129
v -0.1013457 -1.106546 -1.167574
v -0.1013457 -1.099063 -1.195503
v -0.1013457 -1.106546 -1.223431
v -0.1013458 -1.126991 -1.243877
v -0.1851319 -1.13247 -1.25136
v -0.1990963 -1.156657 -1.243877
v -0.2093189 -1.174363 -1.223431
v -0.2130606 -1.180843 -1.195503
v -0.2093189 -1.174363 -1.167574
v -0.1990963 -1.156657 -1.147129
v -0.1851319 -1.13247 -1.139645
v -0.1711676 -1.108283 -1.147129
v -0.1609449 -1.090577 -1.167574
v -0.1572032 -1.084096 -1.195503
v -0.1609449 -1.090577 -1.223431
v -0.1711676 -1.108283 -1.243877
v -0.2464676 -1.071134 -1.25136
v -0.2706547 -1.085098 -1.243877
v -0.2883608 -1.095321 -1.223431
v -0.2948416 -1.099062 -1.195503
v -0.2883608 -1.095321 -1.167574
v -0.2706547 -1.085098 -1.147129
v -0.2464676 -1.071134 -1.139645
v -0.2222807 -1.057169 -1.147129
v -0.2045746 -1.046947 -1.167574
v -0.1980937 -1.043205 -1.195503
v -0.2045746 -1.046947 -1.223431
v -0.2222807 -1.057169 -1.243877
v -0.1158541 -0.8458904 -1.215815
v -0.04331201 -0.8653281 -1.215815
v -0.04331207 -0.8653281 -0.925646
v -0.1158542 -0.8458905 -0.925646
v 0.009792522 -0.9184326 -1.215815
v 0.009792477 -0.9184327 -0.925646
v 0.02923009 -0.9909748 -1.215815
v 0.02923003 -0.9909748 -0.925646
v 0.009792462 -1.063517 -1.215815
v 0.009792417 -1.063517 -0.9256461
v -0.04331207 -1.116621 -1.215815
v -0.04331213 -1.116621 -0.9256461
v -0.1158542 -1.136059 -1.215815
v -0.1158543 -1.136059 -0.9256461
v -0.1883964 -1.116621 -1.215815
v -0.1883964 -1.116621 -0.9256461
v -0.2415009 -1.063517 -1.215815
v -0.2415009 -1.063517 -0.9256461
v -0.2609385 -0.9909747 -1.215815
v -0.2609385 -0.9909747 -0.9256461
v -0.2415009 -0.9184325 -1.215815
v -0.2415009 -0.9184326 -0.9256461
v -0.1883962 -0.865328 -1.215815
v -0.1883963 -0.865328 -0.9256461
v -0.1949251 -0.9873476 -1.244106
v -0.1823878 -0.940558 -1.244106
v -0.1958948 -0.9327596 -1.239927
v -0.2105216 -0.9873476 -1.239927
v -0.2057826 -0.9270509 -1.228509
v -0.2219391 -0.9873476 -1.228509
v -0.2094018 -0.9249614 -1.212913
v -0.2261182 -0.9873476 -1.212913
v -0.2057826 -0.9270509 -1.197316
v -0.2219391 -0.9873476 -1.197316
v -0.1958948 -0.9327596 -1.185899
v -0.2105216 -0.9873476 -1.185899
v -0.1823878 -0.940558 -1.18172
v -0.1949251 -0.9873477 -1.18172
v -0.1688808 -0.9483563 -1.185899
v -0.1793285 -0.9873477 -1.185899
v -0.1589929 -0.954065 -1.197316
v -0.167911 -0.9873477 -1.197316
v -0.1553738 -0.9561545 -1.212913
v -0.163732 -0.9873477 -1.212913
v -0.1589929 -0.954065 -1.228509
v -0.167911 -0.9873477 -1.228509
v -0.1688808 -0.9483562 -1.239927
v -0.1793285 -0.9873476 -1.239927
v -0.1481354 -0.9063056 -1.244106
v -0.1559336 -0.8927985 -1.239927
v -0.1616424 -0.8829107 -1.228509
v -0.1637319 -0.8792915 -1.212913
v -0.1616424 -0.8829107 -1.197316
v -0.1559336 -0.8927985 -1.185899
v -0.1481354 -0.9063056 -1.18172
v -0.1403371 -0.9198126 -1.185899
v -0.1346284 -0.9297004 -1.197316
v -0.1325388 -0.9333196 -1.212913
v -0.1346284 -0.9297004 -1.228509
v -0.1403371 -0.9198126 -1.239927
v -0.1013457 -0.8937683 -1.244106
v -0.1013457 -0.8781717 -1.239927
v -0.1013457 -0.8667542 -1.228509
v -0.1013457 -0.8625752 -1.212913
v -0.1013457 -0.8667542 -1.197316
v -0.1013457 -0.8781717 -1.185899
v -0.1013457 -0.8937683 -1.18172
v -0.1013457 -0.9093649 -1.185899
v -0.1013457 -0.9207823 -1.197316
v -0.1013457 -0.9249614 -1.212913
v -0.1013457 -0.9207823 -1.228509
v -0.1013457 -0.9093648 -1.239927
v -0.05455601 -0.9063056 -1.244106
v -0.04675773 -0.8927985 -1.239927
v -0.04104897 -0.8829107 -1.228509
v -0.03895941 -0.8792915 -1.212913
v -0.04104897 -0.8829107 -1.197316
v -0.04675773 -0.8927985 -1.185899
v -0.05455601 -0.9063056 -1.18172
v -0.0623543 -0.9198126 -1.185899
v -0.06806302 -0.9297004 -1.197316
v -0.07015255 -0.9333196 -1.212913
v -0.06806302 -0.9297004 -1.228509
v -0.06235427 -0.9198126 -1.239927
v -0.02030361 -0.940558 -1.244106
v -0.006796569 -0.9327597 -1.239927
v 0.003091216 -0.927051 -1.228509
v 0.00671041 -0.9249614 -1.212913
v 0.003091216 -0.927051 -1.197316
v -0.006796569 -0.9327598 -1.185899
v -0.02030361 -0.940558 -1.18172
v -0.03381065 -0.9483563 -1.185899
v -0.04369846 -0.954065 -1.197316
v -0.04731765 -0.9561545 -1.212913
v -0.04369846 -0.954065 -1.228509
v -0.03381062 -0.9483563 -1.239927
v -0.007766366 -0.9873477 -1.244106
v 0.007830203 -0.9873477 -1.239927
v 0.01924768 -0.9873477 -1.228509
v 0.02342677 -0.9873477 -1.212913
v 0.01924768 -0.9873477 -1.197316
v 0.007830203 -0.9873477 -1.185899
v -0.007766366 -0.9873477 -1.18172
v -0.02336293 -0.9873477 -1.185899
v -0.03478041 -0.9873477 -1.197316
v -0.03895947 -0.9873477 -1.212913
v -0.03478041 -0.9873477 -1.228509
v -0.0233629 -0.9873477 -1.239927
v -0.02030361 -1.034137 -1.244106
v -0.006796628 -1.041936 -1.239927
v 0.003091186 -1.047644 -1.228509
v 0.006710351 -1.049734 -1.212913
v 0.003091186 -1.047644 -1.197316
v -0.006796628 -1.041936 -1.185899
v -0.02030364 -1.034137 -1.18172
v -0.03381068 -1.026339 -1.185899
v -0.04369849 -1.02063 -1.197316
v -0.04731768 -1.018541 -1.212913
v -0.04369849 -1.02063 -1.228509
v -0.03381065 -1.026339 -1.239927
v -0.05455607 -1.06839 -1.244106
v -0.04675779 -1.081897 -1.239927
v -0.04104906 -1.091785 -1.228509
v -0.03895953 -1.095404 -1.212913
v -0.04104906 -1.091785 -1.197316
v -0.04675779 -1.081897 -1.185899
v -0.05455607 -1.06839 -1.18172
v -0.06235436 -1.054883 -1.185899
v -0.06806308 -1.044995 -1.197316
v -0.07015261 -1.041376 -1.212913
v -0.06806308 -1.044995 -1.228509
v -0.06235433 -1.054883 -1.239927
v -0.1013457 -1.080927 -1.244106
v -0.1013457 -1.096524 -1.239927
v -0.1013457 -1.107941 -1.228509
v -0.1013458 -1.11212 -1.212913
v -0.1013458 -1.107941 -1.197316
v -0.1013457 -1.096524 -1.185899
v -0.1013457 -1.080927 -1.18172
v -0.1013457 -1.065331 -1.185899
v -0.1013457 -1.053913 -1.197316
v -0.1013457 -1.049734 -1.212913
v -0.1013457 -1.053913 -1.228509
v -0.1013457 -1.065331 -1.239927
v -0.1481354 -1.06839 -1.244106
v -0.1559337 -1.081897 -1.239927
v -0.1616425 -1.091785 -1.228509
v -0.163732 -1.095404 -1.212913
v -0.1616425 -1.091785 -1.197316
v -0.1559337 -1.081897 -1.185899
v -0.1481354 -1.06839 -1.18172
v -0.1403371 -1.054883 -1.185899
v -0.1346284 -1.044995 -1.197316
v -0.1325389 -1.041376 -1.212913
v -0.1346284 -1.044995 -1.228509
v -0.1403371 -1.054883 -1.239927
v -0.1823878 -1.034137 -1.244106
v -0.1958949 -1.041936 -1.239927
v -0.2057827 -1.047644 -1.228509
v -0.2094019 -1.049734 -1.212913
v -0.2057827 -1.047644 -1.197316
v -0.1958949 -1.041936 -1.185899
v -0.1823879 -1.034137 -1.18172
v -0.1688808 -1.026339 -1.185899
v -0.158993 -1.02063 -1.197316
v -0.1553738 -1.018541 -1.212913
v -0.158993 -1.02063 -1.228509
v -0.1688809 -1.026339 -1.239927
v 2.389071 -0.9773474 -1.24913
v 2.411521 -0.8935612 -1.24913
v 2.387334 -0.8795968 -1.241646
v 2.361142 -0.9773473 -1.241646
v 2.369628 -0.8693742 -1.221201
v 2.340697 -0.9773473 -1.221201
v 2.363147 -0.8656325 -1.193272
v 2.333213 -0.9773473 -1.193272
v 2.369628 -0.8693742 -1.165344
v 2.340697 -0.9773474 -1.165344
v 2.387334 -0.8795968 -1.144898
v 2.361142 -0.9773474 -1.144898
v 2.411521 -0.8935612 -1.137415
v 2.389071 -0.9773474 -1.137415
v 2.435708 -0.9075257 -1.144898
v 2.416999 -0.9773474 -1.144898
v 2.453414 -0.9177482 -1.165344
v 2.437444 -0.9773474 -1.165344
v 2.459895 -0.92149 -1.193272
v 2.444928 -0.9773474 -1.193272
v 2.453414 -0.9177482 -1.221201
v 2.437444 -0.9773474 -1.221201
v 2.435708 -0.9075255 -1.241646
v 2.416999 -0.9773474 -1.241646
v 2.472857 -0.8322255 -1.24913
v 2.458892 -0.8080385 -1.241646
v 2.44867 -0.7903324 -1.221201
v 2.444928 -0.7838516 -1.193272
v 2.44867 -0.7903324 -1.165344
v 2.458892 -0.8080385 -1.144898
v 2.472857 -0.8322256 -1.137415
v 2.486821 -0.8564125 -1.144898
v 2.497044 -0.8741186 -1.165344
v 2.500785 -0.8805995 -1.193272
v 2.497044 -0.8741186 -1.221201
v 2.486821 -0.8564125 -1.241646
v 2.556643 -0.8097751 -1.24913
v 2.556643 -0.7818463 -1.241646
v 2.556643 -0.7614011 -1.221201
v 2.556643 -0.7539177 -1.193272
v 2.556643 -0.7614012 -1.165344
v 2.556643 -0.7818464 -1.144898
v 2.556643 -0.8097752 -1.137415
v 2.556643 -0.8377039 -1.144898
v 2.556643 -0.8581491 -1.165344
v 2.556643 -0.8656326 -1.193272
v 2.556643 -0.8581491 -1.221201
v 2.556643 -0.8377038 -1.241646
v 2.640429 -0.8322256 -1.24913
v 2.654393 -0.8080387 -1.241646
v 2.664616 -0.7903326 -1.221201
v 2.668358 -0.7838517 -1.193272
v 2.664616 -0.7903326 -1.165344
v 2.654393 -0.8080387 -1.144898
v 2.640429 -0.8322257 -1.137415
v 2.626465 -0.8564126 -1.144898
v 2.616242 -0.8741187 -1.165344
v 2.6125 -0.8805996 -1.193272
v 2.616242 -0.8741187 -1.221201
v 2.626465 -0.8564126 -1.241646
v 2.701765 -0.8935614 -1.24913
v 2.725952 -0.879597 -1.241646
v 2.743658 -0.8693744 -1.221201
v 2.750139 -0.8656327 -1.193272
v 2.743658 -0.8693745 -1.165344
v 2.725952 -0.8795971 -1.144898
v 2.701765 -0.8935614 -1.137415
v 2.677578 -0.9075258 -1.144898
v 2.659872 -0.9177484 -1.165344
v 2.653391 -0.9214901 -1.193272
v 2.659872 -0.9177483 -1.221201
v 2.677578 -0.9075257 -1.241646
v 2.724215 -0.9773476 -1.24913
v 2.752144 -0.9773476 -1.241646
v 2.772589 -0.9773477 -1.221201
v 2.780072 -0.9773477 -1.193272
v 2.772589 -0.9773477 -1.165344
v 2.752144 -0.9773477 -1.144898
v 2.724215 -0.9773477 -1.137415
v 2.696286 -0.9773476 -1.144898
v 2.675841 -0.9773476 -1.165344
v 2.668358 -0.9773476 -1.193272
v 2.675841 -0.9773476 -1.221201
v 2.696286 -0.9773476 -1.241646
v 2.701765 -1.061134 -1.24913
v 2.725951 -1.075098 -1.241646
v 2.743658 -1.085321 -1.221201
v 2.750139 -1.089063 -1.193272
v 2.743658 -1.085321 -1.165344
v 2.725951 -1.075098 -1.144898
v 2.701765 -1.061134 -1.137415
v 2.677578 -1.047169 -1.144898
v 2.659872 -1.036947 -1.165344
v 2.653391 -1.033205 -1.193272
v 2.659872 -1.036947 -1.221201
v 2.677578 -1.047169 -1.241646
v 2.640429 -1.122469 -1.24913
v 2.654393 -1.146656 -1.241646
v 2.664616 -1.164363 -1.221201
v 2.668358 -1.170843 -1.193272
v 2.664616 -1.164363 -1.165344
v 2.654393 -1.146657 -1.144899
v 2.640429 -1.12247 -1.137415
v 2.626465 -1.098282 -1.144898
v 2.616242 -1.080576 -1.165344
v 2.6125 -1.074095 -1.193272
v 2.616242 -1.080576 -1.221201
v 2.626465 -1.098282 -1.241646
v 2.556643 -1.14492 -1.24913
v 2.556643 -1.172849 -1.241646
v 2.556643 -1.193294 -1.221201
v 2.556643 -1.200777 -1.193272
v 2.556643 -1.193294 -1.165344
v 2.556643 -1.172849 -1.144899
v 2.556643 -1.14492 -1.137415
v 2.556643 -1.116991 -1.144899
v 2.556643 -1.096546 -1.165344
v 2.556643 -1.089062 -1.193272
v 2.556643 -1.096546 -1.221201
v 2.556643 -1.116991 -1.241646
v 2.472857 -1.122469 -1.24913
v 2.458892 -1.146656 -1.241646
v 2.448669 -1.164362 -1.221201
v 2.444928 -1.170843 -1.193272
v 2.448669 -1.164362 -1.165344
v 2.458892 -1.146656 -1.144899
v 2.472857 -1.122469 -1.137415
v 2.486821 -1.098282 -1.144898
v 2.497044 -1.080576 -1.165344
v 2.500785 -1.074095 -1.193272
v 2.497044 -1.080576 -1.221201
v 2.486821 -1.098282 -1.241646
v 2.411521 -1.061134 -1.24913
v 2.387334 -1.075098 -1.241646
v 2.369628 -1.08532 -1.221201
v 2.363147 -1.089062 -1.193272
v 2.369628 -1.08532 -1.165344
v 2.387334 -1.075098 -1.144898
v 2.411521 -1.061134 -1.137415
v 2.435708 -1.047169 -1.144898
v 2.453414 -1.036947 -1.165344
v 2.459895 -1.033205 -1.193272
v 2.453414 -1.036947 -1.221201
v 2.435708 -1.047169 -1.241646
v 2.307098 -0.9780726 -1.27452
v 2.34092 -0.8518493 -1.27452
v 2.304482 -0.830812 -1.263246
v 2.265024 -0.9780726 -1.263246
v 2.277808 -0.8154117 -1.232445
v 2.234223 -0.9780726 -1.232445
v 2.268045 -0.8097749 -1.190371
v 2.22295 -0.9780726 -1.190371
v 2.277808 -0.8154117 -1.148296
v 2.234223 -0.9780726 -1.148296
v 2.304482 -0.8308121 -1.117496
v 2.265024 -0.9780726 -1.117496
v 2.34092 -0.8518494 -1.106222
v 2.307098 -0.9780727 -1.106222
v 2.377357 -0.8728867 -1.117496
v 2.349173 -0.9780727 -1.117496
v 2.404031 -0.8882869 -1.148296
v 2.379973 -0.9780727 -1.148296
v 2.413795 -0.8939239 -1.190371
v 2.391247 -0.9780727 -1.190371
v 2.404031 -0.8882869 -1.232445
v 2.379973 -0.9780727 -1.232445
v 2.377357 -0.8728866 -1.263246
v 2.349173 -0.9780726 -1.263246
v 2.433322 -0.7594475 -1.274519
v 2.412284 -0.7230099 -1.263246
v 2.396884 -0.6963358 -1.232445
v 2.391247 -0.6865724 -1.190371
v 2.396884 -0.6963359 -1.148296
v 2.412284 -0.7230099 -1.117496
v 2.433322 -0.7594476 -1.106222
v 2.454359 -0.7958851 -1.117496
v 2.469759 -0.8225592 -1.148296
v 2.475396 -0.8323226 -1.190371
v 2.469759 -0.8225592 -1.232445
v 2.454359 -0.795885 -1.263246
v 2.559545 -0.7256261 -1.274519
v 2.559545 -0.6835517 -1.263246
v 2.559545 -0.652751 -1.232445
v 2.559545 -0.6414773 -1.190371
v 2.559545 -0.6527511 -1.148296
v 2.559545 -0.6835517 -1.117496
v 2.559545 -0.7256262 -1.106222
v 2.559545 -0.7677007 -1.117496
v 2.559545 -0.7985013 -1.148296
v 2.559545 -0.8097751 -1.190371
v 2.559545 -0.7985012 -1.232445
v 2.559545 -0.7677006 -1.263246
v 2.685768 -0.7594477 -1.274519
v 2.706805 -0.7230101 -1.263246
v 2.722206 -0.6963361 -1.232445
v 2.727843 -0.6865727 -1.190371
v 2.722206 -0.6963362 -1.148296
v 2.706805 -0.7230102 -1.117496
v 2.685768 -0.7594478 -1.106222
v 2.664731 -0.7958852 -1.117496
v 2.649331 -0.8225594 -1.148296
v 2.643694 -0.8323227 -1.190371
v 2.649331 -0.8225593 -1.232445
v 2.664731 -0.7958851 -1.263246
v 2.77817 -0.8518496 -1.274519
v 2.814608 -0.8308123 -1.263246
v 2.841282 -0.8154121 -1.232445
v 2.851045 -0.8097752 -1.190371
v 2.841282 -0.8154122 -1.148296
v 2.814608 -0.8308125 -1.117496
v 2.77817 -0.8518497 -1.106222
v 2.741733 -0.8728869 -1.117496
v 2.715058 -0.8882871 -1.148296
v 2.705295 -0.893924 -1.190371
v 2.715058 -0.8882871 -1.232445
v 2.741733 -0.8728868 -1.263246
v 2.811991 -0.978073 -1.27452
v 2.854066 -0.978073 -1.263246
v 2.884866 -0.9780731 -1.232445
v 2.89614 -0.9780731 -1.190371
v 2.884866 -0.9780731 -1.148296
v 2.854066 -0.9780731 -1.117496
v 2.811991 -0.9780731 -1.106222
v 2.769917 -0.978073 -1.117496
v 2.739116 -0.978073 -1.148296
v 2.727843 -0.9780729 -1.190371
v 2.739116 -0.9780729 -1.232445
v 2.769917 -0.9780729 -1.263246
v 2.77817 -1.104296 -1.27452
v 2.814607 -1.125334 -1.263246
v 2.841281 -1.140734 -1.232445
v 2.851045 -1.146371 -1.190371
v 2.841281 -1.140734 -1.148296
v 2.814607 -1.125334 -1.117496
v 2.77817 -1.104296 -1.106222
v 2.741732 -1.083259 -1.117496
v 2.715058 -1.067859 -1.148296
v 2.705295 -1.062222 -1.190371
v 2.715058 -1.067859 -1.232445
v 2.741732 -1.083259 -1.263246
v 2.685768 -1.196698 -1.27452
v 2.706805 -1.233136 -1.263246
v 2.722205 -1.25981 -1.232445
v 2.727842 -1.269573 -1.190371
v 2.722205 -1.25981 -1.148296
v 2.706805 -1.233136 -1.117496
v 2.685768 -1.196698 -1.106222
v 2.664731 -1.160261 -1.117496
v 2.64933 -1.133586 -1.148296
v 2.643693 -1.123823 -1.190371
v 2.64933 -1.133586 -1.232445
v 2.664731 -1.160261 -1.263246
v 2.559545 -1.230519 -1.27452
v 2.559545 -1.272594 -1.263246
v 2.559545 -1.303395 -1.232445
v 2.559545 -1.314668 -1.190371
v 2.559545 -1.303395 -1.148296
v 2.559545 -1.272594 -1.117496
v 2.559545 -1.23052 -1.106222
v 2.559545 -1.188445 -1.117496
v 2.559545 -1.157645 -1.148296
v 2.559545 -1.146371 -1.190371
v 2.559545 -1.157644 -1.232445
v 2.559545 -1.188445 -1.263246
v 2.433321 -1.196698 -1.27452
v 2.412284 -1.233135 -1.263246
v 2.396884 -1.25981 -1.232445
v 2.391247 -1.269573 -1.190371
v 2.396884 -1.25981 -1.148296
v 2.412284 -1.233136 -1.117496
v 2.433321 -1.196698 -1.106222
v 2.454359 -1.160261 -1.117496
v 2.469759 -1.133586 -1.148296
v 2.475396 -1.123823 -1.190371
v 2.469759 -1.133586 -1.232445
v 2.454359 -1.16026 -1.263246
v 2.340919 -1.104296 -1.27452
v 2.304482 -1.125333 -1.263246
v 2.277808 -1.140733 -1.232445
v 2.268044 -1.14637 -1.190371
v 2.277808 -1.140733 -1.148296
v 2.304482 -1.125333 -1.117496
v 2.340919 -1.104296 -1.106222
v 2.377357 -1.083259 -1.117496
v 2.404031 -1.067858 -1.148296
v 2.413795 -1.062222 -1.190371
v 2.404031 -1.067858 -1.232445
v 2.377357 -1.083259 -1.263246
v 2.542134 -0.8358904 -1.213584
v 2.614676 -0.8553281 -1.213584
v 2.614676 -0.8553283 -0.9234155
v 2.542134 -0.8358906 -0.9234155
v 2.667781 -0.9084327 -1.213584
v 2.667781 -0.9084328 -0.9234156
v 2.687218 -0.9809749 -1.213584
v 2.687218 -0.980975 -0.9234156
v 2.667781 -1.053517 -1.213584
v 2.667781 -1.053517 -0.9234157
v 2.614676 -1.106622 -1.213584
v 2.614676 -1.106622 -0.9234157
v 2.542134 -1.126059 -1.213584
v 2.542134 -1.126059 -0.9234157
v 2.469592 -1.106621 -1.213584
v 2.469592 -1.106622 -0.9234157
v 2.416487 -1.053517 -1.213584
v 2.416487 -1.053517 -0.9234157
v 2.39705 -0.9809746 -1.213584
v 2.39705 -0.9809748 -0.9234157
v 2.416487 -0.9084325 -1.213584
v 2.416487 -0.9084327 -0.9234157
v 2.469592 -0.855328 -1.213584
v 2.469592 -0.8553281 -0.9234156
v 2.463063 -0.9773474 -1.241876
v 2.475601 -0.9305577 -1.241876
v 2.462094 -0.9227595 -1.237697
v 2.447467 -0.9773474 -1.237697
v 2.452206 -0.9170507 -1.226279
v 2.436049 -0.9773474 -1.226279
v 2.448587 -0.9149612 -1.210683
v 2.43187 -0.9773474 -1.210683
v 2.452206 -0.9170507 -1.195086
v 2.436049 -0.9773474 -1.195086
v 2.462094 -0.9227595 -1.183668
v 2.447467 -0.9773474 -1.183668
v 2.475601 -0.9305578 -1.179489
v 2.463063 -0.9773474 -1.179489
v 2.489108 -0.938356 -1.183668
v 2.47866 -0.9773474 -1.183668
v 2.498996 -0.9440648 -1.195086
v 2.490077 -0.9773474 -1.195086
v 2.502615 -0.9461544 -1.210683
v 2.494256 -0.9773474 -1.210683
v 2.498996 -0.9440648 -1.226279
v 2.490077 -0.9773474 -1.226279
v 2.489108 -0.938356 -1.237697
v 2.47866 -0.9773474 -1.237697
v 2.509853 -0.8963053 -1.241876
v 2.502055 -0.8827983 -1.237697
v 2.496346 -0.8729105 -1.226279
v 2.494256 -0.8692913 -1.210683
v 2.496346 -0.8729105 -1.195086
v 2.502055 -0.8827983 -1.183668
v 2.509853 -0.8963054 -1.179489
v 2.517651 -0.9098124 -1.183668
v 2.52336 -0.9197002 -1.195086
v 2.52545 -0.9233194 -1.210683
v 2.52336 -0.9197002 -1.226279
v 2.517651 -0.9098123 -1.237697
v 2.556643 -0.8837681 -1.241876
v 2.556643 -0.8681716 -1.237697
v 2.556643 -0.8567541 -1.226279
v 2.556643 -0.852575 -1.210683
v 2.556643 -0.8567541 -1.195086
v 2.556643 -0.8681716 -1.183668
v 2.556643 -0.8837681 -1.179489
v 2.556643 -0.8993647 -1.183668
v 2.556643 -0.9107822 -1.195086
v 2.556643 -0.9149612 -1.210683
v 2.556643 -0.9107822 -1.226279
v 2.556643 -0.8993647 -1.237697
v 2.603432 -0.8963054 -1.241876
v 2.611231 -0.8827984 -1.237697
v 2.61694 -0.8729106 -1.226279
v 2.619029 -0.8692914 -1.210683
v 2.61694 -0.8729106 -1.195086
v 2.611231 -0.8827984 -1.183668
v 2.603432 -0.8963054 -1.179489
v 2.595634 -0.9098125 -1.183668
v 2.589926 -0.9197003 -1.195086
v 2.587836 -0.9233195 -1.210683
v 2.589926 -0.9197003 -1.226279
v 2.595634 -0.9098124 -1.237697
v 2.637685 -0.9305578 -1.241876
v 2.651192 -0.9227596 -1.237697
v 2.66108 -0.9170508 -1.226279
v 2.664699 -0.9149613 -1.210683
v 2.66108 -0.9170508 -1.195086
v 2.651192 -0.9227596 -1.183668
v 2.637685 -0.9305578 -1.179489
v 2.624178 -0.9383562 -1.183668
v 2.61429 -0.9440649 -1.195086
v 2.610671 -0.9461544 -1.210683
v 2.61429 -0.9440649 -1.226279
v 2.624178 -0.9383561 -1.237697
v 2.650222 -0.9773476 -1.241876
v 2.665819 -0.9773476 -1.237697
v 2.677236 -0.9773476 -1.226279
v 2.681415 -0.9773476 -1.210683
v 2.677236 -0.9773476 -1.195086
v 2.665819 -0.9773476 -1.183668
v 2.650222 -0.9773476 -1.179489
v 2.634626 -0.9773476 -1.183668
v 2.623208 -0.9773476 -1.195086
v 2.619029 -0.9773476 -1.210683
v 2.623208 -0.9773476 -1.226279
v 2.634626 -0.9773476 -1.237697
v 2.637685 -1.024137 -1.241876
v 2.651192 -1.031935 -1.237697
v 2.66108 -1.037644 -1.226279
v 2.664699 -1.039734 -1.210683
v 2.66108 -1.037644 -1.195086
v 2.651192 -1.031936 -1.183668
v 2.637685 -1.024137 -1.179489
v 2.624178 -1.016339 -1.183668
v 2.61429 -1.01063 -1.195086
v 2.610671 -1.008541 -1.210683
v 2.61429 -1.01063 -1.226279
v 2.624178 -1.016339 -1.237697
v 2.603432 -1.05839 -1.241876
v 2.611231 -1.071897 -1.237697
v 2.616939 -1.081784 -1.226279
v 2.619029 -1.085404 -1.210683
v 2.616939 -1.081784 -1.195086
v 2.611231 -1.071897 -1.183669
v 2.603432 -1.05839 -1.179489
v 2.595634 -1.044883 -1.183669
v 2.589925 -1.034995 -1.195086
v 2.587836 -1.031376 -1.210683
v 2.589925 -1.034995 -1.226279
v 2.595634 -1.044883 -1.237697
v 2.556643 -1.070927 -1.241876
v 2.556643 -1.086523 -1.237697
v 2.556643 -1.097941 -1.226279
v 2.556643 -1.10212 -1.210683
v 2.556643 -1.097941 -1.195086
v 2.556643 -1.086523 -1.183669
v 2.556643 -1.070927 -1.179489
v 2.556643 -1.05533 -1.183669
v 2.556643 -1.043913 -1.195086
v 2.556643 -1.039734 -1.210683
v 2.556643 -1.043913 -1.226279
v 2.556643 -1.05533 -1.237697
v 2.509853 -1.05839 -1.241876
v 2.502055 -1.071897 -1.237697
v 2.496346 -1.081784 -1.226279
v 2.494256 -1.085404 -1.210683
v 2.496346 -1.081784 -1.195086
v 2.502055 -1.071897 -1.183669
v 2.509853 -1.05839 -1.179489
v 2.517651 -1.044883 -1.183669
v 2.52336 -1.034995 -1.195086
v 2.52545 -1.031376 -1.210683
v 2.52336 -1.034995 -1.226279
v 2.517651 -1.044883 -1.237697
v 2.475601 -1.024137 -1.241876
v 2.462094 -1.031935 -1.237697
v 2.452206 -1.037644 -1.226279
v 2.448586 -1.039734 -1.210683
v 2.452206 -1.037644 -1.195086
v 2.462094 -1.031935 -1.183669
v 2.475601 -1.024137 -1.179489
v 2.489108 -1.016339 -1.183669
v 2.498996 -1.01063 -1.195086
v 2.502615 -1.008541 -1.210683
v 2.498996 -1.01063 -1.226279
v 2.489108 -1.016339 -1.237697
v 0.354219 -0.9677624 -1.262241
v 0.3542176 -0.9677628 -0.8222421
v 0.3542197 -0.747763 -1.26224
v -0.5257781 -0.9677594 -1.262243
v -0.5257774 -0.7477601 -1.262243
v -0.5257795 -0.9677598 -0.8222448
v 0.1342182 -0.9677621 -0.8222428
v 0.3542205 -0.5068114 -1.26224
v 0.3542191 -0.5068119 -0.8222415
v -0.525778 -0.506809 -0.8222443
v -0.5257766 -0.5068085 -1.262243
v -0.08577803 -0.50681 -1.262241
v 0.24422 -0.7477626 -1.262241
v -0.1276846 -0.7163334 -0.8641478
v 0.1342187 -0.8577625 -0.8222426
v 0.3542179 -0.8577632 -0.822242
v -0.5257767 -0.5277608 -1.262243
v -0.3057774 -0.5277616 -1.262242
v 0.1342212 -0.527763 -1.262241
v -0.08577812 -0.5277623 -1.262241
v 0.07922103 -0.6377624 -1.262241
v -0.4157779 -0.7477604 -1.262243
v -0.250778 -0.6377614 -1.262242
v -0.08577847 -0.6377619 -1.262242
v -0.4707782 -0.85776 -1.262243
v 0.3542204 -0.5277638 -1.26224
v 0.3542183 -0.7477636 -0.8222418
v 0.354219 -0.5277643 -0.8222416
v -0.5257781 -0.5277613 -0.8222443
v -0.5257788 -0.7477606 -0.8222446
v -0.5257792 -0.8577602 -0.8222447
v -0.08578095 -0.9677613 -0.8222435
v -0.3057802 -0.9677606 -0.8222442
v -0.08578095 -0.9677613 -0.8222435
v -0.3057799 -0.857761 -0.822244
v 0.2442193 -0.5827637 -0.822242
v -0.4157787 -0.5827615 -0.822244
v -0.08578041 -0.802762 -0.8222433
v -0.08578059 -0.8577617 -0.8222433
v -0.08578077 -0.9127614 -0.8222434
v -0.08578023 -0.7477621 -0.8222432
v 0.244219 -0.6927634 -0.8222421
v -0.3057792 -0.6377617 -0.8222438
v -0.4157791 -0.6927612 -0.8222442
v 0.1342194 -0.6377631 -0.8222424
v 2.998486 -0.951959 -1.235739
v 2.998484 -0.9519596 -0.7957404
v 2.998487 -0.7319597 -1.235739
v 2.118489 -0.9519557 -1.235742
v 2.11849 -0.7319564 -1.235741
v 2.118487 -0.9519563 -0.7957432
v 2.778485 -0.9519588 -0.7957412
v 2.998487 -0.4910081 -1.235738
v 2.998486 -0.4910087 -0.7957398
v 2.118489 -0.4910055 -0.7957426
v 2.11849 -0.4910049 -1.235741
v 2.558489 -0.4910065 -1.23574
v 2.888487 -0.7319592 -1.235739
v 2.516582 -0.70053 -0.8376461
v 2.778486 -0.8419591 -0.795741
v 2.998485 -0.84196 -0.7957403
v 2.11849 -0.5119572 -1.235741
v 2.33849 -0.5119579 -1.23574
v 2.778488 -0.5119596 -1.235739
v 2.558489 -0.5119588 -1.23574
v 2.723488 -0.621959 -1.235739
v 2.228489 -0.7319567 -1.235741
v 2.393489 -0.6219578 -1.23574
v 2.558488 -0.6219584 -1.23574
v 2.173489 -0.8419563 -1.235741
v 2.998487 -0.5119604 -1.235738
v 2.998485 -0.7319604 -0.7957401
v 2.998486 -0.511961 -0.7957398
v 2.118489 -0.5119578 -0.7957426
v 2.118488 -0.7319571 -0.7957429
v 2.118488 -0.8419567 -0.795743
v 2.558486 -0.9519579 -0.7957419
v 2.338486 -0.9519571 -0.7957426
v 2.558486 -0.9519579 -0.7957418
v 2.338487 -0.8419576 -0.7957423
v 2.888486 -0.5669605 -0.7957402
v 2.228488 -0.566958 -0.7957423
v 2.558486 -0.7869587 -0.7957416
v 2.558486 -0.8419583 -0.7957417
v 2.558486 -0.8969581 -0.7957417
v 2.558487 -0.7319587 -0.7957415
v 2.888486 -0.6769601 -0.7957404
v 2.338488 -0.6219583 -0.795742
v 2.228488 -0.6769577 -0.7957425
v 2.778486 -0.6219599 -0.7957407
v -0.5557778 -0.9370108 2.010801
v -0.5557764 -0.9370116 1.570803
v -0.5557787 -0.7170116 2.010801
v 0.3242192 -0.9370074 2.010804
v 0.3242184 -0.7170082 2.010804
v 0.3242207 -0.9370082 1.570805
v -0.3357771 -0.9370108 1.570804
v -0.5557796 -0.47606 2.0108
v -0.5557782 -0.4760607 1.570802
v 0.3242189 -0.4760574 1.570805
v 0.3242175 -0.4760566 2.010803
v -0.1157811 -0.4760583 2.010802
v -0.445779 -0.7170111 2.010801
v -0.07387438 -0.6855819 1.612708
v -0.3357776 -0.8270111 1.570803
v -0.5557768 -0.8270121 1.570803
v 0.3242176 -0.4970089 2.010803
v 0.1042183 -0.4970098 2.010803
v -0.3357803 -0.4970115 2.010801
v -0.115781 -0.4970106 2.010802
v -0.2807801 -0.6070108 2.010801
v 0.2142189 -0.7170085 2.010803
v 0.04921894 -0.6070095 2.010803
v -0.1157806 -0.6070102 2.010802
v 0.2692192 -0.827008 2.010804
v -0.5557795 -0.4970123 2.0108
v -0.5557773 -0.7170125 1.570802
v -0.5557781 -0.4970131 1.570802
v 0.324219 -0.4970097 1.570805
v 0.3242198 -0.7170089 1.570805
v 0.3242203 -0.8270085 1.570805
v -0.1157779 -0.9370099 1.570804
v 0.1042214 -0.9370091 1.570805
v -0.1157779 -0.9370099 1.570804
v 0.104221 -0.8270094 1.570804
v -0.4457784 -0.5520124 1.570802
v 0.2142196 -0.5520099 1.570804
v -0.1157785 -0.7720107 1.570804
v -0.1157783 -0.8270103 1.570804
v -0.1157781 -0.88201 1.570804
v -0.1157787 -0.7170106 1.570804
v -0.445778 -0.6620121 1.570803
v 0.1042201 -0.6070101 1.570804
v 0.21422 -0.6620096 1.570805
v -0.3357784 -0.6070119 1.570803
v 0.1356099 -0.9631243 2.049582
v 0.1017883 -0.8369009 2.049582
v 0.1382259 -0.8158637 2.038308
v 0.1776844 -0.9631242 2.038308
v 0.1648999 -0.8004634 2.007507
v 0.208485 -0.9631243 2.007507
v 0.1746634 -0.7948266 1.965433
v 0.2197587 -0.9631243 1.965433
v 0.1649 -0.8004635 1.923358
v 0.2084851 -0.9631243 1.923359
v 0.1382259 -0.8158638 1.892558
v 0.1776844 -0.9631244 1.892558
v 0.1017884 -0.8369012 1.881284
v 0.1356099 -0.9631245 1.881284
v 0.06535089 -0.8579384 1.892558
v 0.09353542 -0.9631245 1.892558
v 0.03867675 -0.8733387 1.923359
v 0.0627349 -0.9631245 1.923359
v 0.02891333 -0.8789756 1.965433
v 0.05146101 -0.9631245 1.965433
v 0.03867675 -0.8733386 2.007507
v 0.06273489 -0.9631244 2.007507
v 0.06535091 -0.8579383 2.038308
v 0.09353542 -0.9631243 2.038308
v 0.009386376 -0.7444992 2.049582
v 0.0304236 -0.7080616 2.038308
v 0.0458239 -0.6813875 2.007507
v 0.05146076 -0.6716242 1.965433
v 0.04582389 -0.6813877 1.923358
v 0.03042361 -0.7080618 1.892558
v 0.009386405 -0.7444994 1.881284
v -0.0116508 -0.7809368 1.892558
v -0.02705106 -0.807611 1.923358
v -0.03268799 -0.8173743 1.965433
v -0.02705106 -0.8076109 2.007507
v -0.01165083 -0.7809367 2.038308
v -0.116837 -0.7106779 2.049582
v -0.116837 -0.6686034 2.038308
v -0.116837 -0.6378028 2.007507
v -0.116837 -0.6265291 1.965433
v -0.116837 -0.6378029 1.923358
v -0.116837 -0.6686035 1.892558
v -0.1168369 -0.710678 1.881284
v -0.1168369 -0.7527525 1.892558
v -0.1168369 -0.783553 1.923358
v -0.1168369 -0.7948269 1.965433
v -0.1168369 -0.7835529 2.007507
v -0.1168369 -0.7527524 2.038308
v -0.2430603 -0.7444994 2.049582
v -0.2640976 -0.7080619 2.038308
v -0.2794979 -0.6813879 2.007507
v -0.2851347 -0.6716245 1.965433
v -0.2794979 -0.681388 1.923358
v -0.2640975 -0.7080621 1.892558
v -0.2430602 -0.7444996 1.881284
v -0.222023 -0.780937 1.892558
v -0.2066227 -0.8076112 1.923358
v -0.2009857 -0.8173745 1.965433
v -0.2066227 -0.807611 2.007507
v -0.222023 -0.7809369 2.038308
v -0.335462 -0.8369014 2.049582
v -0.3718997 -0.8158641 2.038308
v -0.3985737 -0.8004639 2.007507
v -0.4083372 -0.7948271 1.965433
v -0.3985737 -0.800464 1.923358
v -0.3718997 -0.8158643 1.892558
v -0.335462 -0.8369015 1.881284
v -0.2990245 -0.8579388 1.892558
v -0.2723504 -0.8733389 1.923359
v -0.262587 -0.8789758 1.965433
v -0.2723504 -0.8733388 2.007507
v -0.2990245 -0.8579385 2.038308
v -0.3692834 -0.9631248 2.049582
v -0.4113579 -0.9631248 2.038308
v -0.4421585 -0.9631248 2.007507
v -0.4534322 -0.9631249 1.965433
v -0.4421585 -0.9631249 1.923359
v -0.4113578 -0.9631249 1.892558
v -0.3692834 -0.9631249 1.881284
v -0.3272089 -0.9631249 1.892558
v -0.2964084 -0.9631248 1.923359
v -0.2851345 -0.9631248 1.965433
v -0.2964084 -0.9631247 2.007507
v -0.3272089 -0.9631247 2.038308
v -0.3354618 -1.089348 2.049582
v -0.3718994 -1.110385 2.038308
v -0.3985734 -1.125786 2.007508
v -0.4083368 -1.131423 1.965433
v -0.3985733 -1.125786 1.923359
v -0.3718993 -1.110385 1.892558
v -0.3354618 -1.089348 1.881284
v -0.2990243 -1.068311 1.892558
v -0.2723502 -1.052911 1.923359
v -0.2625868 -1.047274 1.965433
v -0.2723502 -1.05291 2.007507
v -0.2990244 -1.068311 2.038308
v -0.2430598 -1.18175 2.049582
v -0.264097 -1.218187 2.038308
v -0.2794973 -1.244861 2.007508
v -0.2851342 -1.254625 1.965433
v -0.2794973 -1.244862 1.923359
v -0.264097 -1.218188 1.892558
v -0.2430598 -1.18175 1.881284
v -0.2220226 -1.145312 1.892558
v -0.2066224 -1.118638 1.923359
v -0.2009855 -1.108875 1.965433
v -0.2066224 -1.118638 2.007508
v -0.2220227 -1.145312 2.038308
v -0.1168365 -1.215571 2.049582
v -0.1168365 -1.257646 2.038309
v -0.1168365 -1.288446 2.007508
v -0.1168364 -1.29972 1.965433
v -0.1168364 -1.288446 1.923359
v -0.1168365 -1.257646 1.892558
v -0.1168365 -1.215571 1.881284
v -0.1168365 -1.173497 1.892558
v -0.1168366 -1.142696 1.923359
v -0.1168366 -1.131422 1.965433
v -0.1168366 -1.142696 2.007508
v -0.1168365 -1.173497 2.038308
v 0.009386748 -1.18175 2.049582
v 0.03042403 -1.218187 2.038309
v 0.04582436 -1.244861 2.007508
v 0.05146126 -1.254625 1.965433
v 0.04582438 -1.244861 1.923359
v 0.03042406 -1.218187 1.892558
v 0.009386778 -1.18175 1.881284
v -0.0116505 -1.145312 1.892558
v -0.02705079 -1.118638 1.923359
v -0.03268772 -1.108875 1.965433
v -0.02705079 -1.118638 2.007508
v -0.0116505 -1.145312 2.038308
v 0.1017886 -1.089347 2.049582
v 0.1382262 -1.110385 2.038308
v 0.1649004 -1.125785 2.007508
v 0.1746638 -1.131422 1.965433
v 0.1649004 -1.125785 1.923359
v 0.1382262 -1.110385 1.892558
v 0.1017886 -1.089348 1.881284
v 0.06535111 -1.06831 1.892558
v 0.03867693 -1.05291 1.923359
v 0.02891353 -1.047273 1.965433
v 0.03867692 -1.05291 2.007507
v 0.06535113 -1.06831 2.038308
v 0.05363767 -0.9623991 2.024192
v 0.03118716 -0.8786129 2.024192
v 0.05537413 -0.8646485 2.016709
v 0.08156645 -0.9623991 2.016709
v 0.07308023 -0.8544259 1.996263
v 0.1020117 -0.9623991 1.996264
v 0.07956108 -0.8506842 1.968335
v 0.1094951 -0.9623991 1.968335
v 0.07308023 -0.854426 1.940406
v 0.1020117 -0.9623991 1.940406
v 0.05537413 -0.8646486 1.919961
v 0.08156645 -0.9623992 1.919961
v 0.03118716 -0.8786131 1.912477
v 0.05363767 -0.9623992 1.912477
v 0.007000178 -0.8925774 1.919961
v 0.02570894 -0.9623992 1.919961
v -0.01070589 -0.9028 1.940406
v 0.005263716 -0.9623992 1.940406
v -0.01718682 -0.9065418 1.968335
v -0.002219796 -0.9623992 1.968335
v -0.01070589 -0.9028 1.996263
v 0.005263716 -0.9623992 1.996264
v 0.007000208 -0.8925774 2.016709
v 0.02570897 -0.9623991 2.016709
v -0.03014866 -0.8172773 2.024192
v -0.01618427 -0.7930902 2.016708
v -0.005961686 -0.7753842 1.996263
v -0.002219975 -0.7689034 1.968335
v -0.005961686 -0.7753842 1.940406
v -0.01618427 -0.7930903 1.919961
v -0.03014866 -0.8172774 1.912477
v -0.04411298 -0.8414644 1.919961
v -0.05433559 -0.8591704 1.940406
v -0.05807734 -0.8656513 1.968335
v -0.05433559 -0.8591704 1.996263
v -0.04411298 -0.8414642 2.016709
v -0.1139349 -0.7948269 2.024192
v -0.1139349 -0.7668982 2.016708
v -0.1139349 -0.7464529 1.996263
v -0.1139349 -0.7389695 1.968335
v -0.1139349 -0.746453 1.940406
v -0.1139349 -0.7668982 1.919961
v -0.1139349 -0.794827 1.912477
v -0.1139348 -0.8227558 1.919961
v -0.1139348 -0.8432009 1.940406
v -0.1139348 -0.8506844 1.968335
v -0.1139348 -0.8432009 1.996263
v -0.1139348 -0.8227556 2.016708
v -0.197721 -0.8172774 2.024192
v -0.2116854 -0.7930905 2.016708
v -0.2219081 -0.7753844 1.996263
v -0.2256498 -0.7689036 1.968335
v -0.2219081 -0.7753844 1.940406
v -0.2116854 -0.7930906 1.919961
v -0.197721 -0.8172776 1.912477
v -0.1837566 -0.8414645 1.919961
v -0.173534 -0.8591706 1.940406
v -0.1697923 -0.8656514 1.968335
v -0.173534 -0.8591705 1.996263
v -0.1837566 -0.8414644 2.016709
v -0.2590567 -0.8786132 2.024192
v -0.2832437 -0.8646488 2.016709
v -0.3009498 -0.8544263 1.996263
v -0.3074307 -0.8506846 1.968335
v -0.3009498 -0.8544263 1.940406
v -0.2832437 -0.8646489 1.919961
v -0.2590567 -0.8786133 1.912477
v -0.2348697 -0.8925776 1.919961
v -0.2171636 -0.9028002 1.940406
v -0.2106827 -0.9065419 1.968335
v -0.2171636 -0.9028002 1.996263
v -0.2348697 -0.8925775 2.016709
v -0.2815071 -0.9623994 2.024192
v -0.3094358 -0.9623995 2.016709
v -0.3298811 -0.9623995 1.996264
v -0.3373645 -0.9623995 1.968335
v -0.3298811 -0.9623995 1.940406
v -0.3094358 -0.9623995 1.919961
v -0.2815071 -0.9623995 1.912477
v -0.2535784 -0.9623995 1.919961
v -0.2331331 -0.9623995 1.940406
v -0.2256496 -0.9623994 1.968335
v -0.2331331 -0.9623994 1.996264
v -0.2535784 -0.9623994 2.016709
v -0.2590565 -1.046186 2.024192
v -0.2832435 -1.06015 2.016709
v -0.3009496 -1.070373 1.996264
v -0.3074304 -1.074114 1.968335
v -0.3009496 -1.070373 1.940406
v -0.2832435 -1.06015 1.919961
v -0.2590565 -1.046186 1.912477
v -0.2348696 -1.032221 1.919961
v -0.2171634 -1.021999 1.940406
v -0.2106826 -1.018257 1.968335
v -0.2171634 -1.021999 1.996264
v -0.2348696 -1.032221 2.016709
v -0.1977207 -1.107521 2.024192
v -0.2116851 -1.131708 2.016709
v -0.2219077 -1.149414 1.996264
v -0.2256494 -1.155895 1.968335
v -0.2219077 -1.149414 1.940406
v -0.2116851 -1.131708 1.919961
v -0.1977207 -1.107521 1.912478
v -0.1837564 -1.083334 1.919961
v -0.1735338 -1.065628 1.940406
v -0.1697921 -1.059147 1.968335
v -0.1735338 -1.065628 1.996264
v -0.1837564 -1.083334 2.016709
v -0.1139345 -1.129972 2.024192
v -0.1139345 -1.1579 2.016709
v -0.1139345 -1.178346 1.996264
v -0.1139345 -1.185829 1.968335
v -0.1139345 -1.178346 1.940406
v -0.1139345 -1.1579 1.919961
v -0.1139345 -1.129972 1.912478
v -0.1139345 -1.102043 1.919961
v -0.1139346 -1.081598 1.940406
v -0.1139346 -1.074114 1.968335
v -0.1139346 -1.081598 1.996264
v -0.1139345 -1.102043 2.016709
v -0.03014839 -1.107521 2.024192
v -0.01618397 -1.131708 2.016709
v -0.005961329 -1.149414 1.996264
v -0.002219617 -1.155895 1.968335
v -0.005961329 -1.149414 1.940406
v -0.01618397 -1.131708 1.919961
v -0.03014839 -1.107521 1.912478
v -0.04411277 -1.083334 1.919961
v -0.05433539 -1.065628 1.940406
v -0.05807716 -1.059147 1.968335
v -0.05433539 -1.065628 1.996264
v -0.04411277 -1.083334 2.016709
v 0.03118733 -1.046185 2.024192
v 0.05537437 -1.06015 2.016709
v 0.07308051 -1.070372 1.996264
v 0.07956134 -1.074114 1.968335
v 0.07308049 -1.070372 1.940406
v 0.0553744 -1.06015 1.919961
v 0.03118733 -1.046185 1.912477
v 0.007000327 -1.032221 1.919961
v -0.01070577 -1.021998 1.940406
v -0.01718667 -1.018257 1.968335
v -0.01070577 -1.021998 1.996264
v 0.007000357 -1.032221 2.016709
v -0.09942612 -0.8209422 1.988646
v -0.1719683 -0.8403798 1.988646
v -0.1719682 -0.8403802 1.698478
v -0.09942606 -0.8209425 1.698478
v -0.2250727 -0.8934844 1.988646
v -0.2250727 -0.8934847 1.698478
v -0.2445103 -0.9660266 1.988646
v -0.2445102 -0.9660269 1.698478
v -0.2250726 -1.038569 1.988647
v -0.2250726 -1.038569 1.698478
v -0.171968 -1.091673 1.988647
v -0.171968 -1.091673 1.698478
v -0.09942585 -1.111111 1.988647
v -0.09942582 -1.111111 1.698478
v -0.02688372 -1.091673 1.988647
v -0.02688366 -1.091673 1.698478
v 0.02622077 -1.038568 1.988647
v 0.02622081 -1.038569 1.698478
v 0.04565829 -0.9660263 1.988647
v 0.04565834 -0.9660266 1.698478
v 0.02622063 -0.8934842 1.988646
v 0.02622068 -0.8934845 1.698478
v -0.02688399 -0.8403797 1.988646
v -0.02688396 -0.84038 1.698478
v -0.02035534 -0.9623992 2.016938
v -0.03289264 -0.9156095 2.016938
v -0.01938561 -0.9078112 2.012759
v -0.004758775 -0.9623992 2.012759
v -0.009497821 -0.9021025 2.001341
v 0.006658733 -0.9623992 2.001341
v -0.005878627 -0.900013 1.985745
v 0.01083779 -0.9623992 1.985745
v -0.009497821 -0.9021025 1.970148
v 0.006658733 -0.9623992 1.970148
v -0.01938561 -0.9078113 1.958731
v -0.004758775 -0.9623992 1.958731
v -0.03289261 -0.9156096 1.954552
v -0.02035534 -0.9623992 1.954552
v -0.04639965 -0.9234079 1.958731
v -0.03595188 -0.9623992 1.958731
v -0.05628747 -0.9291166 1.970148
v -0.04736936 -0.9623992 1.970148
v -0.05990666 -0.9312062 1.985745
v -0.05154845 -0.9623992 1.985745
v -0.05628747 -0.9291166 2.001341
v -0.04736936 -0.9623992 2.001341
v -0.04639965 -0.9234078 2.012759
v -0.03595188 -0.9623992 2.012759
v -0.06714511 -0.8813571 2.016938
v -0.05934682 -0.8678501 2.012759
v -0.05363807 -0.8579623 2.001341
v -0.05154854 -0.8543431 1.985745
v -0.05363807 -0.8579624 1.970148
v -0.0593468 -0.8678502 1.958731
v -0.06714508 -0.8813572 1.954552
v -0.07494336 -0.8948642 1.958731
v -0.08065209 -0.904752 1.970148
v -0.08274162 -0.9083712 1.985745
v -0.08065209 -0.904752 2.001341
v -0.07494336 -0.8948641 2.012759
v -0.1139348 -0.86882 2.016938
v -0.1139348 -0.8532234 2.012759
v -0.1139348 -0.8418059 2.001341
v -0.1139348 -0.8376268 1.985745
v -0.1139348 -0.8418059 1.970148
v -0.1139348 -0.8532234 1.958731
v -0.1139348 -0.86882 1.954552
v -0.1139348 -0.8844165 1.958731
v -0.1139348 -0.895834 1.970148
v -0.1139348 -0.9000131 1.985745
v -0.1139348 -0.895834 2.001341
v -0.1139348 -0.8844165 2.012759
v -0.1607245 -0.8813572 2.016938
v -0.1685227 -0.8678502 2.012759
v -0.1742315 -0.8579624 2.001341
v -0.1763211 -0.8543432 1.985745
v -0.1742315 -0.8579624 1.970148
v -0.1685227 -0.8678502 1.958731
v -0.1607245 -0.8813573 1.954552
v -0.1529261 -0.8948643 1.958731
v -0.1472174 -0.9047521 1.970148
v -0.1451279 -0.9083713 1.985745
v -0.1472174 -0.9047521 2.001341
v -0.1529262 -0.8948642 2.012759
v -0.1949769 -0.9156097 2.016938
v -0.2084839 -0.9078114 2.012759
v -0.2183717 -0.9021026 2.001341
v -0.2219909 -0.9000131 1.985745
v -0.2183717 -0.9021027 1.970148
v -0.2084839 -0.9078115 1.958731
v -0.1949768 -0.9156097 1.954552
v -0.1814698 -0.923408 1.958731
v -0.171582 -0.9291167 1.970148
v -0.1679628 -0.9312062 1.985745
v -0.171582 -0.9291167 2.001341
v -0.1814698 -0.9234079 2.012759
v -0.207514 -0.9623994 2.016938
v -0.2231106 -0.9623994 2.012759
v -0.2345281 -0.9623994 2.001341
v -0.2387072 -0.9623994 1.985745
v -0.2345281 -0.9623994 1.970148
v -0.2231106 -0.9623994 1.958731
v -0.207514 -0.9623994 1.954552
v -0.1919175 -0.9623994 1.958731
v -0.1805 -0.9623994 1.970148
v -0.1763209 -0.9623994 1.985745
v -0.1805 -0.9623994 2.001341
v -0.1919175 -0.9623994 2.012759
v -0.1949768 -1.009189 2.016938
v -0.2084838 -1.016987 2.012759
v -0.2183716 -1.022696 2.001341
v -0.2219908 -1.024786 1.985745
v -0.2183716 -1.022696 1.970148
v -0.2084838 -1.016987 1.958731
v -0.1949767 -1.009189 1.954552
v -0.1814697 -1.001391 1.958731
v -0.1715819 -0.9956821 1.970148
v -0.1679627 -0.9935925 1.985745
v -0.1715819 -0.995682 2.001341
v -0.1814697 -1.001391 2.012759
v -0.1607243 -1.043441 2.016938
v -0.1685226 -1.056948 2.012759
v -0.1742313 -1.066836 2.001341
v -0.1763209 -1.070455 1.985745
v -0.1742313 -1.066836 1.970148
v -0.1685226 -1.056949 1.958731
v -0.1607243 -1.043441 1.954552
v -0.152926 -1.029934 1.958731
v -0.1472173 -1.020047 1.970148
v -0.1451278 -1.016427 1.985745
v -0.1472173 -1.020047 2.001341
v -0.1529261 -1.029934 2.012759
v -0.1139346 -1.055979 2.016938
v -0.1139346 -1.071575 2.012759
v -0.1139346 -1.082993 2.001341
v -0.1139346 -1.087172 1.985745
v -0.1139346 -1.082993 1.970148
v -0.1139346 -1.071575 1.958731
v -0.1139346 -1.055979 1.954552
v -0.1139346 -1.040382 1.958731
v -0.1139346 -1.028965 1.970148
v -0.1139346 -1.024786 1.985745
v -0.1139346 -1.028965 2.001341
v -0.1139346 -1.040382 2.012759
v -0.06714496 -1.043441 2.016938
v -0.05934665 -1.056948 2.012759
v -0.05363789 -1.066836 2.001341
v -0.05154836 -1.070455 1.985745
v -0.05363789 -1.066836 1.970148
v -0.05934665 -1.056948 1.958731
v -0.06714496 -1.043441 1.954552
v -0.07494324 -1.029934 1.958731
v -0.080652 -1.020046 1.970148
v -0.08274153 -1.016427 1.985745
v -0.080652 -1.020046 2.001341
v -0.07494324 -1.029934 2.012759
v -0.03289253 -1.009189 2.016938
v -0.01938549 -1.016987 2.012759
v -0.009497672 -1.022696 2.001341
v -0.005878478 -1.024785 1.985745
v -0.009497672 -1.022696 1.970148
v -0.01938546 -1.016987 1.958731
v -0.03289253 -1.009189 1.954552
v -0.04639953 -1.001391 1.958731
v -0.05628738 -0.9956819 1.970148
v -0.05990657 -0.9935924 1.985745
v -0.05628738 -0.9956819 2.001341
v -0.04639953 -1.001391 2.012759
v 2.793598 -0.9731241 2.051812
v 2.759777 -0.8469008 2.051812
v 2.796214 -0.8258636 2.040538
v 2.835673 -0.9731241 2.040538
v 2.822888 -0.8104633 2.009738
v 2.866473 -0.9731241 2.009738
v 2.832652 -0.8048264 1.967663
v 2.877747 -0.9731241 1.967663
v 2.822888 -0.8104633 1.925589
v 2.866473 -0.9731242 1.925589
v 2.796214 -0.8258637 1.894788
v 2.835673 -0.9731242 1.894788
v 2.759777 -0.8469009 1.883515
v 2.793598 -0.9731243 1.883515
v 2.723339 -0.8679382 1.894788
v 2.751524 -0.9731243 1.894788
v 2.696665 -0.8833385 1.925589
v 2.720723 -0.9731243 1.925589
v 2.686902 -0.8889754 1.967663
v 2.709449 -0.9731243 1.967663
v 2.696665 -0.8833384 2.009738
v 2.720723 -0.9731242 2.009738
v 2.723339 -0.8679381 2.040538
v 2.751524 -0.9731241 2.040538
v 2.667375 -0.754499 2.051812
v 2.688412 -0.7180614 2.040538
v 2.703812 -0.6913874 2.009737
v 2.709449 -0.681624 1.967663
v 2.703812 -0.6913874 1.925589
v 2.688412 -0.7180616 1.894788
v 2.667375 -0.7544991 1.883514
v 2.646338 -0.7909366 1.894788
v 2.630937 -0.8176107 1.925589
v 2.6253 -0.8273742 1.967663
v 2.630937 -0.8176107 2.009737
v 2.646338 -0.7909365 2.040538
v 2.541151 -0.7206776 2.051812
v 2.541151 -0.6786032 2.040538
v 2.541151 -0.6478026 2.009737
v 2.541151 -0.6365288 1.967663
v 2.541151 -0.6478026 1.925589
v 2.541151 -0.6786033 1.894788
v 2.541151 -0.7206777 1.883514
v 2.541152 -0.7627522 1.894788
v 2.541152 -0.7935528 1.925589
v 2.541152 -0.8048266 1.967663
v 2.541152 -0.7935527 2.009737
v 2.541151 -0.7627522 2.040538
v 2.414928 -0.7544992 2.051812
v 2.393891 -0.7180616 2.040538
v 2.37849 -0.6913876 2.009737
v 2.372854 -0.6816242 1.967663
v 2.37849 -0.6913877 1.925589
v 2.393891 -0.7180617 1.894788
v 2.414928 -0.7544993 1.883514
v 2.435965 -0.7909367 1.894788
v 2.451366 -0.8176109 1.925589
v 2.457003 -0.8273742 1.967663
v 2.451366 -0.8176108 2.009737
v 2.435965 -0.7909366 2.040538
v 2.322526 -0.8469011 2.051812
v 2.286089 -0.8258638 2.040538
v 2.259415 -0.8104635 2.009737
v 2.249651 -0.8048267 1.967663
v 2.259415 -0.8104636 1.925589
v 2.286089 -0.825864 1.894788
v 2.322526 -0.8469012 1.883515
v 2.358964 -0.8679384 1.894788
v 2.385638 -0.8833386 1.925589
v 2.395401 -0.8889755 1.967663
v 2.385638 -0.8833386 2.009738
v 2.358964 -0.8679383 2.040538
v 2.288705 -0.9731244 2.051812
v 2.24663 -0.9731244 2.040538
v 2.21583 -0.9731245 2.009738
v 2.204556 -0.9731245 1.967663
v 2.21583 -0.9731246 1.925589
v 2.24663 -0.9731246 1.894788
v 2.288705 -0.9731246 1.883515
v 2.330779 -0.9731245 1.894788
v 2.36158 -0.9731244 1.925589
v 2.372854 -0.9731244 1.967663
v 2.36158 -0.9731244 2.009738
v 2.330779 -0.9731244 2.040538
v 2.322526 -1.099348 2.051812
v 2.286089 -1.120385 2.040538
v 2.259415 -1.135785 2.009738
v 2.249651 -1.141422 1.967663
v 2.259415 -1.135785 1.925589
v 2.286089 -1.120385 1.894788
v 2.322526 -1.099348 1.883515
v 2.358964 -1.078311 1.894788
v 2.385638 -1.06291 1.925589
v 2.395401 -1.057273 1.967663
v 2.385638 -1.06291 2.009738
v 2.358964 -1.07831 2.040538
v 2.414928 -1.191749 2.051813
v 2.393891 -1.228187 2.040539
v 2.378491 -1.254861 2.009738
v 2.372854 -1.264625 1.967664
v 2.378491 -1.254861 1.925589
v 2.393891 -1.228187 1.894789
v 2.414928 -1.19175 1.883515
v 2.435966 -1.155312 1.894788
v 2.451366 -1.128638 1.925589
v 2.457003 -1.118875 1.967663
v 2.451366 -1.128638 2.009738
v 2.435966 -1.155312 2.040539
v 2.541152 -1.225571 2.051813
v 2.541152 -1.267645 2.040539
v 2.541152 -1.298446 2.009738
v 2.541152 -1.30972 1.967664
v 2.541152 -1.298446 1.925589
v 2.541152 -1.267645 1.894789
v 2.541152 -1.225571 1.883515
v 2.541152 -1.183496 1.894789
v 2.541152 -1.152696 1.925589
v 2.541152 -1.141422 1.967664
v 2.541152 -1.152696 2.009738
v 2.541152 -1.183496 2.040539
v 2.667375 -1.191749 2.051813
v 2.688412 -1.228187 2.040539
v 2.703813 -1.254861 2.009738
v 2.70945 -1.264624 1.967664
v 2.703813 -1.254861 1.925589
v 2.688412 -1.228187 1.894789
v 2.667375 -1.191749 1.883515
v 2.646338 -1.155312 1.894789
v 2.630937 -1.128638 1.925589
v 2.6253 -1.118874 1.967664
v 2.630937 -1.128638 2.009738
v 2.646338 -1.155312 2.040539
v 2.759777 -1.099347 2.051812
v 2.796214 -1.120385 2.040539
v 2.822889 -1.135785 2.009738
v 2.832652 -1.141422 1.967664
v 2.822889 -1.135785 1.925589
v 2.796214 -1.120385 1.894789
v 2.759777 -1.099347 1.883515
v 2.723339 -1.07831 1.894788
v 2.696665 -1.06291 1.925589
v 2.686902 -1.057273 1.967663
v 2.696665 -1.06291 2.009738
v 2.723339 -1.07831 2.040539
v 2.711626 -0.9723989 2.026423
v 2.689175 -0.8886127 2.026423
v 2.713362 -0.8746484 2.018939
v 2.739555 -0.9723989 2.018939
v 2.731068 -0.8644258 1.998494
v 2.76 -0.9723989 1.998494
v 2.737549 -0.860684 1.970565
v 2.767483 -0.9723989 1.970565
v 2.731068 -0.8644258 1.942636
v 2.76 -0.9723989 1.942636
v 2.713362 -0.8746485 1.922191
v 2.739555 -0.972399 1.922191
v 2.689175 -0.8886129 1.914708
v 2.711626 -0.972399 1.914708
v 2.664989 -0.9025772 1.922191
v 2.683697 -0.972399 1.922191
v 2.647282 -0.9127998 1.942636
v 2.663252 -0.972399 1.942636
v 2.640801 -0.9165416 1.970565
v 2.655768 -0.972399 1.970565
v 2.647282 -0.9127998 1.998494
v 2.663252 -0.972399 1.998494
v 2.664989 -0.9025772 2.018939
v 2.683697 -0.9723989 2.018939
v 2.62784 -0.8272771 2.026423
v 2.641804 -0.8030901 2.018939
v 2.652027 -0.785384 1.998494
v 2.655768 -0.7789032 1.970565
v 2.652027 -0.785384 1.942636
v 2.641804 -0.8030902 1.922191
v 2.62784 -0.8272772 1.914708
v 2.613875 -0.8514642 1.922191
v 2.603653 -0.8691702 1.942636
v 2.599911 -0.8756511 1.970565
v 2.603653 -0.8691702 1.998494
v 2.613875 -0.851464 2.018939
v 2.544054 -0.8048267 2.026423
v 2.544054 -0.7768979 2.018939
v 2.544053 -0.7564527 1.998494
v 2.544053 -0.7489693 1.970565
v 2.544053 -0.7564527 1.942636
v 2.544054 -0.776898 1.922191
v 2.544054 -0.8048268 1.914708
v 2.544054 -0.8327555 1.922191
v 2.544054 -0.8532007 1.942636
v 2.544054 -0.8606842 1.970565
v 2.544054 -0.8532007 1.998494
v 2.544054 -0.8327554 2.018939
v 2.460267 -0.8272772 2.026423
v 2.446303 -0.8030902 2.018939
v 2.43608 -0.7853841 1.998494
v 2.432338 -0.7789033 1.970565
v 2.43608 -0.7853842 1.942636
v 2.446303 -0.8030903 1.922191
v 2.460267 -0.8272772 1.914708
v 2.474232 -0.8514642 1.922191
v 2.484454 -0.8691703 1.942636
v 2.488196 -0.8756512 1.970565
v 2.484454 -0.8691702 1.998494
v 2.474232 -0.8514642 2.018939
v 2.398932 -0.8886129 2.026423
v 2.374745 -0.8746486 2.018939
v 2.357038 -0.864426 1.998494
v 2.350558 -0.8606843 1.970565
v 2.357038 -0.864426 1.942636
v 2.374745 -0.8746486 1.922191
v 2.398932 -0.888613 1.914708
v 2.423119 -0.9025773 1.922191
v 2.440825 -0.9128 1.942636
v 2.447306 -0.9165416 1.970565
v 2.440825 -0.9127999 1.998494
v 2.423119 -0.9025773 2.018939
v 2.376481 -0.9723991 2.026423
v 2.348552 -0.9723991 2.018939
v 2.328107 -0.9723992 1.998494
v 2.320624 -0.9723992 1.970565
v 2.328107 -0.9723992 1.942636
v 2.348552 -0.9723992 1.922191
v 2.376481 -0.9723992 1.914708
v 2.40441 -0.9723992 1.922191
v 2.424855 -0.9723992 1.942637
v 2.432339 -0.9723991 1.970565
v 2.424855 -0.9723991 1.998494
v 2.40441 -0.9723991 2.018939
v 2.398932 -1.056185 2.026423
v 2.374745 -1.07015 2.018939
v 2.357039 -1.080372 1.998494
v 2.350558 -1.084114 1.970565
v 2.357039 -1.080372 1.942637
v 2.374745 -1.07015 1.922191
v 2.398932 -1.056185 1.914708
v 2.423119 -1.042221 1.922191
v 2.440825 -1.031998 1.942637
v 2.447306 -1.028257 1.970565
v 2.440825 -1.031998 1.998494
v 2.423119 -1.042221 2.018939
v 2.460268 -1.117521 2.026423
v 2.446303 -1.141708 2.018939
v 2.43608 -1.159414 1.998494
v 2.432339 -1.165895 1.970565
v 2.43608 -1.159414 1.942637
v 2.446303 -1.141708 1.922192
v 2.460268 -1.117521 1.914708
v 2.474232 -1.093334 1.922191
v 2.484454 -1.075628 1.942637
v 2.488196 -1.069147 1.970565
v 2.484454 -1.075628 1.998494
v 2.474232 -1.093334 2.018939
v 2.544054 -1.139971 2.026423
v 2.544054 -1.1679 2.018939
v 2.544054 -1.188345 1.998494
v 2.544054 -1.195829 1.970565
v 2.544054 -1.188345 1.942637
v 2.544054 -1.1679 1.922192
v 2.544054 -1.139971 1.914708
v 2.544054 -1.112043 1.922191
v 2.544054 -1.091597 1.942637
v 2.544054 -1.084114 1.970565
v 2.544054 -1.091597 1.998494
v 2.544054 -1.112043 2.018939
v 2.62784 -1.117521 2.026423
v 2.641804 -1.141708 2.018939
v 2.652027 -1.159414 1.998494
v 2.655769 -1.165895 1.970565
v 2.652027 -1.159414 1.942637
v 2.641804 -1.141708 1.922191
v 2.62784 -1.117521 1.914708
v 2.613875 -1.093334 1.922191
v 2.603653 -1.075628 1.942637
v 2.599911 -1.069147 1.970565
v 2.603653 -1.075628 1.998494
v 2.613875 -1.093334 2.018939
v 2.689176 -1.056185 2.026423
v 2.713362 -1.070149 2.018939
v 2.731069 -1.080372 1.998494
v 2.73755 -1.084114 1.970565
v 2.731069 -1.080372 1.942637
v 2.713362 -1.07015 1.922191
v 2.689176 -1.056185 1.914708
v 2.664989 -1.042221 1.922191
v 2.647282 -1.031998 1.942637
v 2.640801 -1.028256 1.970565
v 2.647282 -1.031998 1.998494
v 2.664989 -1.042221 2.018939
v 2.558562 -0.8309417 1.990877
v 2.48602 -0.8503794 1.990877
v 2.48602 -0.8503796 1.700709
v 2.558562 -0.830942 1.700709
v 2.432915 -0.903484 1.990877
v 2.432915 -0.9034842 1.700709
v 2.413477 -0.9760261 1.990877
v 2.413478 -0.9760263 1.700709
v 2.432915 -1.048568 1.990877
v 2.432915 -1.048568 1.700709
v 2.48602 -1.101673 1.990877
v 2.48602 -1.101673 1.700709
v 2.558562 -1.12111 1.990877
v 2.558562 -1.12111 1.700709
v 2.631104 -1.101673 1.990877
v 2.631104 -1.101673 1.700709
v 2.684209 -1.048568 1.990877
v 2.684209 -1.048568 1.700709
v 2.703646 -0.9760259 1.990877
v 2.703646 -0.9760261 1.700709
v 2.684208 -0.9034839 1.990877
v 2.684208 -0.903484 1.700709
v 2.631104 -0.8503793 1.990877
v 2.631104 -0.8503795 1.700709
v 2.637633 -0.972399 2.019168
v 2.625096 -0.9256093 2.019168
v 2.638603 -0.917811 2.014989
v 2.653229 -0.972399 2.014989
v 2.64849 -0.9121023 2.003572
v 2.664647 -0.972399 2.003572
v 2.65211 -0.9100128 1.987975
v 2.668826 -0.972399 1.987975
v 2.64849 -0.9121023 1.972379
v 2.664647 -0.972399 1.972379
v 2.638603 -0.9178111 1.960961
v 2.653229 -0.972399 1.960961
v 2.625096 -0.9256094 1.956782
v 2.637633 -0.9723991 1.956782
v 2.611589 -0.9334077 1.960961
v 2.622036 -0.9723991 1.960961
v 2.601701 -0.9391164 1.972379
v 2.610619 -0.9723991 1.972379
v 2.598082 -0.9412059 1.987975
v 2.60644 -0.972399 1.987975
v 2.601701 -0.9391164 2.003572
v 2.610619 -0.972399 2.003572
v 2.611589 -0.9334076 2.014989
v 2.622036 -0.972399 2.014989
v 2.590843 -0.8913569 2.019168
v 2.598641 -0.8778499 2.014989
v 2.60435 -0.8679621 2.003572
v 2.60644 -0.8643429 1.987975
v 2.60435 -0.8679621 1.972379
v 2.598641 -0.8778499 1.960961
v 2.590843 -0.8913569 1.956782
v 2.583045 -0.904864 1.960961
v 2.577336 -0.9147518 1.972379
v 2.575247 -0.918371 1.987975
v 2.577336 -0.9147518 2.003572
v 2.583045 -0.9048639 2.014989
v 2.544054 -0.8788197 2.019168
v 2.544054 -0.8632231 2.014989
v 2.544054 -0.8518056 2.003572
v 2.544054 -0.8476266 1.987975
v 2.544054 -0.8518057 1.972379
v 2.544054 -0.8632232 1.960961
v 2.544054 -0.8788197 1.956782
v 2.544054 -0.8944163 1.960961
v 2.544054 -0.9058337 1.972379
v 2.544054 -0.9100128 1.987975
v 2.544054 -0.9058337 2.003572
v 2.544054 -0.8944162 2.014989
v 2.497264 -0.8913569 2.019168
v 2.489465 -0.8778499 2.014989
v 2.483757 -0.8679621 2.003572
v 2.481667 -0.864343 1.987975
v 2.483757 -0.8679622 1.972379
v 2.489465 -0.87785 1.960961
v 2.497264 -0.891357 1.956782
v 2.505062 -0.904864 1.960961
v 2.510771 -0.9147518 1.972379
v 2.51286 -0.918371 1.987975
v 2.510771 -0.9147518 2.003572
v 2.505062 -0.904864 2.014989
v 2.463012 -0.9256094 2.019168
v 2.449504 -0.9178112 2.014989
v 2.439617 -0.9121024 2.003572
v 2.435997 -0.9100128 1.987975
v 2.439617 -0.9121024 1.972379
v 2.449504 -0.9178112 1.960961
v 2.463012 -0.9256094 1.956782
v 2.476518 -0.9334077 1.960961
v 2.486406 -0.9391164 1.972379
v 2.490026 -0.941206 1.987975
v 2.486406 -0.9391164 2.003572
v 2.476518 -0.9334077 2.014989
v 2.450474 -0.9723991 2.019168
v 2.434878 -0.9723991 2.014989
v 2.42346 -0.9723991 2.003572
v 2.419281 -0.9723991 1.987975
v 2.42346 -0.9723991 1.972379
v 2.434878 -0.9723991 1.960961
v 2.450474 -0.9723991 1.956782
v 2.466071 -0.9723991 1.960961
v 2.477488 -0.9723991 1.972379
v 2.481667 -0.9723991 1.987975
v 2.477488 -0.9723991 2.003572
v 2.466071 -0.9723991 2.014989
v 2.463012 -1.019189 2.019168
v 2.449504 -1.026987 2.014989
v 2.439617 -1.032696 2.003572
v 2.435997 -1.034785 1.987975
v 2.439617 -1.032696 1.972379
v 2.449504 -1.026987 1.960961
v 2.463012 -1.019189 1.956782
v 2.476518 -1.01139 1.960961
v 2.486406 -1.005682 1.972379
v 2.490026 -1.003592 1.987975
v 2.486406 -1.005682 2.003572
v 2.476518 -1.01139 2.014989
v 2.497264 -1.053441 2.019168
v 2.489466 -1.066948 2.014989
v 2.483757 -1.076836 2.003572
v 2.481667 -1.080455 1.987975
v 2.483757 -1.076836 1.972379
v 2.489466 -1.066948 1.960961
v 2.497264 -1.053441 1.956782
v 2.505062 -1.039934 1.960961
v 2.510771 -1.030046 1.972379
v 2.512861 -1.026427 1.987975
v 2.510771 -1.030046 2.003572
v 2.505062 -1.039934 2.014989
v 2.544054 -1.065978 2.019168
v 2.544054 -1.081575 2.014989
v 2.544054 -1.092992 2.003572
v 2.544054 -1.097172 1.987975
v 2.544054 -1.092992 1.972379
v 2.544054 -1.081575 1.960961
v 2.544054 -1.065978 1.956782
v 2.544054 -1.050382 1.960961
v 2.544054 -1.038964 1.972379
v 2.544054 -1.034785 1.987975
v 2.544054 -1.038964 2.003572
v 2.544054 -1.050382 2.014989
v 2.590843 -1.053441 2.019168
v 2.598642 -1.066948 2.014989
v 2.60435 -1.076836 2.003572
v 2.60644 -1.080455 1.987975
v 2.60435 -1.076836 1.972379
v 2.598642 -1.066948 1.960961
v 2.590843 -1.053441 1.956782
v 2.583045 -1.039934 1.960961
v 2.577336 -1.030046 1.972379
v 2.575247 -1.026427 1.987975
v 2.577336 -1.030046 2.003572
v 2.583045 -1.039934 2.014989
v 2.625096 -1.019189 2.019168
v 2.638603 -1.026987 2.014989
v 2.648491 -1.032696 2.003572
v 2.65211 -1.034785 1.987975
v 2.648491 -1.032696 1.972379
v 2.638603 -1.026987 1.960961
v 2.625096 -1.019189 1.956782
v 2.611589 -1.01139 1.960961
v 2.601701 -1.005682 1.972379
v 2.598082 -1.003592 1.987975
v 2.601701 -1.005682 2.003572
v 2.611589 -1.01139 2.014989
v 2.088489 -0.9528137 2.037303
v 2.08849 -0.9528143 1.597305
v 2.088488 -0.7328144 2.037303
v 2.968486 -0.9528106 2.037306
v 2.968485 -0.7328113 2.037306
v 2.968488 -0.9528112 1.597308
v 2.30849 -0.9528135 1.597306
v 2.088487 -0.4918628 2.037303
v 2.088489 -0.4918635 1.597304
v 2.968486 -0.4918604 1.597307
v 2.968485 -0.4918598 2.037305
v 2.528486 -0.4918613 2.037304
v 2.198488 -0.732814 2.037303
v 2.570393 -0.7013848 1.639211
v 2.308489 -0.842814 1.597305
v 2.08849 -0.8428148 1.597305
v 2.968485 -0.5128121 2.037305
v 2.748485 -0.5128129 2.037305
v 2.308487 -0.5128143 2.037303
v 2.528486 -0.5128136 2.037304
v 2.363487 -0.6228138 2.037304
v 2.858486 -0.7328116 2.037305
v 2.693486 -0.6228126 2.037305
v 2.528486 -0.6228132 2.037304
v 2.913486 -0.8428111 2.037306
v 2.088488 -0.5128151 2.037303
v 2.08849 -0.7328152 1.597304
v 2.088489 -0.5128158 1.597304
v 2.968486 -0.5128127 1.597307
v 2.968487 -0.7328119 1.597307
v 2.968487 -0.8428116 1.597308
v 2.528489 -0.9528128 1.597306
v 2.748488 -0.952812 1.597307
v 2.528489 -0.9528128 1.597306
v 2.748488 -0.8428124 1.597307
v 2.198489 -0.5678152 1.597305
v 2.858487 -0.5678129 1.597307
v 2.528488 -0.7878135 1.597306
v 2.528489 -0.8428131 1.597306
v 2.528489 -0.8978128 1.597306
v 2.528488 -0.7328135 1.597306
v 2.198489 -0.6778148 1.597305
v 2.748487 -0.6228131 1.597307
v 2.858487 -0.6778126 1.597307
v 2.308489 -0.6228147 1.597305
v -1.341514 1.323941 -1.005741
v -1.341514 1.973941 -1.005741
v -1.341514 1.973941 -1.095741
v -1.341514 1.323941 -1.095741
v -1.921514 1.323941 -1.005741
v -1.921514 1.323941 -1.095741
v -1.921514 1.973941 -1.005741
v -1.906432 1.95636 -1.080637
vn -0.02677933 -1.704428E-06 0.9996414
vn 3.308699E-06 -1.04457E-06 -1
vn -2.654633E-06 -1 -7.382046E-07
vn 2.633344E-06 1 7.185243E-07
vn 0.999736 -2.873991E-06 -0.02297969
vn -1 1.679295E-06 -3.237476E-06
vn -0.02281708 -0.03161445 0.9992397
vn 0.9843763 -0.1759853 0.005692247
vn 1 -2.817692E-06 3.322065E-06
vn -1 2.753061E-06 -3.322065E-06
vn -2.797527E-06 -1 -6.920449E-07
vn 2.797527E-06 1 7.008618E-07
vn 3.31745E-06 6.993767E-07 -1
vn -3.31745E-06 -6.993767E-07 1
vn 3.430606E-06 7.67456E-07 -1
vn -0.699813 0.7143261 -1.825003E-06
vn -3.333759E-06 -4.863537E-07 1
vn -1.46824E-05 4.489043E-06 1
vn -0.8762146 0.4819211 -2.563816E-06
vn 3.359839E-06 -4.32232E-08 -1
vn -0.5503107 0.83496 -1.244359E-06
vn -0.1233866 0.9923587 2.631815E-07
vn 3.29962E-06 6.993768E-07 -1
vn 3.600078E-06 6.99376E-07 -1
vn 3.383445E-06 7.460872E-07 -1
vn -3.285887E-06 -6.766836E-07 1
vn 3.326898E-06 6.993767E-07 -1
vn 3.362841E-06 6.993766E-07 -1
vn -3.426642E-06 -8.43231E-07 1
vn -3.189647E-06 -9.712481E-07 1
vn -0.8689829 0.4948421 -2.531712E-06
vn -0.8689832 0.4948416 -2.679194E-06
vn 3.397987E-06 6.993765E-07 -1
vn 3.29962E-06 6.993768E-07 -1
vn -3.708838E-06 -4.567774E-07 1
vn 1 -2.940387E-06 3.14722E-06
vn -1 2.840088E-06 -3.304451E-06
vn -2.972373E-06 -1 -6.40027E-07
vn 2.972373E-06 1 6.992464E-07
vn -0.6983352 -0.3491654 -0.6248293
vn -3.147222E-06 -6.993777E-07 1
vn 2.909781E-06 6.993783E-07 -1
vn 3.155098E-06 6.993776E-07 -1
vn 3.135407E-06 6.993777E-07 -1
vn 3.174593E-06 6.993776E-07 -1
vn 3.384163E-06 6.993769E-07 -1
vn 3.183717E-06 6.993776E-07 -1
vn -2.324994E-06 -0.9810739 -0.1936338
vn 3.220907E-06 6.993774E-07 -1
vn -2.475571E-06 -0.9810739 -0.1936338
vn 0.7629052 -0.3814529 -0.5219861
vn -0.5053666 -0.7580467 -0.412274
vn 3.139345E-06 6.993777E-07 -1
vn 3.125896E-06 6.993777E-07 -1
vn 3.253502E-06 6.993773E-07 -1
vn 3.17921E-06 6.993776E-07 -1
vn 1 -2.982401E-06 3.147219E-06
vn -1 3.029475E-06 -3.147219E-06
vn 2.60747E-06 -0.1643978 -0.9863942
vn -2.972373E-06 -1 -6.150826E-07
vn -2.519155E-06 -0.990802 -0.1353194
vn 2.60747E-06 -0.1643978 -0.9863942
vn -3.147222E-06 -6.993777E-07 1
vn -3.147222E-06 -6.993777E-07 1
vn -3.147222E-06 -6.993777E-07 1
vn -3.147222E-06 -6.993777E-07 1
vn -0.6304896 -0.709297 -0.3152469
vn 0.6656868 -0.6656896 -0.3372219
vn 0.7299584 -0.577886 -0.3649776
vn -3.147222E-06 -6.993777E-07 1
vn -3.147222E-06 -6.993777E-07 1
vn -3.147222E-06 -6.993777E-07 1
vn -3.147222E-06 -6.993777E-07 1
vn -3.147222E-06 -6.993777E-07 1
vn -3.147222E-06 -6.993777E-07 1
vn -3.147222E-06 -6.993777E-07 1
vn -3.147222E-06 -6.993777E-07 1
vn -3.147222E-06 -6.993777E-07 1
vn -3.147222E-06 -6.993777E-07 1
vn -3.147222E-06 -6.993777E-07 1
vn -3.147222E-06 -6.993777E-07 1
vn -3.147222E-06 -6.993777E-07 1
vn -3.147222E-06 -6.993777E-07 1
vn -3.147222E-06 -6.993777E-07 1
vn -3.147222E-06 -6.993777E-07 1
vn -3.147222E-06 -6.993777E-07 1
vn -3.147222E-06 -6.993777E-07 1
vn -3.147222E-06 -6.993777E-07 1
vn -1 2.654672E-06 -3.234643E-06
vn 1 -2.75497E-06 3.391874E-06
vn -2.622682E-06 -1 -4.090549E-07
vn 2.622682E-06 1 3.498355E-07
vn 0.6983332 -0.3491699 0.624829
vn 3.234644E-06 3.496864E-07 -1
vn -2.997203E-06 -3.49687E-07 1
vn -3.24252E-06 -3.496864E-07 1
vn -3.222829E-06 -3.496864E-07 1
vn -3.262015E-06 -3.496863E-07 1
vn -3.471585E-06 -3.496858E-07 1
vn -3.271139E-06 -3.496863E-07 1
vn -3.181097E-06 -0.9810741 0.1936328
vn -3.308329E-06 -3.496862E-07 1
vn -3.03052E-06 -0.9810741 0.1936327
vn -0.7629074 -0.3814491 0.5219856
vn 0.5053623 -0.75805 0.4122733
vn -3.226767E-06 -3.496864E-07 1
vn -3.213318E-06 -3.496865E-07 1
vn -3.340924E-06 -3.496861E-07 1
vn -3.266632E-06 -3.496863E-07 1
vn -1 2.612657E-06 -3.234643E-06
vn 1 -2.565584E-06 3.234643E-06
vn -3.613522E-06 -0.1643988 0.986394
vn -2.622682E-06 -1 -4.339993E-07
vn -3.036267E-06 -0.9908022 0.1353183
vn -3.613522E-06 -0.1643988 0.986394
vn 3.234644E-06 3.496864E-07 -1
vn 3.234644E-06 3.496864E-07 -1
vn 3.234644E-06 3.496864E-07 -1
vn 3.234644E-06 3.496864E-07 -1
vn 0.6304857 -0.7093009 0.3152463
vn -0.6656905 -0.6656862 0.3372211
vn -0.7299616 -0.5778823 0.3649769
vn 3.234644E-06 3.496864E-07 -1
vn 3.234644E-06 3.496864E-07 -1
vn 3.234644E-06 3.496864E-07 -1
vn 3.234644E-06 3.496864E-07 -1
vn 3.234644E-06 3.496864E-07 -1
vn 3.234644E-06 3.496864E-07 -1
vn 3.234644E-06 3.496864E-07 -1
vn 3.234644E-06 3.496864E-07 -1
vn 3.234644E-06 3.496864E-07 -1
vn 3.234644E-06 3.496864E-07 -1
vn 3.234644E-06 3.496864E-07 -1
vn 3.234644E-06 3.496864E-07 -1
vn 3.234644E-06 3.496864E-07 -1
vn 3.234644E-06 3.496864E-07 -1
vn 3.234644E-06 3.496864E-07 -1
vn 3.234644E-06 3.496864E-07 -1
vn 3.234644E-06 3.496864E-07 -1
vn 3.234644E-06 3.496864E-07 -1
vn 3.234644E-06 3.496864E-07 -1
vn 1 -4.861191E-06 3.285921E-06
vn -1 2.797529E-06 -3.285922E-06
vn -3.322067E-06 -7.013527E-07 1
vn 3.322066E-06 3.639645E-07 -1
vn -2.88763E-06 -1 -4.173656E-07
vn 2.617278E-06 1 2.85218E-07
vn -2.794423E-06 -1 -4.771028E-07
vn -2.796915E-06 -1 -4.771028E-07
vn -2.803691E-06 -1 -4.771028E-07
vn -2.806183E-06 -1 -4.771028E-07
vn -2.790138E-06 -1 -4.771028E-07
vn -2.790138E-06 -1 -4.771028E-07
vn -2.700647E-06 -1 -4.17365E-07
vn 2.796074E-06 1 4.590005E-07
vn 2.799533E-06 1 5.169279E-07
vn 2.801372E-06 1 4.445187E-07
vn 2.792803E-06 1 4.445187E-07
vn 2.790311E-06 1 4.445187E-07
vn 2.794549E-06 1 5.169279E-07
vn 2.808101E-06 1 5.16928E-07
vn 2.799533E-06 1 5.169279E-07
vn 2.882249E-06 1 4.37278E-07
vn 2.803864E-06 1 4.445188E-07
vn 2.792803E-06 1 4.445187E-07
vn 2.803864E-06 1 4.445188E-07
vn 2.799533E-06 1 5.169279E-07
vn 2.802025E-06 1 5.169279E-07
vn 2.982848E-06 1 2.852192E-07
vn 2.802321E-06 1 4.590005E-07
vn 2.800386E-06 1 4.590005E-07
vn 2.795688E-06 1 4.590005E-07
vn 2.803699E-06 1 4.590006E-07
vn 2.798158E-06 1 4.590005E-07
vn 2.802585E-06 1 4.590005E-07
vn 2.802029E-06 1 4.590005E-07
vn 2.694268E-06 1 4.372774E-07
vn 2.80511E-06 1 4.879642E-07
vn 2.793207E-06 1 4.879641E-07
vn 2.793764E-06 1 4.879641E-07
vn 2.791829E-06 1 4.879641E-07
vn 2.804846E-06 1 4.879642E-07
vn 2.804004E-06 1 4.879641E-07
vn 2.7935E-06 1 4.879641E-07
vn 2.794057E-06 1 4.879641E-07
vn 0.9972274 0.06575234 0.03484393
vn -0.9972274 -0.06575233 -0.03484395
vn -0.007034531 -0.3828647 0.9237776
vn 0.007033392 0.3828654 -0.9237773
vn 0.07408118 -0.9214611 -0.3813416
vn -0.07408118 0.9214612 0.3813415
vn 0.9997579 -0.005338218 -0.02134438
vn -0.9997579 0.005338134 0.02134432
vn 0.01698922 -0.4290629 0.9031149
vn -0.01699027 0.4290652 -0.9031138
vn -0.01398089 -0.9032575 -0.4288713
vn 0.01398056 0.9032575 0.4288712
vn -3.068572E-06 -1.916745E-06 1
vn 3.308699E-06 -1.04457E-06 -1
vn -2.635309E-06 -1 -6.993861E-07
vn 2.643031E-06 1 7.1904E-07
vn 1 -2.858531E-06 3.218673E-06
vn -1 1.679295E-06 -3.237476E-06
vn 2.634714E-06 0.9999946 -0.003319662
vn -3.03879E-06 -1.249125E-06 1
vn 0.05908085 -0.005588957 -0.9982376
vn -0.9998975 -0.006027042 -0.01298563
vn 0.001096724 0.999788 -0.02055912
vn -0.0002707134 -0.08312716 -0.9965389
vn 1 -2.297825E-06 -0.0001282478
vn -0.05888863 -0.077113 0.9952818
vn 1.780508E-06 1 1.779196E-07
vn -4.310655E-06 -1 -7.372347E-07
vn 1 -2.781119E-06 3.219305E-06
vn -0.9999654 -0.005984072 -0.005782858
vn 4.523004E-06 5.151599E-07 -1
vn 0.03996157 -5.136362E-07 0.9992012
vn -1 2.388041E-06 -2.844341E-06
vn 0.03996386 -8.394899E-07 0.9992012
vn 0.03997067 -0.005709037 -0.9991845
vn 8.755733E-07 1 -2.577403E-08
vn -2.648091E-06 -1 -6.031565E-07
vn 1 -2.650117E-06 3.817791E-06
vn -0.9999823 -0.005950304 -3.565534E-06
vn 0.007695869 -0.00714191 -0.9999449
vn 0.0384052 -0.03566592 0.9986256
vn -0.9999824 -0.005949454 -2.730758E-06
vn -3.32017E-06 -0.02974937 0.9995574
vn 6.246832E-06 -0.005951944 -0.9999823
vn 0.72807 -0.6760666 -0.1133497
vn 1 -2.791666E-06 3.14722E-06
vn -0.8479999 2.171923E-06 0.5299963
vn -2.797527E-06 -1 -5.776154E-07
vn 2.797528E-06 1 3.959822E-07
vn 3.146371E-06 3.435094E-07 -1
vn -0.5300018 1.143423E-06 0.8479966
vn 0.3015094 -0.9045351 -0.3015102
vn -0.3015115 0.9045335 0.3015128
vn 3.039835E-06 5.303949E-07 -1
vn 0.5299965 -2.035201E-06 0.8479999
vn -3.200293E-06 -1 -5.24542E-07
vn 3.01866E-06 1 5.245415E-07
vn -1 2.966197E-06 -3.038983E-06
vn 0.8479967 -2.841301E-06 0.5300016
vn -0.3015126 -0.9045333 -0.3015124
vn 0.3015152 0.9045317 0.3015145
vn 1 -2.70848E-06 3.288004E-06
vn -1 2.619431E-06 -3.363992E-06
vn -3.268879E-06 -2.350366E-07 1
vn 3.275261E-06 3.03068E-07 -1
vn -2.799036E-06 -1 -4.528736E-07
vn 2.798777E-06 1 4.21125E-07
vn 1 -2.130426E-06 3.446724E-06
vn -1 1.463318E-06 -3.50918E-06
vn -3.253958E-06 2.197389E-06 1
vn 3.251903E-06 6.380967E-07 -1
vn -2.837416E-06 -1 -5.16371E-07
vn 2.73062E-06 1 5.163707E-07
vn -6.163654E-08 0.9659259 0.258819
vn -1.6958E-07 0.7071069 0.7071067
vn -2.385346E-07 0.258819 0.9659259
vn -2.118009E-07 -0.2588192 0.9659258
vn -1.639364E-07 -0.7071068 0.7071069
vn -6.158044E-08 -0.9659259 0.2588191
vn 6.17989E-08 -0.9659258 -0.2588193
vn 1.699476E-07 -0.7071068 -0.7071068
vn 2.286073E-07 -0.258819 -0.9659259
vn 2.470952E-07 0.258819 -0.9659259
vn 1.675947E-07 0.7071068 -0.7071068
vn 6.270061E-08 0.9659259 -0.258819
vn 1 -6.070844E-08 1.788139E-07
vn -1 7.229823E-08 -1.788139E-07
vn -6.163654E-08 0.9659259 0.258819
vn -1.6958E-07 0.7071069 0.7071067
vn -2.385346E-07 0.258819 0.9659259
vn -2.118009E-07 -0.2588192 0.9659258
vn -1.639364E-07 -0.7071068 0.7071069
vn -6.158044E-08 -0.9659259 0.2588191
vn 6.17989E-08 -0.9659258 -0.2588193
vn 1.699476E-07 -0.7071068 -0.7071068
vn 2.286073E-07 -0.258819 -0.9659259
vn 2.470952E-07 0.258819 -0.9659259
vn 1.675947E-07 0.7071068 -0.7071068
vn 6.270061E-08 0.9659259 -0.258819
vn 1 -6.070844E-08 1.788139E-07
vn -1 7.229823E-08 -1.788139E-07
vn -0.2581988 0.06918413 -0.9636114
vn -0.6947465 0.1861568 -0.6947467
vn -0.9351131 0.2505629 -0.2505629
vn -0.9351133 0.250563 0.2505623
vn -0.6947467 0.186157 0.6947465
vn -0.258199 0.06918433 0.9636114
vn 0.2581986 -0.06918412 0.9636115
vn 0.6947468 -0.1861569 0.6947464
vn 0.935113 -0.2505629 0.2505633
vn 0.9351131 -0.250563 -0.2505631
vn 0.6947468 -0.186157 -0.6947464
vn 0.2581988 -0.06918426 -0.9636115
vn -0.1890145 0.1890146 -0.9636115
vn -0.5085898 0.5085899 -0.6947466
vn -0.6845502 0.6845503 -0.2505629
vn -0.6845503 0.6845504 0.2505626
vn -0.5085899 0.5085899 0.6947465
vn -0.1890148 0.1890148 0.9636114
vn 0.1890145 -0.1890146 0.9636114
vn 0.5085899 -0.50859 0.6947464
vn 0.6845503 -0.6845502 0.2505634
vn 0.6845503 -0.6845503 -0.250563
vn 0.50859 -0.50859 -0.6947463
vn 0.1890146 -0.1890145 -0.9636115
vn -0.069184 0.2581989 -0.9636114
vn -0.1861566 0.6947464 -0.6947469
vn -0.2505628 0.9351133 -0.2505626
vn -0.2505628 0.9351133 0.2505623
vn -0.1861568 0.6947466 0.6947466
vn -0.06918434 0.2581991 0.9636113
vn 0.06918401 -0.2581989 0.9636114
vn 0.1861567 -0.6947469 0.6947464
vn 0.2505627 -0.935113 0.2505632
vn 0.2505627 -0.9351132 -0.2505629
vn 0.1861569 -0.6947469 -0.6947464
vn 0.06918425 -0.2581986 -0.9636114
vn 0.06918439 0.2581987 -0.9636114
vn 0.186157 0.6947466 -0.6947466
vn 0.2505628 0.9351131 -0.2505629
vn 0.2505628 0.9351131 0.2505627
vn 0.1861567 0.6947466 0.6947467
vn 0.06918404 0.2581989 0.9636114
vn -0.06918438 -0.2581988 0.9636114
vn -0.1861569 -0.6947467 0.6947464
vn -0.2505628 -0.9351131 0.2505631
vn -0.2505629 -0.9351131 -0.250563
vn -0.1861567 -0.6947468 -0.6947464
vn -0.06918395 -0.2581988 -0.9636114
vn 0.1890148 0.1890146 -0.9636114
vn 0.50859 0.5085899 -0.6947464
vn 0.6845503 0.6845503 -0.250563
vn 0.6845502 0.6845505 0.2505629
vn 0.5085897 0.5085899 0.6947466
vn 0.1890144 0.1890147 0.9636114
vn -0.1890149 -0.1890147 0.9636114
vn -0.50859 -0.5085899 0.6947464
vn -0.6845503 -0.6845503 0.250563
vn -0.6845502 -0.6845504 -0.2505631
vn -0.5085897 -0.50859 -0.6947466
vn -0.1890144 -0.1890146 -0.9636115
vn 0.2581989 0.06918398 -0.9636114
vn 0.6947466 0.1861567 -0.6947467
vn 0.9351132 0.2505628 -0.2505628
vn 0.9351131 0.2505629 0.2505629
vn 0.6947463 0.1861569 0.6947469
vn 0.2581987 0.0691843 0.9636115
vn -0.2581991 -0.06918406 0.9636113
vn -0.6947467 -0.1861567 0.6947465
vn -0.9351131 -0.2505628 0.2505631
vn -0.935113 -0.2505629 -0.2505634
vn -0.6947466 -0.1861569 -0.6947466
vn -0.2581984 -0.06918427 -0.9636115
vn 0.2581989 -0.06918435 -0.9636114
vn 0.6947467 -0.186157 -0.6947465
vn 0.9351132 -0.2505631 -0.2505625
vn 0.9351131 -0.250563 0.2505626
vn 0.6947465 -0.1861569 0.6947467
vn 0.2581986 -0.06918412 0.9636115
vn -0.2581991 0.06918438 0.9636113
vn -0.6947467 0.186157 0.6947464
vn -0.9351131 0.2505631 0.2505625
vn -0.935113 0.2505631 -0.2505629
vn -0.6947464 0.1861569 -0.6947468
vn -0.2581984 0.06918402 -0.9636115
vn 0.1890148 -0.1890148 -0.9636114
vn 0.5085899 -0.50859 -0.6947464
vn 0.6845503 -0.6845506 -0.2505623
vn 0.6845502 -0.6845505 0.2505627
vn 0.5085896 -0.5085898 0.6947468
vn 0.1890144 -0.1890146 0.9636115
vn -0.1890149 0.189015 0.9636112
vn -0.5085899 0.50859 0.6947463
vn -0.6845503 0.6845504 0.2505627
vn -0.6845502 0.6845503 -0.2505631
vn -0.5085896 0.5085898 -0.6947467
vn -0.1890143 0.1890144 -0.9636115
vn 0.06918435 -0.2581989 -0.9636114
vn 0.1861569 -0.6947467 -0.6947465
vn 0.2505629 -0.9351133 -0.2505623
vn 0.2505628 -0.9351133 0.2505626
vn 0.1861566 -0.6947464 0.6947469
vn 0.069184 -0.2581987 0.9636114
vn -0.06918436 0.2581989 0.9636114
vn -0.1861569 0.694747 0.6947462
vn -0.2505628 0.9351132 0.2505629
vn -0.2505627 0.9351131 -0.2505632
vn -0.1861566 0.6947467 -0.6947466
vn -0.06918391 0.2581984 -0.9636115
vn -0.069184 -0.2581991 -0.9636114
vn -0.1861567 -0.6947466 -0.6947467
vn -0.2505629 -0.9351132 -0.2505624
vn -0.2505628 -0.9351133 0.2505625
vn -0.1861569 -0.6947464 0.6947468
vn -0.06918435 -0.2581988 0.9636114
vn 0.06918401 0.258199 0.9636114
vn 0.1861566 0.6947469 0.6947463
vn 0.2505627 0.9351132 0.250563
vn 0.2505628 0.9351131 -0.2505631
vn 0.1861569 0.6947467 -0.6947465
vn 0.06918425 0.2581985 -0.9636115
vn -0.1890145 -0.1890148 -0.9636114
vn -0.5085897 -0.5085899 -0.6947467
vn -0.6845504 -0.6845505 -0.2505623
vn -0.6845504 -0.6845505 0.2505625
vn -0.5085899 -0.5085897 0.6947466
vn -0.1890148 -0.1890146 0.9636114
vn 0.1890146 0.1890149 0.9636114
vn 0.50859 0.5085902 0.6947463
vn 0.6845503 0.6845503 0.2505631
vn 0.6845504 0.6845502 -0.250563
vn 0.5085899 0.5085899 -0.6947465
vn 0.1890147 0.1890145 -0.9636115
vn -0.2581987 -0.0691842 -0.9636114
vn -0.6947464 -0.1861567 -0.6947469
vn -0.9351131 -0.2505627 -0.2505631
vn -0.9351133 -0.2505627 0.2505628
vn -0.6947467 -0.1861566 0.6947466
vn -0.258199 -0.069184 0.9636114
vn 0.2581988 0.06918425 0.9636114
vn 0.6947467 0.1861568 0.6947465
vn 0.9351131 0.2505626 0.2505631
vn 0.9351133 0.2505626 -0.2505627
vn 0.6947468 0.1861565 -0.6947466
vn 0.2581988 0.06918398 -0.9636114
vn -0.2581989 0.06918406 -0.9636114
vn -0.6947466 0.1861568 -0.6947466
vn -0.9351131 0.2505629 -0.250563
vn -0.9351131 0.2505629 0.250563
vn -0.6947465 0.1861569 0.6947467
vn -0.2581989 0.06918435 0.9636114
vn 0.258199 -0.06918408 0.9636114
vn 0.6947468 -0.1861568 0.6947464
vn 0.9351131 -0.2505628 0.250563
vn 0.9351131 -0.2505629 -0.2505628
vn 0.6947466 -0.1861569 -0.6947467
vn 0.2581987 -0.06918424 -0.9636114
vn -0.1890147 0.1890145 -0.9636115
vn -0.5085899 0.5085898 -0.6947466
vn -0.6845503 0.6845503 -0.2505629
vn -0.6845503 0.6845504 0.2505628
vn -0.5085899 0.5085899 0.6947464
vn -0.1890147 0.1890148 0.9636114
vn 0.1890148 -0.1890146 0.9636114
vn 0.5085899 -0.5085899 0.6947464
vn 0.6845503 -0.6845502 0.250563
vn 0.6845504 -0.6845503 -0.2505628
vn 0.5085897 -0.5085899 -0.6947467
vn 0.1890146 -0.1890147 -0.9636114
vn -0.06918418 0.2581988 -0.9636115
vn -0.1861568 0.6947466 -0.6947467
vn -0.2505627 0.9351131 -0.250563
vn -0.2505626 0.9351133 0.2505628
vn -0.1861567 0.6947467 0.6947466
vn -0.06918418 0.258199 0.9636114
vn 0.06918419 -0.258199 0.9636114
vn 0.1861567 -0.6947467 0.6947466
vn 0.2505627 -0.9351132 0.2505629
vn 0.2505626 -0.9351133 -0.2505626
vn 0.1861567 -0.6947466 -0.6947466
vn 0.06918412 -0.2581989 -0.9636114
vn 0.0691842 0.2581987 -0.9636115
vn 0.1861569 0.6947467 -0.6947466
vn 0.2505628 0.935113 -0.2505631
vn 0.2505629 0.9351131 0.2505628
vn 0.1861568 0.6947467 0.6947466
vn 0.0691842 0.258199 0.9636114
vn -0.06918424 -0.258199 0.9636114
vn -0.1861567 -0.6947466 0.6947467
vn -0.2505628 -0.9351131 0.250563
vn -0.2505629 -0.9351132 -0.2505627
vn -0.1861567 -0.6947466 -0.6947466
vn -0.06918415 -0.2581989 -0.9636114
vn 0.1890147 0.1890147 -0.9636114
vn 0.50859 0.5085899 -0.6947464
vn 0.6845502 0.6845502 -0.2505635
vn 0.6845502 0.6845503 0.2505633
vn 0.5085898 0.5085899 0.6947465
vn 0.1890147 0.1890148 0.9636114
vn -0.1890148 -0.1890148 0.9636113
vn -0.5085897 -0.5085897 0.6947468
vn -0.6845503 -0.6845503 0.250563
vn -0.6845503 -0.6845505 -0.2505627
vn -0.5085897 -0.5085898 -0.6947467
vn -0.1890146 -0.1890146 -0.9636114
vn 0.2581988 0.06918409 -0.9636114
vn 0.6947466 0.1861567 -0.6947467
vn 0.9351131 0.2505628 -0.2505631
vn 0.9351131 0.2505629 0.2505629
vn 0.6947465 0.1861569 0.6947467
vn 0.2581989 0.06918428 0.9636114
vn -0.2581991 -0.06918409 0.9636114
vn -0.6947466 -0.1861566 0.6947468
vn -0.9351131 -0.2505628 0.250563
vn -0.9351131 -0.2505628 -0.2505631
vn -0.6947465 -0.1861568 -0.6947468
vn -0.2581987 -0.06918426 -0.9636114
vn 0.2581989 -0.06918436 -0.9636114
vn 0.6947465 -0.186157 -0.6947467
vn 0.9351132 -0.2505631 -0.2505624
vn 0.9351133 -0.250563 0.2505621
vn 0.6947465 -0.1861568 0.6947467
vn 0.2581989 -0.06918412 0.9636114
vn -0.2581991 0.06918439 0.9636113
vn -0.6947465 0.1861569 0.6947467
vn -0.9351131 0.2505631 0.2505625
vn -0.9351131 0.2505631 -0.2505626
vn -0.6947464 0.1861569 -0.6947467
vn -0.2581987 0.06918408 -0.9636114
vn 0.1890146 -0.1890148 -0.9636114
vn 0.5085896 -0.50859 -0.6947467
vn 0.6845502 -0.6845505 -0.2505626
vn 0.6845502 -0.6845505 0.2505628
vn 0.5085897 -0.5085899 0.6947467
vn 0.1890146 -0.1890145 0.9636115
vn -0.1890148 0.189015 0.9636113
vn -0.5085898 0.50859 0.6947465
vn -0.6845503 0.6845504 0.2505627
vn -0.6845503 0.6845503 -0.250563
vn -0.5085897 0.5085897 -0.6947467
vn -0.1890145 0.1890145 -0.9636115
vn 0.06918418 -0.2581991 -0.9636113
vn 0.1861568 -0.6947468 -0.6947465
vn 0.2505628 -0.9351131 -0.2505628
vn 0.2505627 -0.9351131 0.250563
vn 0.1861567 -0.6947466 0.6947468
vn 0.06918418 -0.2581988 0.9636115
vn -0.0691842 0.2581992 0.9636114
vn -0.1861567 0.6947469 0.6947464
vn -0.2505628 0.9351133 0.2505626
vn -0.2505627 0.9351132 -0.2505628
vn -0.1861568 0.6947464 -0.6947468
vn -0.06918413 0.2581987 -0.9636114
vn -0.06918415 -0.2581991 -0.9636113
vn -0.1861568 -0.6947468 -0.6947464
vn -0.2505627 -0.9351132 -0.2505628
vn -0.2505628 -0.9351131 0.250563
vn -0.1861567 -0.6947466 0.6947468
vn -0.06918415 -0.2581988 0.9636114
vn 0.06918421 0.2581991 0.9636114
vn 0.1861567 0.6947468 0.6947464
vn 0.2505627 0.9351133 0.2505626
vn 0.2505626 0.9351132 -0.2505628
vn 0.1861567 0.6947465 -0.6947469
vn 0.06918412 0.2581986 -0.9636114
vn -0.1890147 -0.1890148 -0.9636114
vn -0.5085898 -0.5085899 -0.6947466
vn -0.6845504 -0.6845505 -0.2505623
vn -0.6845503 -0.6845503 0.2505629
vn -0.5085899 -0.5085899 0.6947466
vn -0.1890146 -0.1890146 0.9636115
vn 0.1890148 0.1890149 0.9636113
vn 0.5085899 0.50859 0.6947465
vn 0.6845503 0.6845503 0.2505628
vn 0.6845503 0.6845503 -0.250563
vn 0.5085897 0.5085899 -0.6947467
vn 0.1890146 0.1890144 -0.9636114
vn -0.2581989 -0.06918433 -0.9636114
vn -0.6947463 -0.1861566 -0.694747
vn -0.9351133 -0.2505627 -0.2505625
vn -0.9351131 -0.2505626 0.2505631
vn -0.6947466 -0.1861565 0.6947468
vn -0.2581988 -0.069184 0.9636115
vn 0.258199 0.0691843 0.9636113
vn 0.6947467 0.1861567 0.6947466
vn 0.9351133 0.2505626 0.2505626
vn 0.9351133 0.2505625 -0.2505628
vn 0.6947464 0.1861565 -0.6947469
vn 0.2581988 0.06918395 -0.9636114
vn -0.2581988 0.06918412 -0.9636115
vn -0.6947464 0.1861567 -0.6947469
vn -0.9351131 0.2505628 -0.250563
vn -0.9351133 0.2505629 0.2505621
vn -0.6947466 0.1861569 0.6947466
vn -0.2581992 0.06918434 0.9636114
vn 0.2581987 -0.06918404 0.9636115
vn 0.6947467 -0.1861568 0.6947466
vn 0.9351131 -0.250563 0.2505629
vn 0.9351131 -0.250563 -0.2505627
vn 0.6947467 -0.186157 -0.6947465
vn 0.2581987 -0.06918427 -0.9636114
vn -0.1890146 0.1890147 -0.9636115
vn -0.5085896 0.5085897 -0.6947469
vn -0.6845503 0.6845503 -0.2505631
vn -0.6845503 0.6845503 0.2505628
vn -0.5085898 0.5085897 0.6947467
vn -0.1890149 0.1890149 0.9636114
vn 0.1890146 -0.1890147 0.9636114
vn 0.5085897 -0.5085899 0.6947466
vn 0.6845503 -0.6845503 0.2505631
vn 0.6845504 -0.6845503 -0.2505628
vn 0.50859 -0.5085899 -0.6947465
vn 0.1890147 -0.1890146 -0.9636115
vn -0.06918401 0.2581988 -0.9636115
vn -0.1861566 0.6947466 -0.6947467
vn -0.2505627 0.9351131 -0.2505631
vn -0.2505627 0.9351131 0.2505628
vn -0.1861569 0.6947467 0.6947466
vn -0.06918435 0.2581991 0.9636114
vn 0.06918405 -0.258199 0.9636114
vn 0.1861566 -0.6947469 0.6947465
vn 0.2505627 -0.9351131 0.250563
vn 0.2505627 -0.9351131 -0.2505628
vn 0.1861568 -0.6947469 -0.6947464
vn 0.06918429 -0.2581988 -0.9636114
vn 0.06918442 0.2581989 -0.9636114
vn 0.1861568 0.6947465 -0.6947468
vn 0.2505628 0.9351132 -0.2505628
vn 0.2505628 0.9351131 0.2505627
vn 0.1861566 0.6947465 0.6947468
vn 0.06918406 0.2581992 0.9636113
vn -0.06918439 -0.2581989 0.9636114
vn -0.1861568 -0.6947467 0.6947466
vn -0.2505629 -0.9351131 0.250563
vn -0.2505629 -0.9351131 -0.2505629
vn -0.1861567 -0.6947467 -0.6947465
vn -0.06918395 -0.2581987 -0.9636114
vn 0.1890149 0.1890146 -0.9636114
vn 0.5085898 0.5085896 -0.6947467
vn 0.6845503 0.6845505 -0.2505627
vn 0.6845503 0.6845504 0.2505626
vn 0.5085895 0.5085897 0.6947469
vn 0.1890146 0.1890149 0.9636114
vn -0.189015 -0.1890148 0.9636113
vn -0.5085899 -0.5085897 0.6947466
vn -0.6845503 -0.6845503 0.2505628
vn -0.6845502 -0.6845505 -0.250563
vn -0.5085896 -0.5085899 -0.6947468
vn -0.1890144 -0.1890147 -0.9636115
vn 0.2581992 0.06918407 -0.9636114
vn 0.6947466 0.1861566 -0.6947467
vn 0.9351133 0.2505628 -0.2505626
vn 0.9351131 0.2505628 0.2505629
vn 0.6947462 0.1861567 0.6947471
vn 0.2581987 0.06918429 0.9636115
vn -0.2581992 -0.0691841 0.9636113
vn -0.6947468 -0.1861567 0.6947465
vn -0.9351131 -0.2505628 0.2505628
vn -0.935113 -0.2505629 -0.2505633
vn -0.6947464 -0.1861569 -0.6947468
vn -0.2581984 -0.0691842 -0.9636115
vn 0.2581991 -0.06918436 -0.9636114
vn 0.6947464 -0.1861569 -0.6947468
vn 0.9351133 -0.250563 -0.2505621
vn 0.9351131 -0.250563 0.2505627
vn 0.6947463 -0.1861567 0.694747
vn 0.2581988 -0.06918415 0.9636115
vn -0.2581992 0.06918441 0.9636113
vn -0.6947467 0.186157 0.6947465
vn -0.9351131 0.250563 0.2505628
vn -0.935113 0.250563 -0.2505632
vn -0.6947465 0.1861569 -0.6947467
vn -0.2581984 0.06918405 -0.9636116
vn 0.1890148 -0.1890148 -0.9636114
vn 0.5085897 -0.5085899 -0.6947466
vn 0.6845503 -0.6845505 -0.2505625
vn 0.6845502 -0.6845505 0.2505628
vn 0.5085895 -0.5085897 0.6947469
vn 0.1890145 -0.1890146 0.9636115
vn -0.1890149 0.189015 0.9636113
vn -0.5085899 0.50859 0.6947464
vn -0.6845503 0.6845504 0.2505627
vn -0.6845502 0.6845504 -0.2505632
vn -0.5085897 0.5085899 -0.6947467
vn -0.1890143 0.1890144 -0.9636115
vn 0.06918436 -0.2581989 -0.9636114
vn 0.1861569 -0.6947467 -0.6947464
vn 0.2505628 -0.9351132 -0.2505628
vn 0.2505627 -0.9351131 0.2505631
vn 0.1861566 -0.6947465 0.6947469
vn 0.06918402 -0.2581988 0.9636115
vn -0.0691844 0.2581991 0.9636113
vn -0.1861569 0.6947469 0.6947463
vn -0.2505627 0.9351131 0.2505627
vn -0.2505627 0.9351131 -0.2505631
vn -0.1861566 0.6947466 -0.6947467
vn -0.06918395 0.2581985 -0.9636115
vn -0.06918401 -0.2581991 -0.9636113
vn -0.1861567 -0.6947467 -0.6947466
vn -0.2505627 -0.9351131 -0.2505629
vn -0.2505628 -0.9351131 0.250563
vn -0.1861569 -0.6947465 0.6947467
vn -0.06918436 -0.2581989 0.9636114
vn 0.06918406 0.2581991 0.9636114
vn 0.1861567 0.6947469 0.6947464
vn 0.2505628 0.9351131 0.2505628
vn 0.2505628 0.9351131 -0.250563
vn 0.1861569 0.6947466 -0.6947466
vn 0.06918429 0.2581986 -0.9636115
vn -0.1890146 -0.1890149 -0.9636114
vn -0.5085897 -0.50859 -0.6947466
vn -0.6845502 -0.6845505 -0.250563
vn -0.6845504 -0.6845503 0.250563
vn -0.5085899 -0.5085898 0.6947465
vn -0.1890148 -0.1890146 0.9636114
vn 0.1890147 0.1890149 0.9636114
vn 0.5085898 0.50859 0.6947465
vn 0.6845503 0.6845504 0.2505629
vn 0.6845503 0.6845503 -0.2505628
vn 0.5085899 0.5085898 -0.6947467
vn 0.1890147 0.1890146 -0.9636115
vn -0.2581988 -0.06918424 -0.9636114
vn -0.6947465 -0.1861567 -0.6947468
vn -0.9351131 -0.2505626 -0.2505631
vn -0.9351133 -0.2505626 0.2505628
vn -0.6947467 -0.1861565 0.6947466
vn -0.2581991 -0.06918403 0.9636113
vn 0.2581988 0.06918429 0.9636114
vn 0.6947466 0.1861567 0.6947467
vn 0.9351131 0.2505627 0.2505631
vn 0.9351132 0.2505626 -0.2505629
vn 0.6947467 0.1861565 -0.6947466
vn 0.2581989 0.06918392 -0.9636114
vn 0.258819 0.9659258 -6.989396E-08
vn 0.7071068 0.7071069 5.093163E-08
vn 0.9659259 0.258819 1.254991E-07
vn 0.9659258 -0.2588191 1.998116E-07
vn 0.7071068 -0.7071068 2.065373E-07
vn 0.258819 -0.9659258 1.586023E-07
vn -0.2588192 -0.9659258 7.06589E-08
vn -0.7071068 -0.7071068 -4.882339E-08
vn -0.9659259 -0.258819 -1.257794E-07
vn -0.9659259 0.258819 -1.947796E-07
vn -0.7071068 0.7071069 -1.963373E-07
vn -0.2588188 0.9659259 -1.593673E-07
vn 1.748456E-07 -1.192093E-07 -1
vn -1.748456E-07 1.192093E-07 1
vn 0.2581987 0.06918418 0.9636114
vn 0.6947465 0.1861569 0.6947467
vn 0.935113 0.250563 0.2505629
vn 0.9351132 0.2505631 -0.2505623
vn 0.6947467 0.186157 -0.6947463
vn 0.2581991 0.06918438 -0.9636114
vn -0.2581986 -0.06918417 -0.9636115
vn -0.6947468 -0.186157 -0.6947464
vn -0.935113 -0.250563 -0.2505633
vn -0.935113 -0.2505631 0.250563
vn -0.6947468 -0.186157 0.6947463
vn -0.2581989 -0.0691843 0.9636114
vn 0.1890144 0.1890146 0.9636114
vn 0.5085897 0.5085899 0.6947466
vn 0.6845503 0.6845505 0.2505628
vn 0.6845503 0.6845504 -0.2505627
vn 0.5085899 0.5085899 -0.6947464
vn 0.1890149 0.1890148 -0.9636114
vn -0.1890145 -0.1890147 -0.9636115
vn -0.5085899 -0.5085902 -0.6947464
vn -0.6845503 -0.6845503 -0.2505632
vn -0.6845503 -0.6845504 0.2505631
vn -0.50859 -0.50859 0.6947463
vn -0.1890147 -0.1890145 0.9636115
vn 0.06918389 0.2581989 0.9636114
vn 0.1861565 0.6947466 0.6947468
vn 0.2505626 0.9351133 0.2505624
vn 0.2505627 0.9351133 -0.2505625
vn 0.1861568 0.6947465 -0.6947467
vn 0.06918439 0.2581991 -0.9636114
vn -0.0691839 -0.258199 -0.9636114
vn -0.1861565 -0.694747 -0.6947464
vn -0.2505626 -0.9351132 -0.250563
vn -0.2505626 -0.9351131 0.2505631
vn -0.1861568 -0.6947467 0.6947464
vn -0.0691843 -0.2581986 0.9636115
vn -0.06918453 0.2581987 0.9636115
vn -0.1861572 0.6947466 0.6947466
vn -0.2505631 0.9351131 0.2505626
vn -0.250563 0.935113 -0.2505629
vn -0.1861568 0.6947464 -0.6947467
vn -0.06918401 0.2581989 -0.9636114
vn 0.06918452 -0.2581988 -0.9636114
vn 0.1861572 -0.6947468 -0.6947464
vn 0.2505631 -0.9351131 -0.2505629
vn 0.250563 -0.935113 0.2505632
vn 0.1861568 -0.6947467 0.6947465
vn 0.06918392 -0.2581987 0.9636115
vn -0.189015 0.1890146 0.9636114
vn -0.5085903 0.5085898 0.6947463
vn -0.6845506 0.6845501 0.2505627
vn -0.6845503 0.6845502 -0.2505631
vn -0.5085897 0.5085898 -0.6947467
vn -0.1890144 0.1890147 -0.9636115
vn 0.1890151 -0.1890146 -0.9636114
vn 0.5085903 -0.5085899 -0.6947463
vn 0.6845506 -0.6845502 -0.2505628
vn 0.6845504 -0.6845502 0.2505633
vn 0.5085898 -0.5085899 0.6947467
vn 0.1890143 -0.1890145 0.9636115
vn -0.2581991 0.06918394 0.9636114
vn -0.6947468 0.1861566 0.6947466
vn -0.9351133 0.2505626 0.2505625
vn -0.9351131 0.2505627 -0.250563
vn -0.6947464 0.1861567 -0.694747
vn -0.2581987 0.06918425 -0.9636115
vn 0.2581992 -0.06918402 -0.9636113
vn 0.694747 -0.1861566 -0.6947464
vn 0.9351131 -0.2505626 -0.2505629
vn 0.9351131 -0.2505627 0.2505635
vn 0.6947466 -0.1861567 0.6947466
vn 0.2581984 -0.06918422 0.9636115
vn -0.258199 -0.06918439 0.9636114
vn -0.6947467 -0.1861571 0.6947464
vn -0.9351131 -0.2505631 0.2505624
vn -0.9351131 -0.2505631 -0.2505626
vn -0.6947466 -0.186157 -0.6947467
vn -0.2581986 -0.06918417 -0.9636115
vn 0.2581992 0.06918442 -0.9636113
vn 0.6947469 0.1861571 -0.6947464
vn 0.9351132 0.2505632 -0.2505624
vn 0.9351131 0.2505632 0.2505629
vn 0.6947464 0.186157 0.6947468
vn 0.2581984 0.06918407 0.9636116
vn -0.1890149 -0.1890149 0.9636114
vn -0.50859 -0.5085901 0.6947463
vn -0.6845502 -0.6845506 0.2505623
vn -0.6845502 -0.6845506 -0.2505626
vn -0.5085896 -0.5085899 -0.6947468
vn -0.1890144 -0.1890146 -0.9636114
vn 0.189015 0.189015 -0.9636112
vn 0.50859 0.5085901 -0.6947463
vn 0.6845503 0.6845505 -0.2505628
vn 0.6845502 0.6845504 0.250563
vn 0.5085896 0.5085899 0.6947467
vn 0.1890143 0.1890144 0.9636116
vn -0.06918439 -0.2581989 0.9636114
vn -0.1861568 -0.6947466 0.6947466
vn -0.2505628 -0.9351133 0.2505625
vn -0.2505626 -0.9351133 -0.2505624
vn -0.1861565 -0.6947466 -0.6947468
vn -0.06918389 -0.2581987 -0.9636115
vn 0.06918441 0.2581989 -0.9636114
vn 0.1861569 0.6947469 -0.6947463
vn 0.2505627 0.9351131 -0.2505631
vn 0.2505625 0.9351132 0.250563
vn 0.1861565 0.6947468 0.6947465
vn 0.0691838 0.2581985 0.9636115
vn 0.06918398 -0.2581991 0.9636114
vn 0.1861567 -0.6947464 0.6947468
vn 0.2505631 -0.9351132 0.2505626
vn 0.2505631 -0.9351133 -0.2505623
vn 0.1861571 -0.6947464 -0.6947467
vn 0.0691845 -0.2581989 -0.9636114
vn -0.06918398 0.258199 -0.9636114
vn -0.1861567 0.6947469 -0.6947464
vn -0.2505628 0.9351131 -0.2505632
vn -0.2505631 0.9351131 0.2505628
vn -0.1861572 0.6947467 0.6947464
vn -0.06918439 0.2581985 0.9636115
vn 0.1890145 -0.1890147 0.9636115
vn 0.5085897 -0.5085897 0.6947467
vn 0.6845505 -0.6845502 0.2505625
vn 0.6845506 -0.6845503 -0.2505623
vn 0.5085903 -0.5085897 -0.6947464
vn 0.189015 -0.1890146 -0.9636114
vn -0.1890146 0.1890149 -0.9636114
vn -0.50859 0.50859 -0.6947463
vn -0.6845505 0.68455 -0.2505633
vn -0.6845507 0.6845501 0.2505628
vn -0.5085902 0.5085897 0.6947463
vn -0.1890148 0.1890145 0.9636114
vn 0.2581987 -0.06918415 0.9636114
vn 0.6947465 -0.1861566 0.6947469
vn 0.9351131 -0.2505625 0.2505631
vn 0.9351133 -0.2505625 -0.2505626
vn 0.694747 -0.1861565 -0.6947464
vn 0.2581991 -0.06918395 -0.9636113
vn -0.2581988 0.0691842 -0.9636114
vn -0.6947468 0.1861567 -0.6947466
vn -0.9351131 0.2505624 -0.2505632
vn -0.9351134 0.2505624 0.2505625
vn -0.694747 0.1861564 0.6947464
vn -0.258199 0.06918393 0.9636114
vn 0.2581988 0.06918411 0.9636114
vn 0.6947467 0.1861569 0.6947466
vn 0.935113 0.250563 0.2505629
vn 0.935113 0.250563 -0.2505629
vn 0.6947466 0.186157 -0.6947466
vn 0.258199 0.06918439 -0.9636114
vn -0.2581989 -0.06918412 -0.9636114
vn -0.6947468 -0.1861569 -0.6947464
vn -0.935113 -0.2505629 -0.2505629
vn -0.9351131 -0.250563 0.2505627
vn -0.6947467 -0.186157 0.6947466
vn -0.2581988 -0.06918429 0.9636114
vn 0.1890147 0.1890146 0.9636115
vn 0.5085899 0.5085899 0.6947466
vn 0.6845503 0.6845504 0.2505627
vn 0.6845503 0.6845505 -0.2505628
vn 0.50859 0.50859 -0.6947464
vn 0.1890148 0.1890148 -0.9636114
vn -0.1890147 -0.1890147 -0.9636114
vn -0.5085899 -0.50859 -0.6947464
vn -0.6845503 -0.6845503 -0.2505629
vn -0.6845504 -0.6845503 0.2505629
vn -0.5085897 -0.5085899 0.6947466
vn -0.1890147 -0.1890147 0.9636114
vn 0.06918406 0.2581988 0.9636115
vn 0.1861567 0.6947467 0.6947466
vn 0.2505626 0.9351133 0.2505628
vn 0.2505625 0.9351132 -0.250563
vn 0.1861567 0.6947466 -0.6947466
vn 0.06918422 0.258199 -0.9636114
vn -0.06918408 -0.258199 -0.9636114
vn -0.1861566 -0.6947469 -0.6947464
vn -0.2505626 -0.9351133 -0.2505627
vn -0.2505625 -0.9351132 0.2505628
vn -0.1861567 -0.6947465 0.6947467
vn -0.06918417 -0.2581989 0.9636114
vn -0.06918435 0.2581987 0.9636114
vn -0.1861571 0.6947467 0.6947464
vn -0.2505631 0.935113 0.2505628
vn -0.2505631 0.935113 -0.2505631
vn -0.1861569 0.6947466 -0.6947466
vn -0.06918417 0.258199 -0.9636114
vn 0.06918439 -0.258199 -0.9636114
vn 0.186157 -0.6947466 -0.6947466
vn 0.2505631 -0.9351131 -0.2505627
vn 0.2505631 -0.9351131 0.2505629
vn 0.1861568 -0.6947464 0.6947467
vn 0.06918412 -0.2581988 0.9636114
vn -0.1890149 0.1890147 0.9636114
vn -0.5085903 0.5085898 0.6947463
vn -0.6845505 0.6845501 0.2505633
vn -0.6845503 0.68455 -0.2505635
vn -0.5085899 0.5085898 -0.6947466
vn -0.1890147 0.1890148 -0.9636114
vn 0.189015 -0.1890148 -0.9636114
vn 0.50859 -0.5085896 -0.6947467
vn 0.6845505 -0.6845502 -0.2505627
vn 0.6845505 -0.6845503 0.2505629
vn 0.5085898 -0.5085896 0.6947467
vn 0.1890146 -0.1890146 0.9636115
vn -0.258199 0.06918405 0.9636114
vn -0.6947468 0.1861566 0.6947466
vn -0.9351131 0.2505626 0.2505629
vn -0.9351132 0.2505627 -0.250563
vn -0.6947465 0.1861567 -0.6947467
vn -0.2581989 0.06918423 -0.9636114
vn 0.2581992 -0.06918404 -0.9636114
vn 0.6947467 -0.1861565 -0.6947466
vn 0.9351133 -0.2505626 -0.2505628
vn 0.9351131 -0.2505626 0.2505632
vn 0.6947464 -0.1861567 0.6947467
vn 0.2581987 -0.06918421 0.9636114
vn -0.258199 -0.0691844 0.9636114
vn -0.6947466 -0.1861571 0.6947466
vn -0.9351132 -0.2505632 0.2505623
vn -0.9351133 -0.2505631 -0.2505621
vn -0.6947466 -0.1861569 -0.6947467
vn -0.2581988 -0.06918417 -0.9636114
vn 0.2581992 0.06918444 -0.9636113
vn 0.6947466 0.186157 -0.6947467
vn 0.9351132 0.2505632 -0.2505624
vn 0.9351131 0.2505631 0.2505626
vn 0.6947465 0.186157 0.6947467
vn 0.2581987 0.06918412 0.9636114
vn -0.1890147 -0.1890148 0.9636114
vn -0.5085896 -0.50859 0.6947466
vn -0.6845502 -0.6845505 0.2505627
vn -0.6845502 -0.6845506 -0.2505626
vn -0.5085897 -0.5085899 -0.6947466
vn -0.1890146 -0.1890145 -0.9636115
vn 0.1890149 0.1890151 -0.9636113
vn 0.5085898 0.50859 -0.6947464
vn 0.6845503 0.6845505 -0.2505628
vn 0.6845503 0.6845504 0.2505628
vn 0.5085898 0.5085899 0.6947467
vn 0.1890144 0.1890145 0.9636115
vn -0.06918423 -0.2581991 0.9636114
vn -0.1861568 -0.6947467 0.6947466
vn -0.2505627 -0.9351132 0.250563
vn -0.2505626 -0.9351133 -0.2505628
vn -0.1861566 -0.6947467 -0.6947467
vn -0.06918407 -0.2581988 -0.9636115
vn 0.06918424 0.2581992 -0.9636113
vn 0.1861567 0.6947468 -0.6947464
vn 0.2505626 0.9351132 -0.2505628
vn 0.2505625 0.9351133 0.2505626
vn 0.1861567 0.6947466 0.6947467
vn 0.06918402 0.2581987 0.9636114
vn 0.06918412 -0.258199 0.9636114
vn 0.1861569 -0.6947467 0.6947466
vn 0.2505629 -0.9351131 0.2505631
vn 0.250563 -0.9351131 -0.2505628
vn 0.186157 -0.6947466 -0.6947467
vn 0.0691843 -0.2581989 -0.9636114
vn -0.06918418 0.2581991 -0.9636114
vn -0.1861568 0.6947467 -0.6947466
vn -0.2505629 0.9351131 -0.2505628
vn -0.2505628 0.9351132 0.2505626
vn -0.186157 0.6947465 0.6947467
vn -0.06918428 0.2581986 0.9636115
vn 0.1890147 -0.1890148 0.9636114
vn 0.5085899 -0.5085897 0.6947466
vn 0.6845505 -0.6845502 0.2505625
vn 0.6845506 -0.6845502 -0.2505627
vn 0.5085902 -0.5085897 -0.6947465
vn 0.1890148 -0.1890146 -0.9636114
vn -0.1890148 0.1890149 -0.9636114
vn -0.5085899 0.5085898 -0.6947465
vn -0.6845505 0.6845502 -0.250563
vn -0.6845505 0.6845502 0.2505627
vn -0.50859 0.5085897 0.6947466
vn -0.1890148 0.1890144 0.9636115
vn 0.2581989 -0.06918428 0.9636114
vn 0.6947463 -0.1861565 0.694747
vn 0.9351133 -0.2505625 0.2505626
vn 0.9351132 -0.2505624 -0.2505628
vn 0.6947467 -0.1861564 -0.6947466
vn 0.258199 -0.06918395 -0.9636114
vn -0.258199 0.06918424 -0.9636113
vn -0.6947467 0.1861565 -0.6947466
vn -0.9351133 0.2505624 -0.2505627
vn -0.9351134 0.2505623 0.2505625
vn -0.6947467 0.1861563 0.6947467
vn -0.2581989 0.06918391 0.9636114
vn -0.2588193 0.9659258 -1.830274E-07
vn -0.707107 0.7071067 -2.813363E-07
vn -0.9659259 0.2588187 -2.716503E-07
vn -0.9659258 -0.2588192 -2.225482E-07
vn -0.7071068 -0.7071069 -9.976709E-08
vn -0.2588189 -0.9659259 4.906571E-08
vn 0.2588194 -0.9659257 1.822625E-07
vn 0.7071071 -0.7071066 2.79228E-07
vn 0.9659259 -0.2588188 2.719306E-07
vn 0.9659258 0.2588192 2.175162E-07
vn 0.7071068 0.7071069 8.956714E-08
vn 0.2588187 0.9659259 -4.830075E-08
vn -2.622684E-07 -1.192093E-07 1
vn 2.622684E-07 1.192093E-07 -1
vn 0.2581988 0.06918416 0.9636115
vn 0.6947464 0.1861568 0.6947469
vn 0.9351131 0.2505629 0.250563
vn 0.9351133 0.250563 -0.250562
vn 0.6947467 0.186157 -0.6947466
vn 0.2581992 0.06918438 -0.9636112
vn -0.2581987 -0.06918408 -0.9636115
vn -0.6947467 -0.1861569 -0.6947466
vn -0.935113 -0.2505631 -0.2505629
vn -0.9351131 -0.2505631 0.2505626
vn -0.6947467 -0.186157 0.6947463
vn -0.2581988 -0.06918431 0.9636114
vn 0.1890145 0.1890147 0.9636114
vn 0.5085896 0.5085898 0.6947469
vn 0.6845503 0.6845504 0.2505629
vn 0.6845503 0.6845503 -0.2505628
vn 0.5085898 0.5085897 -0.6947466
vn 0.189015 0.1890149 -0.9636114
vn -0.1890145 -0.1890147 -0.9636115
vn -0.5085897 -0.50859 -0.6947466
vn -0.6845503 -0.6845503 -0.250563
vn -0.6845503 -0.6845503 0.2505628
vn -0.50859 -0.5085899 0.6947464
vn -0.1890147 -0.1890146 0.9636114
vn 0.06918389 0.2581989 0.9636114
vn 0.1861565 0.6947467 0.6947467
vn 0.2505625 0.9351132 0.2505629
vn 0.2505626 0.9351132 -0.250563
vn 0.1861568 0.6947466 -0.6947467
vn 0.06918439 0.258199 -0.9636113
vn -0.06918394 -0.258199 -0.9636114
vn -0.1861565 -0.6947469 -0.6947464
vn -0.2505625 -0.9351133 -0.2505628
vn -0.2505626 -0.9351132 0.250563
vn -0.1861568 -0.6947468 0.6947466
vn -0.06918433 -0.2581988 0.9636114
vn -0.06918456 0.2581989 0.9636114
vn -0.186157 0.6947465 0.6947467
vn -0.2505631 0.9351132 0.2505626
vn -0.250563 0.9351131 -0.2505629
vn -0.1861567 0.6947463 -0.6947469
vn -0.06918404 0.2581991 -0.9636114
vn 0.06918454 -0.2581989 -0.9636114
vn 0.1861571 -0.6947467 -0.6947464
vn 0.2505631 -0.935113 -0.2505628
vn 0.250563 -0.935113 0.2505631
vn 0.1861568 -0.6947467 0.6947467
vn 0.06918392 -0.2581987 0.9636115
vn -0.1890151 0.1890145 0.9636113
vn -0.5085902 0.5085896 0.6947466
vn -0.6845506 0.6845503 0.2505624
vn -0.6845506 0.6845502 -0.2505628
vn -0.5085896 0.5085896 -0.694747
vn -0.1890146 0.1890148 -0.9636114
vn 0.1890152 -0.1890148 -0.9636112
vn 0.5085903 -0.5085897 -0.6947464
vn 0.6845506 -0.6845502 -0.2505626
vn 0.6845503 -0.6845502 0.2505631
vn 0.5085896 -0.5085897 0.6947468
vn 0.1890144 -0.1890146 0.9636115
vn -0.2581993 0.06918403 0.9636114
vn -0.6947468 0.1861565 0.6947465
vn -0.9351133 0.2505625 0.2505624
vn -0.9351131 0.2505626 -0.250563
vn -0.6947461 0.1861566 -0.694747
vn -0.2581987 0.06918424 -0.9636115
vn 0.2581994 -0.06918406 -0.9636113
vn 0.694747 -0.1861566 -0.6947463
vn 0.9351132 -0.2505626 -0.2505626
vn 0.9351131 -0.2505627 0.2505634
vn 0.6947464 -0.1861567 0.6947468
vn 0.2581984 -0.06918415 0.9636115
vn -0.2581992 -0.06918439 0.9636112
vn -0.6947466 -0.186157 0.6947467
vn -0.9351133 -0.2505631 0.250562
vn -0.9351131 -0.2505631 -0.2505626
vn -0.6947463 -0.1861569 -0.694747
vn -0.2581988 -0.0691842 -0.9636115
vn 0.2581993 0.06918445 -0.9636113
vn 0.6947467 0.1861571 -0.6947463
vn 0.9351131 0.2505631 -0.2505627
vn 0.935113 0.2505631 0.2505632
vn 0.6947466 0.186157 0.6947467
vn 0.2581984 0.06918409 0.9636116
vn -0.1890149 -0.1890149 0.9636114
vn -0.5085898 -0.50859 0.6947465
vn -0.6845503 -0.6845506 0.2505626
vn -0.6845502 -0.6845506 -0.2505627
vn -0.5085895 -0.5085899 -0.6947469
vn -0.1890144 -0.1890146 -0.9636114
vn 0.189015 0.1890151 -0.9636113
vn 0.5085899 0.50859 -0.6947464
vn 0.6845503 0.6845505 -0.2505628
vn 0.6845502 0.6845505 0.250563
vn 0.5085897 0.50859 0.6947467
vn 0.1890142 0.1890145 0.9636115
vn -0.06918441 -0.2581989 0.9636114
vn -0.1861568 -0.6947466 0.6947465
vn -0.2505627 -0.9351131 0.250563
vn -0.2505625 -0.9351132 -0.2505629
vn -0.1861565 -0.6947466 -0.6947467
vn -0.06918391 -0.2581989 -0.9636114
vn 0.06918445 0.2581991 -0.9636114
vn 0.1861568 0.6947468 -0.6947463
vn 0.2505627 0.9351132 -0.2505629
vn 0.2505625 0.9351132 0.2505629
vn 0.1861565 0.6947467 0.6947466
vn 0.06918384 0.2581985 0.9636115
vn 0.06918398 -0.2581991 0.9636114
vn 0.1861567 -0.6947465 0.6947467
vn 0.2505628 -0.935113 0.2505631
vn 0.2505631 -0.9351131 -0.2505628
vn 0.1861571 -0.6947465 -0.6947466
vn 0.0691845 -0.2581989 -0.9636114
vn -0.06918404 0.2581991 -0.9636113
vn -0.1861568 0.6947468 -0.6947466
vn -0.2505629 0.935113 -0.2505631
vn -0.250563 0.9351131 0.2505628
vn -0.1861571 0.6947466 0.6947465
vn -0.06918443 0.2581986 0.9636114
vn 0.1890145 -0.1890149 0.9636114
vn 0.5085897 -0.5085899 0.6947466
vn 0.6845503 -0.6845502 0.2505632
vn 0.6845506 -0.6845501 -0.2505627
vn 0.5085903 -0.5085897 -0.6947464
vn 0.189015 -0.1890146 -0.9636114
vn -0.1890146 0.1890149 -0.9636114
vn -0.5085898 0.5085899 -0.6947465
vn -0.6845504 0.6845501 -0.2505631
vn -0.6845506 0.6845502 0.2505626
vn -0.5085902 0.5085897 0.6947465
vn -0.1890149 0.1890145 0.9636114
vn 0.2581988 -0.06918419 0.9636114
vn 0.6947466 -0.1861565 0.6947469
vn 0.9351131 -0.2505624 0.2505631
vn 0.9351133 -0.2505624 -0.2505626
vn 0.694747 -0.1861564 -0.6947464
vn 0.2581992 -0.06918398 -0.9636113
vn -0.2581988 0.06918424 -0.9636114
vn -0.6947466 0.1861566 -0.6947468
vn -0.9351132 0.2505625 -0.2505632
vn -0.9351133 0.2505624 0.2505627
vn -0.6947469 0.1861563 0.6947465
vn -0.258199 0.06918388 0.9636114
vn -2.042193E-07 -1.647515E-07 -1
vn 2.047664E-07 1.135592E-07 1
vn -3.517706E-07 -1 6.446665E-08
vn -0.8515228 0.5243176 2.088219E-08
vn -1 -1.064369E-07 7.575005E-08
vn 1 -3.876724E-07 -1.393645E-07
vn -2.171001E-07 -2.376867E-07 -1
vn -0.01418219 0.9998994 -1.744929E-07
vn -2.042193E-07 -1.647515E-07 -1
vn 2.047664E-07 1.135592E-07 1
vn -3.517706E-07 -1 6.446665E-08
vn -0.8515228 0.5243176 2.088219E-08
vn -1 -1.064369E-07 7.575005E-08
vn 1 -3.876724E-07 -1.393645E-07
vn -2.171001E-07 -2.376867E-07 -1
vn -0.01418219 0.9998994 -1.744929E-07
vn -1.011098E-08 0.524097 -0.8516586
vn 2.945613E-07 -4.330586E-07 1
vn -1.700919E-07 -1 -5.666879E-16
vn -0.01418144 0.9998154 -0.01296383
vn -0.9960378 0.08893172 1.094705E-07
vn 0.2099884 -0.9710168 0.1141545
vn -0.007641319 0.5387117 -0.8424555
vn -0.01418111 0.9998154 -0.01296373
vn -0.9972552 -0.07168691 0.01852018
vn 0.9959337 0.0881237 -0.01871404
vn 0.2962288 -0.7456785 -0.5968351
vn 0.9467221 0.1649302 0.2766141
vn 0.9006448 3.188422E-08 -0.4345562
vn -0.8711882 -3.543972E-08 0.4909492
vn 0.08132569 -0.03737156 0.9959868
vn 3.496912E-07 5.689531E-08 -1
vn -1.405539E-08 -0.9999734 0.007299939
vn -1.481791E-07 0.8968789 0.4422763
vn 0.8071435 -0.523681 -0.2725393
vn -0.5435519 -0.8012922 -0.2499647
vn -0.8289699 0.5360297 0.1596279
vn 0.5148976 0.8318664 -0.2070714
vn 1 -4.308991E-14 3.573642E-07
vn -1 7.450585E-08 -2.623984E-07
vn -2.201159E-07 -1.992744E-07 1
vn 3.496912E-07 4.907742E-08 -1
vn -8.806965E-08 -1 -5.960464E-08
vn -1.466903E-08 0.9998152 -0.0192272
vn -1.661381E-08 0.9998152 -0.01922719
vn 0.9997125 0.01470148 0.01894265
vn -0.2581981 0.06918431 -0.9636115
vn -0.694747 0.1861575 -0.6947461
vn -0.9351133 0.2505634 -0.250562
vn -0.9351133 0.2505634 0.2505617
vn -0.694747 0.1861572 0.6947461
vn -0.2581984 0.06918397 0.9636116
vn 0.2581984 -0.06918436 0.9636115
vn 0.6947471 -0.1861572 0.694746
vn 0.9351128 -0.2505632 0.2505639
vn 0.9351128 -0.2505631 -0.2505637
vn 0.6947474 -0.1861569 -0.6947458
vn 0.2581984 -0.06918388 -0.9636115
vn -0.1890141 0.1890146 -0.9636115
vn -0.5085899 0.5085904 -0.6947461
vn -0.6845501 0.6845506 -0.2505625
vn -0.6845502 0.6845506 0.2505625
vn -0.5085901 0.5085902 0.6947461
vn -0.1890144 0.1890143 0.9636115
vn 0.1890144 -0.1890149 0.9636115
vn 0.5085897 -0.5085903 0.6947464
vn 0.6845499 -0.6845506 0.2505635
vn 0.68455 -0.6845505 -0.2505635
vn 0.5085899 -0.5085901 -0.6947464
vn 0.1890145 -0.1890143 -0.9636115
vn -0.0691838 0.2581986 -0.9636115
vn -0.1861564 0.694747 -0.6947464
vn -0.2505625 0.9351135 -0.2505614
vn -0.2505625 0.9351135 0.2505617
vn -0.1861567 0.6947466 0.6947467
vn -0.06918414 0.2581983 0.9636115
vn 0.06918374 -0.2581989 0.9636114
vn 0.1861563 -0.6947473 0.6947461
vn 0.2505624 -0.935113 0.2505636
vn 0.2505624 -0.935113 -0.2505638
vn 0.1861566 -0.6947471 -0.6947461
vn 0.06918402 -0.2581982 -0.9636117
vn 0.06918432 0.2581985 -0.9636115
vn 0.1861574 0.6947471 -0.6947459
vn 0.2505633 0.9351133 -0.2505619
vn 0.2505634 0.9351131 0.2505623
vn 0.1861572 0.6947469 0.6947463
vn 0.06918398 0.2581981 0.9636116
vn -0.06918433 -0.258199 0.9636114
vn -0.186157 -0.6947472 0.694746
vn -0.2505631 -0.935113 0.2505635
vn -0.250563 -0.9351128 -0.2505639
vn -0.1861568 -0.6947471 -0.6947462
vn -0.06918386 -0.258198 -0.9636117
vn 0.1890144 0.1890143 -0.9636115
vn 0.5085907 0.5085904 -0.6947455
vn 0.6845506 0.6845502 -0.2505625
vn 0.6845505 0.6845501 0.2505629
vn 0.5085905 0.5085901 0.694746
vn 0.1890141 0.189014 0.9636117
vn -0.1890149 -0.1890147 0.9636113
vn -0.5085903 -0.5085899 0.6947463
vn -0.6845505 -0.6845501 0.2505631
vn -0.6845503 -0.68455 -0.2505637
vn -0.5085899 -0.5085896 -0.6947467
vn -0.1890144 -0.1890142 -0.9636116
vn 0.2581985 0.06918413 -0.9636115
vn 0.6947473 0.186157 -0.694746
vn 0.9351134 0.2505628 -0.2505621
vn 0.9351133 0.2505626 0.2505624
vn 0.694747 0.1861567 0.6947463
vn 0.2581981 0.06918375 0.9636116
vn -0.2581988 -0.06918412 0.9636115
vn -0.6947471 -0.1861565 0.6947462
vn -0.935113 -0.2505625 0.2505636
vn -0.935113 -0.2505624 -0.2505639
vn -0.6947472 -0.1861563 -0.6947462
vn -0.2581981 -0.06918371 -0.9636117
vn 0.2581985 -0.06918401 -0.9636115
vn 0.6947468 -0.1861573 -0.6947464
vn 0.9351131 -0.2505634 -0.2505625
vn 0.9351131 -0.2505635 0.2505626
vn 0.6947467 -0.1861576 0.6947463
vn 0.2581982 -0.06918442 0.9636115
vn -0.2581988 0.06918403 0.9636114
vn -0.694747 0.1861569 0.6947461
vn -0.9351129 0.2505633 0.2505634
vn -0.9351128 0.2505633 -0.2505634
vn -0.694747 0.1861571 -0.6947462
vn -0.2581981 0.06918428 -0.9636116
vn 0.1890143 -0.1890141 -0.9636115
vn 0.5085901 -0.5085903 -0.6947461
vn 0.68455 -0.6845506 -0.2505631
vn 0.6845499 -0.6845507 0.250563
vn 0.5085898 -0.5085905 0.6947461
vn 0.1890139 -0.1890146 0.9636115
vn -0.1890148 0.1890146 0.9636114
vn -0.5085898 0.5085901 0.6947464
vn -0.68455 0.6845506 0.2505633
vn -0.6845499 0.6845507 -0.2505631
vn -0.5085894 0.5085903 -0.6947467
vn -0.1890142 0.1890148 -0.9636115
vn 0.06918414 -0.2581983 -0.9636115
vn 0.1861567 -0.6947467 -0.6947466
vn 0.2505626 -0.9351135 -0.2505617
vn 0.2505625 -0.9351135 0.2505614
vn 0.1861565 -0.6947469 0.6947464
vn 0.0691838 -0.2581985 0.9636115
vn -0.06918409 0.2581986 0.9636115
vn -0.1861565 0.694747 0.6947463
vn -0.2505625 0.935113 0.2505638
vn -0.2505624 0.935113 -0.2505635
vn -0.1861563 0.6947474 -0.694746
vn -0.06918368 0.2581986 -0.9636115
vn -0.06918398 -0.2581981 -0.9636116
vn -0.186157 -0.6947466 -0.6947466
vn -0.2505632 -0.9351133 -0.2505617
vn -0.2505632 -0.9351134 0.2505614
vn -0.1861572 -0.6947467 0.6947464
vn -0.06918431 -0.2581985 0.9636115
vn 0.06918394 0.2581984 0.9636115
vn 0.1861568 0.694747 0.6947463
vn 0.2505631 0.9351128 0.2505639
vn 0.2505631 0.9351128 -0.2505635
vn 0.186157 0.6947473 -0.694746
vn 0.06918418 0.2581984 -0.9636116
vn -0.1890143 -0.1890141 -0.9636115
vn -0.5085897 -0.5085893 -0.694747
vn -0.6845505 -0.6845503 -0.2505625
vn -0.6845506 -0.6845503 0.2505623
vn -0.5085902 -0.5085898 0.6947464
vn -0.1890145 -0.1890143 0.9636115
vn 0.1890146 0.1890145 0.9636115
vn 0.5085899 0.5085894 0.6947469
vn 0.6845505 0.68455 0.2505632
vn 0.6845506 0.6845501 -0.2505626
vn 0.5085901 0.5085897 -0.6947466
vn 0.1890147 0.1890146 -0.9636114
vn -0.2581984 -0.06918385 -0.9636115
vn -0.6947461 -0.1861563 -0.6947473
vn -0.9351136 -0.2505622 -0.2505617
vn -0.9351135 -0.2505623 0.2505619
vn -0.6947468 -0.1861566 0.6947466
vn -0.2581985 -0.06918412 0.9636115
vn 0.2581985 0.06918373 0.9636115
vn 0.694747 0.1861563 0.6947464
vn 0.9351131 0.2505623 0.2505635
vn 0.9351132 0.2505624 -0.250563
vn 0.6947471 0.1861564 -0.6947461
vn 0.2581985 0.06918398 -0.9636115
vn -0.2581989 0.06918452 -0.9636114
vn -0.6947466 0.1861574 -0.6947464
vn -0.9351133 0.2505635 -0.2505617
vn -0.9351133 0.2505634 0.2505617
vn -0.6947465 0.1861572 0.6947467
vn -0.2581989 0.06918423 0.9636114
vn 0.2581992 -0.06918453 0.9636113
vn 0.6947468 -0.1861573 0.6947463
vn 0.9351128 -0.2505634 0.2505636
vn 0.9351128 -0.2505633 -0.2505639
vn 0.6947466 -0.186157 -0.6947467
vn 0.258199 -0.06918413 -0.9636114
vn -0.1890146 0.189015 -0.9636114
vn -0.5085897 0.50859 -0.6947466
vn -0.6845504 0.6845508 -0.2505615
vn -0.6845503 0.6845508 0.2505616
vn -0.5085894 0.5085896 0.694747
vn -0.1890147 0.1890146 0.9636114
vn 0.1890148 -0.1890151 0.9636112
vn 0.5085899 -0.5085903 0.6947461
vn 0.6845499 -0.6845505 0.2505637
vn 0.6845499 -0.6845503 -0.2505639
vn 0.5085897 -0.5085899 -0.6947467
vn 0.1890147 -0.1890146 -0.9636114
vn -0.06918412 0.258199 -0.9636114
vn -0.1861566 0.6947467 -0.6947466
vn -0.2505626 0.9351137 -0.2505613
vn -0.2505626 0.9351135 0.2505616
vn -0.1861566 0.6947463 0.694747
vn -0.06918411 0.2581988 0.9636114
vn 0.06918411 -0.2581993 0.9636112
vn 0.1861566 -0.6947473 0.694746
vn 0.2505626 -0.9351131 0.2505636
vn 0.2505625 -0.9351129 -0.2505639
vn 0.1861565 -0.6947467 -0.6947466
vn 0.06918409 -0.2581989 -0.9636114
vn 0.06918431 0.258199 -0.9636113
vn 0.1861572 0.6947469 -0.6947463
vn 0.2505634 0.9351133 -0.2505619
vn 0.2505634 0.9351132 0.2505622
vn 0.1861572 0.6947464 0.6947467
vn 0.0691843 0.2581987 0.9636114
vn -0.06918433 -0.2581992 0.9636112
vn -0.1861572 -0.694747 0.6947462
vn -0.2505633 -0.9351128 0.2505633
vn -0.2505632 -0.9351128 -0.2505637
vn -0.1861572 -0.6947466 -0.6947466
vn -0.0691843 -0.2581988 -0.9636114
vn 0.1890149 0.1890149 -0.9636113
vn 0.50859 0.5085899 -0.6947464
vn 0.6845506 0.6845503 -0.250562
vn 0.6845506 0.6845502 0.2505623
vn 0.5085898 0.5085894 0.6947469
vn 0.1890149 0.1890146 0.9636114
vn -0.1890149 -0.1890151 0.9636112
vn -0.50859 -0.50859 0.6947464
vn -0.6845505 -0.68455 0.2505632
vn -0.6845504 -0.68455 -0.2505636
vn -0.5085901 -0.5085897 -0.6947466
vn -0.1890146 -0.1890144 -0.9636114
vn 0.2581988 0.06918426 -0.9636114
vn 0.6947466 0.1861569 -0.6947466
vn 0.9351134 0.2505628 -0.2505619
vn 0.9351133 0.2505627 0.2505623
vn 0.6947464 0.1861565 0.694747
vn 0.2581989 0.06918394 0.9636115
vn -0.2581992 -0.06918432 0.9636113
vn -0.6947468 -0.1861568 0.6947465
vn -0.935113 -0.2505626 0.2505634
vn -0.935113 -0.2505626 -0.2505635
vn -0.6947466 -0.1861565 -0.6947467
vn -0.258199 -0.06918399 -0.9636114
vn 0.2581989 -0.06918423 -0.9636114
vn 0.6947463 -0.1861572 -0.6947469
vn 0.9351134 -0.2505634 -0.2505616
vn 0.9351133 -0.2505635 0.2505616
vn 0.694746 -0.1861573 0.6947471
vn 0.2581987 -0.06918448 0.9636114
vn -0.2581992 0.0691843 0.9636113
vn -0.6947467 0.1861572 0.6947465
vn -0.935113 0.2505635 0.250563
vn -0.9351129 0.2505636 -0.250563
vn -0.6947464 0.1861576 -0.6947466
vn -0.2581989 0.06918456 -0.9636114
vn 0.1890147 -0.1890147 -0.9636114
vn 0.5085894 -0.5085897 -0.6947471
vn 0.6845502 -0.6845509 -0.2505616
vn 0.6845502 -0.6845511 0.2505612
vn 0.5085892 -0.5085898 0.694747
vn 0.1890147 -0.1890151 0.9636114
vn -0.1890148 0.1890148 0.9636114
vn -0.5085898 0.50859 0.6947466
vn -0.68455 0.6845505 0.2505636
vn -0.68455 0.6845505 -0.2505634
vn -0.5085898 0.5085902 -0.6947464
vn -0.1890146 0.1890149 -0.9636114
vn 0.06918412 -0.2581987 -0.9636115
vn 0.1861566 -0.6947465 -0.6947468
vn 0.2505626 -0.9351135 -0.2505616
vn 0.2505627 -0.9351137 0.2505612
vn 0.1861566 -0.6947466 0.6947467
vn 0.06918412 -0.2581991 0.9636114
vn -0.06918412 0.258199 0.9636114
vn -0.1861567 0.694747 0.6947463
vn -0.2505626 0.9351129 0.2505639
vn -0.2505625 0.9351131 -0.2505636
vn -0.1861566 0.694747 -0.6947463
vn -0.06918411 0.2581992 -0.9636113
vn -0.06918429 -0.2581987 -0.9636115
vn -0.1861571 -0.6947464 -0.6947468
vn -0.2505633 -0.9351134 -0.2505616
vn -0.2505634 -0.9351134 0.2505611
vn -0.186157 -0.6947464 0.6947467
vn -0.06918429 -0.258199 0.9636114
vn 0.06918433 0.2581991 0.9636114
vn 0.1861571 0.6947469 0.6947463
vn 0.2505632 0.9351127 0.2505639
vn 0.2505631 0.9351129 -0.2505636
vn 0.1861571 0.6947469 -0.6947464
vn 0.06918428 0.258199 -0.9636113
vn -0.1890148 -0.1890144 -0.9636115
vn -0.5085899 -0.5085893 -0.6947469
vn -0.6845509 -0.6845503 -0.2505613
vn -0.6845509 -0.6845504 0.2505611
vn -0.5085897 -0.5085896 0.6947468
vn -0.1890146 -0.1890147 0.9636114
vn 0.1890151 0.1890148 0.9636113
vn 0.5085902 0.5085897 0.6947464
vn 0.6845504 0.6845499 0.2505639
vn 0.6845504 0.68455 -0.2505637
vn 0.50859 0.5085899 -0.6947465
vn 0.1890149 0.1890149 -0.9636114
vn -0.2581988 -0.06918392 -0.9636114
vn -0.6947464 -0.1861563 -0.694747
vn -0.9351135 -0.2505625 -0.2505618
vn -0.9351135 -0.2505626 0.2505618
vn -0.6947468 -0.1861566 0.6947466
vn -0.2581987 -0.06918418 0.9636114
vn 0.2581993 0.06918402 0.9636113
vn 0.694747 0.1861563 0.6947464
vn 0.935113 0.2505623 0.2505639
vn 0.935113 0.2505624 -0.2505636
vn 0.6947469 0.1861566 -0.6947464
vn 0.2581991 0.06918433 -0.9636114
vn 0.2588192 0.9659258 2.171556E-07
vn 0.7071069 0.7071067 2.585093E-07
vn 0.9659261 0.2588184 2.08777E-07
vn 0.9659258 -0.2588193 1.236997E-07
vn 0.7071065 -0.7071071 4.257165E-10
vn 0.2588185 -0.9659259 -1.266042E-07
vn -0.2588193 -0.9659258 -2.171348E-07
vn -0.7071072 -0.7071065 -2.565846E-07
vn -0.965926 -0.2588185 -2.285618E-07
vn -0.9659258 0.2588192 -1.145071E-07
vn -0.7071065 0.7071071 -6.147434E-09
vn -0.2588184 0.965926 1.281096E-07
vn 1.748456E-07 1.63412E-07 -1
vn -1.748456E-07 -1.794675E-07 1
vn -0.258199 0.06918448 -0.9636113
vn -0.6947466 0.1861573 -0.6947466
vn -0.9351129 0.2505634 -0.2505631
vn -0.9351131 0.2505634 0.2505625
vn -0.6947466 0.1861569 0.6947467
vn -0.2581992 0.06918406 0.9636113
vn 0.2581989 -0.06918462 0.9636113
vn 0.6947461 -0.1861573 0.694747
vn 0.9351131 -0.2505634 0.2505623
vn 0.9351132 -0.2505634 -0.2505622
vn 0.694746 -0.1861569 -0.6947472
vn 0.2581989 -0.06918412 -0.9636114
vn -0.1890145 0.189015 -0.9636114
vn -0.5085897 0.5085904 -0.6947463
vn -0.68455 0.6845507 -0.2505628
vn -0.6845502 0.6845506 0.2505628
vn -0.5085899 0.50859 0.6947465
vn -0.1890149 0.1890146 0.9636114
vn 0.1890147 -0.1890153 0.9636112
vn 0.5085895 -0.5085901 0.6947466
vn 0.6845502 -0.6845506 0.2505626
vn 0.6845503 -0.6845505 -0.2505626
vn 0.5085896 -0.5085894 -0.6947471
vn 0.1890148 -0.1890145 -0.9636114
vn -0.06918387 0.2581992 -0.9636113
vn -0.1861564 0.694747 -0.6947464
vn -0.2505627 0.9351133 -0.2505628
vn -0.2505627 0.9351131 0.2505629
vn -0.1861566 0.6947466 0.6947467
vn -0.06918421 0.2581989 0.9636114
vn 0.06918406 -0.2581995 0.9636112
vn 0.1861564 -0.6947467 0.6947467
vn 0.2505624 -0.9351134 0.2505624
vn 0.2505625 -0.9351133 -0.2505627
vn 0.1861564 -0.6947462 -0.6947472
vn 0.06918422 -0.2581989 -0.9636114
vn 0.06918445 0.2581993 -0.9636113
vn 0.1861572 0.6947467 -0.6947464
vn 0.2505634 0.9351131 -0.2505626
vn 0.2505633 0.935113 0.250563
vn 0.1861569 0.6947463 0.694747
vn 0.06918412 0.2581989 0.9636114
vn -0.06918454 -0.2581995 0.9636112
vn -0.1861572 -0.6947463 0.6947469
vn -0.2505633 -0.9351133 0.250562
vn -0.2505632 -0.9351131 -0.2505624
vn -0.1861568 -0.694746 -0.6947473
vn -0.06918406 -0.2581986 -0.9636115
vn 0.1890151 0.189015 -0.9636113
vn 0.5085902 0.5085899 -0.6947463
vn 0.6845505 0.68455 -0.2505632
vn 0.6845504 0.68455 0.2505634
vn 0.5085899 0.5085896 0.6947467
vn 0.1890147 0.1890146 0.9636114
vn -0.1890152 -0.1890152 0.9636112
vn -0.50859 -0.5085897 0.6947467
vn -0.6845508 -0.6845503 0.2505618
vn -0.6845506 -0.6845502 -0.2505624
vn -0.5085895 -0.5085893 -0.6947472
vn -0.1890145 -0.1890144 -0.9636115
vn 0.2581992 0.06918422 -0.9636113
vn 0.6947466 0.1861567 -0.6947466
vn 0.9351133 0.2505628 -0.2505625
vn 0.9351131 0.2505626 0.2505631
vn 0.6947462 0.1861564 0.6947472
vn 0.258199 0.06918392 0.9636114
vn -0.2581995 -0.06918442 0.9636112
vn -0.6947464 -0.1861566 0.6947469
vn -0.9351134 -0.2505627 0.250562
vn -0.9351134 -0.2505625 -0.2505624
vn -0.6947461 -0.1861563 -0.6947473
vn -0.2581986 -0.06918393 -0.9636115
vn 0.2581993 -0.06918417 -0.9636113
vn 0.6947464 -0.186157 -0.6947469
vn 0.935113 -0.2505635 -0.2505627
vn 0.9351129 -0.2505636 0.2505629
vn 0.694746 -0.1861572 0.6947471
vn 0.2581991 -0.06918453 0.9636114
vn -0.2581993 0.06918428 0.9636112
vn -0.6947463 0.186157 0.6947469
vn -0.9351132 0.2505633 0.2505621
vn -0.9351131 0.2505634 -0.2505624
vn -0.6947461 0.1861573 -0.694747
vn -0.2581985 0.06918442 -0.9636115
vn 0.1890149 -0.1890148 -0.9636114
vn 0.50859 -0.5085902 -0.6947462
vn 0.6845499 -0.6845507 -0.2505631
vn 0.6845499 -0.6845507 0.2505629
vn 0.5085896 -0.5085903 0.6947464
vn 0.1890145 -0.1890151 0.9636114
vn -0.1890149 0.1890149 0.9636112
vn -0.5085896 0.50859 0.6947466
vn -0.6845501 0.6845508 0.2505625
vn -0.68455 0.6845508 -0.2505625
vn -0.5085894 0.50859 -0.6947469
vn -0.1890143 0.1890149 -0.9636114
vn 0.06918421 -0.2581988 -0.9636114
vn 0.1861567 -0.6947467 -0.6947466
vn 0.2505628 -0.9351132 -0.250563
vn 0.2505627 -0.9351132 0.2505626
vn 0.1861564 -0.6947468 0.6947466
vn 0.06918387 -0.2581993 0.9636113
vn -0.06918442 0.2581992 0.9636114
vn -0.1861566 0.6947465 0.6947468
vn -0.2505624 0.9351133 0.2505627
vn -0.2505624 0.9351133 -0.2505624
vn -0.1861562 0.6947464 -0.694747
vn -0.0691839 0.2581992 -0.9636113
vn -0.06918406 -0.2581989 -0.9636114
vn -0.186157 -0.6947466 -0.6947466
vn -0.2505634 -0.9351129 -0.250563
vn -0.2505634 -0.9351131 0.2505625
vn -0.1861571 -0.6947466 0.6947465
vn -0.0691844 -0.2581992 0.9636113
vn 0.06918424 0.2581992 0.9636113
vn 0.1861569 0.6947463 0.694747
vn 0.2505631 0.9351131 0.2505628
vn 0.2505631 0.9351133 -0.2505624
vn 0.186157 0.6947463 -0.6947469
vn 0.06918441 0.2581991 -0.9636113
vn -0.1890145 -0.1890146 -0.9636114
vn -0.5085902 -0.5085898 -0.6947463
vn -0.6845503 -0.6845502 -0.2505631
vn -0.6845505 -0.6845502 0.2505628
vn -0.5085904 -0.5085901 0.694746
vn -0.1890148 -0.1890148 0.9636114
vn 0.1890149 0.189015 0.9636114
vn 0.5085899 0.5085898 0.6947466
vn 0.6845503 0.6845502 0.2505632
vn 0.6845505 0.6845503 -0.2505627
vn 0.5085899 0.5085898 -0.6947466
vn 0.189015 0.1890148 -0.9636114
vn -0.2581988 -0.0691838 -0.9636114
vn -0.6947467 -0.1861561 -0.6947467
vn -0.9351133 -0.2505623 -0.2505629
vn -0.9351133 -0.2505625 0.2505627
vn -0.694747 -0.1861565 0.6947464
vn -0.2581991 -0.06918412 0.9636113
vn 0.2581992 0.06918398 0.9636113
vn 0.6947464 0.186156 0.694747
vn 0.9351134 0.250562 0.2505629
vn 0.9351134 0.2505621 -0.2505625
vn 0.6947466 0.1861562 -0.6947469
vn 0.2581991 0.06918424 -0.9636113
vn -0.2581988 0.06918496 -0.9636114
vn -0.6947466 0.1861579 -0.6947464
vn -0.9351132 0.2505639 -0.2505616
vn -0.9351132 0.2505637 0.2505618
vn -0.6947464 0.1861572 0.6947467
vn -0.2581989 0.06918397 0.9636114
vn 0.2581991 -0.06918497 0.9636112
vn 0.6947467 -0.1861578 0.6947463
vn 0.9351127 -0.2505638 0.2505635
vn 0.9351127 -0.2505635 -0.2505639
vn 0.6947465 -0.186157 -0.6947467
vn 0.2581989 -0.06918388 -0.9636114
vn -0.1890146 0.1890154 -0.9636113
vn -0.5085895 0.5085904 -0.6947464
vn -0.6845501 0.6845511 -0.2505612
vn -0.6845501 0.684551 0.2505619
vn -0.5085893 0.5085896 0.6947471
vn -0.1890146 0.1890143 0.9636115
vn 0.1890147 -0.1890155 0.9636112
vn 0.5085897 -0.5085908 0.694746
vn 0.6845497 -0.6845508 0.2505635
vn 0.6845497 -0.6845505 -0.2505642
vn 0.5085895 -0.5085899 -0.6947469
vn 0.1890146 -0.1890144 -0.9636115
vn -0.06918403 0.2581994 -0.9636113
vn -0.1861563 0.694747 -0.6947463
vn -0.2505623 0.9351138 -0.250561
vn -0.2505623 0.9351135 0.2505619
vn -0.1861563 0.6947461 0.6947473
vn -0.06918402 0.2581984 0.9636115
vn 0.06918402 -0.2581997 0.9636112
vn 0.1861564 -0.6947476 0.6947458
vn 0.2505622 -0.9351131 0.2505632
vn 0.2505622 -0.9351129 -0.2505642
vn 0.1861563 -0.6947465 -0.6947469
vn 0.06918401 -0.2581986 -0.9636115
vn 0.0691844 0.2581994 -0.9636112
vn 0.1861575 0.694747 -0.6947461
vn 0.2505637 0.9351133 -0.2505616
vn 0.2505638 0.935113 0.2505625
vn 0.1861575 0.6947461 0.694747
vn 0.06918439 0.2581984 0.9636115
vn -0.06918442 -0.2581996 0.9636112
vn -0.1861574 -0.6947471 0.694746
vn -0.2505636 -0.9351128 0.250563
vn -0.2505635 -0.9351127 -0.250564
vn -0.1861574 -0.6947462 -0.6947469
vn -0.06918439 -0.2581984 -0.9636115
vn 0.1890149 0.1890152 -0.9636112
vn 0.5085902 0.5085899 -0.6947462
vn 0.6845509 0.6845502 -0.2505618
vn 0.6845509 0.6845499 0.2505625
vn 0.50859 0.508589 0.6947471
vn 0.1890149 0.1890141 0.9636115
vn -0.189015 -0.1890153 0.9636112
vn -0.5085902 -0.50859 0.6947462
vn -0.6845507 -0.6845499 0.250563
vn -0.6845506 -0.6845497 -0.2505639
vn -0.5085903 -0.5085893 -0.6947467
vn -0.1890147 -0.189014 -0.9636115
vn 0.2581989 0.06918452 -0.9636114
vn 0.6947467 0.1861569 -0.6947466
vn 0.9351135 0.2505625 -0.2505617
vn 0.9351134 0.2505623 0.2505624
vn 0.6947464 0.186156 0.694747
vn 0.2581989 0.06918349 0.9636114
vn -0.2581992 -0.06918457 0.9636112
vn -0.6947469 -0.1861568 0.6947464
vn -0.9351131 -0.2505624 0.2505633
vn -0.9351131 -0.2505622 -0.2505636
vn -0.6947467 -0.186156 -0.6947467
vn -0.258199 -0.06918355 -0.9636114
vn 0.2581989 -0.06918397 -0.9636114
vn 0.6947462 -0.1861572 -0.6947469
vn 0.9351133 -0.2505637 -0.2505617
vn 0.9351132 -0.2505639 0.2505615
vn 0.694746 -0.1861578 0.694747
vn 0.2581987 -0.06918493 0.9636114
vn -0.2581992 0.06918404 0.9636114
vn -0.6947466 0.1861572 0.6947466
vn -0.9351128 0.2505637 0.2505631
vn -0.9351128 0.250564 -0.2505629
vn -0.6947463 0.186158 -0.6947466
vn -0.2581988 0.069185 -0.9636113
vn 0.1890146 -0.1890144 -0.9636115
vn 0.5085892 -0.5085896 -0.6947473
vn 0.68455 -0.6845511 -0.2505618
vn 0.6845499 -0.6845514 0.2505609
vn 0.508589 -0.5085902 0.6947469
vn 0.1890146 -0.1890155 0.9636113
vn -0.1890147 0.1890145 0.9636114
vn -0.5085896 0.5085899 0.6947467
vn -0.6845497 0.6845506 0.2505638
vn -0.6845498 0.6845508 -0.2505632
vn -0.5085896 0.5085906 -0.6947463
vn -0.1890146 0.1890153 -0.9636114
vn 0.06918404 -0.2581984 -0.9636115
vn 0.1861563 -0.6947463 -0.6947471
vn 0.2505623 -0.9351135 -0.2505619
vn 0.2505623 -0.9351138 0.2505609
vn 0.1861563 -0.6947469 0.6947465
vn 0.06918404 -0.2581994 0.9636113
vn -0.06918403 0.2581987 0.9636114
vn -0.1861564 0.6947468 0.6947466
vn -0.2505623 0.9351129 0.2505642
vn -0.2505622 0.9351133 -0.2505633
vn -0.1861563 0.6947473 -0.6947461
vn -0.06918402 0.2581995 -0.9636112
vn -0.06918438 -0.2581984 -0.9636115
vn -0.1861573 -0.6947461 -0.6947471
vn -0.2505637 -0.9351132 -0.250562
vn -0.2505637 -0.9351134 0.2505608
vn -0.1861573 -0.6947466 0.6947465
vn -0.06918438 -0.2581994 0.9636113
vn 0.06918442 0.2581988 0.9636114
vn 0.1861573 0.6947465 0.6947466
vn 0.2505635 0.9351125 0.2505642
vn 0.2505635 0.9351129 -0.2505633
vn 0.1861573 0.694747 -0.6947461
vn 0.06918437 0.2581994 -0.9636112
vn -0.1890148 -0.1890139 -0.9636115
vn -0.5085901 -0.5085889 -0.6947471
vn -0.6845512 -0.68455 -0.2505615
vn -0.6845511 -0.6845503 0.2505608
vn -0.50859 -0.5085897 0.6947467
vn -0.1890147 -0.189015 0.9636114
vn 0.1890152 0.1890144 0.9636114
vn 0.5085904 0.5085893 0.6947466
vn 0.6845506 0.6845496 0.2505642
vn 0.6845506 0.6845499 -0.2505635
vn 0.5085902 0.5085899 -0.6947463
vn 0.189015 0.1890152 -0.9636113
vn -0.2581988 -0.06918348 -0.9636115
vn -0.6947464 -0.1861559 -0.6947471
vn -0.9351136 -0.250562 -0.2505619
vn -0.9351135 -0.2505623 0.2505617
vn -0.6947469 -0.1861566 0.6947465
vn -0.2581987 -0.06918444 0.9636115
vn 0.2581993 0.06918358 0.9636114
vn 0.694747 0.1861559 0.6947464
vn 0.9351131 0.2505619 0.250564
vn 0.9351131 0.2505622 -0.2505635
vn 0.694747 0.1861566 -0.6947463
vn 0.2581991 0.06918458 -0.9636113
vn -0.2581981 0.06918475 -0.9636115
vn -0.6947469 0.186158 -0.694746
vn -0.9351131 0.2505638 -0.2505619
vn -0.9351133 0.2505636 0.2505618
vn -0.694747 0.1861572 0.6947461
vn -0.2581984 0.06918371 0.9636115
vn 0.2581984 -0.0691848 0.9636115
vn 0.694747 -0.1861577 0.694746
vn 0.9351127 -0.2505636 0.2505638
vn 0.9351128 -0.2505633 -0.2505637
vn 0.6947474 -0.1861569 -0.6947458
vn 0.2581984 -0.06918363 -0.9636116
vn -0.189014 0.189015 -0.9636115
vn -0.5085897 0.5085908 -0.694746
vn -0.6845499 0.684551 -0.2505623
vn -0.68455 0.6845507 0.2505628
vn -0.5085899 0.5085901 0.6947463
vn -0.1890143 0.189014 0.9636116
vn 0.1890143 -0.1890153 0.9636113
vn 0.5085895 -0.5085908 0.6947462
vn 0.6845496 -0.6845509 0.2505632
vn 0.6845497 -0.6845506 -0.2505637
vn 0.5085897 -0.50859 -0.6947466
vn 0.1890144 -0.1890141 -0.9636115
vn -0.06918371 0.2581989 -0.9636114
vn -0.1861562 0.6947473 -0.6947462
vn -0.2505622 0.9351137 -0.2505611
vn -0.2505622 0.9351135 0.250562
vn -0.1861565 0.6947464 0.6947469
vn -0.06918405 0.258198 0.9636117
vn 0.06918365 -0.2581993 0.9636114
vn 0.186156 -0.6947476 0.6947458
vn 0.2505621 -0.9351132 0.2505632
vn 0.2505621 -0.935113 -0.2505641
vn 0.1861563 -0.694747 -0.6947464
vn 0.06918392 -0.2581978 -0.9636117
vn 0.06918441 0.2581988 -0.9636114
vn 0.1861577 0.6947473 -0.6947457
vn 0.2505637 0.9351133 -0.2505616
vn 0.2505637 0.935113 0.2505627
vn 0.1861574 0.6947466 0.6947465
vn 0.06918408 0.2581977 0.9636118
vn -0.06918442 -0.2581993 0.9636113
vn -0.1861572 -0.6947474 0.6947458
vn -0.2505634 -0.935113 0.2505632
vn -0.2505633 -0.9351126 -0.2505642
vn -0.186157 -0.6947468 -0.6947464
vn -0.06918395 -0.2581976 -0.9636117
vn 0.1890145 0.1890146 -0.9636114
vn 0.5085909 0.5085905 -0.6947454
vn 0.6845508 0.68455 -0.2505623
vn 0.6845508 0.6845498 0.2505632
vn 0.5085906 0.5085897 0.6947461
vn 0.1890142 0.1890136 0.9636118
vn -0.1890149 -0.189015 0.9636112
vn -0.5085905 -0.50859 0.6947461
vn -0.6845507 -0.68455 0.2505629
vn -0.6845506 -0.6845496 -0.250564
vn -0.50859 -0.5085892 -0.6947469
vn -0.1890144 -0.1890138 -0.9636117
vn 0.2581986 0.06918439 -0.9636115
vn 0.6947473 0.186157 -0.6947459
vn 0.9351134 0.2505625 -0.250562
vn 0.9351134 0.2505622 0.2505625
vn 0.694747 0.1861562 0.6947464
vn 0.2581981 0.06918332 0.9636117
vn -0.2581988 -0.06918437 0.9636114
vn -0.6947472 -0.1861565 0.6947461
vn -0.9351131 -0.2505622 0.2505635
vn -0.9351131 -0.250562 -0.250564
vn -0.6947473 -0.1861558 -0.6947463
vn -0.2581981 -0.06918327 -0.9636117
vn 0.2581984 -0.06918375 -0.9636115
vn 0.6947467 -0.1861573 -0.6947464
vn 0.935113 -0.2505636 -0.2505625
vn 0.935113 -0.2505639 0.2505625
vn 0.6947466 -0.1861581 0.6947463
vn 0.2581982 -0.06918485 0.9636115
vn -0.2581988 0.06918377 0.9636115
vn -0.694747 0.1861569 0.6947462
vn -0.9351128 0.2505635 0.2505634
vn -0.9351127 0.2505637 -0.2505634
vn -0.6947469 0.1861576 -0.6947461
vn -0.2581981 0.06918472 -0.9636116
vn 0.1890142 -0.1890138 -0.9636116
vn 0.5085899 -0.5085902 -0.6947463
vn 0.6845498 -0.6845507 -0.2505633
vn 0.6845497 -0.6845511 0.2505628
vn 0.5085896 -0.5085909 0.694746
vn 0.1890139 -0.189015 0.9636115
vn -0.1890148 0.1890143 0.9636114
vn -0.5085896 0.50859 0.6947466
vn -0.6845497 0.6845507 0.2505635
vn -0.6845496 0.6845511 -0.2505629
vn -0.5085892 0.5085907 -0.6947465
vn -0.1890141 0.1890152 -0.9636114
vn 0.06918405 -0.258198 -0.9636117
vn 0.1861565 -0.6947466 -0.6947468
vn 0.2505623 -0.9351135 -0.250562
vn 0.2505621 -0.9351137 0.2505611
vn 0.1861562 -0.6947472 0.6947461
vn 0.06918371 -0.2581989 0.9636114
vn -0.069184 0.2581983 0.9636116
vn -0.1861563 0.6947469 0.6947466
vn -0.2505622 0.935113 0.2505641
vn -0.250562 0.9351132 -0.2505632
vn -0.1861561 0.6947477 -0.6947457
vn -0.0691836 0.2581989 -0.9636114
vn -0.06918406 -0.2581977 -0.9636117
vn -0.1861573 -0.6947463 -0.6947469
vn -0.2505635 -0.9351131 -0.2505621
vn -0.2505635 -0.9351134 0.250561
vn -0.1861575 -0.6947469 0.6947461
vn -0.0691844 -0.2581988 0.9636114
vn 0.06918403 0.2581981 0.9636116
vn 0.186157 0.6947467 0.6947466
vn 0.2505634 0.9351126 0.2505642
vn 0.2505635 0.9351128 -0.2505631
vn 0.1861572 0.6947474 -0.6947458
vn 0.06918427 0.2581987 -0.9636115
vn -0.1890144 -0.1890137 -0.9636117
vn -0.5085899 -0.5085889 -0.6947471
vn -0.6845507 -0.68455 -0.2505628
vn -0.6845508 -0.6845502 0.250562
vn -0.5085903 -0.5085899 0.6947462
vn -0.1890146 -0.1890146 0.9636114
vn 0.1890147 0.1890141 0.9636115
vn 0.5085901 0.508589 0.6947471
vn 0.6845508 0.6845497 0.2505634
vn 0.6845509 0.68455 -0.2505624
vn 0.5085903 0.5085897 -0.6947464
vn 0.1890148 0.1890149 -0.9636114
vn -0.2581984 -0.06918341 -0.9636115
vn -0.6947461 -0.1861558 -0.6947473
vn -0.9351137 -0.2505618 -0.2505618
vn -0.9351137 -0.2505621 0.2505618
vn -0.6947469 -0.1861566 0.6947465
vn -0.2581986 -0.06918437 0.9636115
vn 0.2581985 0.06918329 0.9636115
vn 0.6947471 0.1861558 0.6947464
vn 0.9351132 0.2505619 0.2505636
vn 0.9351133 0.2505622 -0.2505629
vn 0.6947472 0.1861564 -0.6947461
vn 0.2581986 0.06918424 -0.9636115
vn 0.2588196 0.9659257 5.625975E-07
vn 0.7071072 0.7071065 5.113903E-07
vn 0.9659261 0.2588181 3.013376E-07
vn 0.9659257 -0.2588196 3.113868E-08
vn 0.7071063 -0.7071073 -2.524555E-07
vn 0.2588182 -0.9659261 -4.720462E-07
vn -0.2588197 -0.9659257 -5.625766E-07
vn -0.7071074 -0.7071062 -5.094655E-07
vn -0.9659261 -0.2588182 -3.211224E-07
vn -0.9659257 0.2588196 -2.194607E-08
vn -0.7071063 0.7071073 2.467337E-07
vn -0.258818 0.9659261 4.735516E-07
vn 1.748458E-07 5.210397E-07 -1
vn -1.748458E-07 -5.370952E-07 1
vn -0.2581989 0.06918492 -0.9636113
vn -0.6947464 0.1861578 -0.6947465
vn -0.9351128 0.2505639 -0.250563
vn -0.935113 0.2505637 0.2505626
vn -0.6947465 0.1861569 0.6947467
vn -0.2581991 0.06918381 0.9636114
vn 0.2581989 -0.06918506 0.9636113
vn 0.694746 -0.1861578 0.6947469
vn 0.935113 -0.2505639 0.2505622
vn 0.9351131 -0.2505636 -0.2505623
vn 0.694746 -0.1861569 -0.6947473
vn 0.2581989 -0.06918387 -0.9636114
vn -0.1890144 0.1890154 -0.9636113
vn -0.5085895 0.5085908 -0.6947461
vn -0.6845497 0.6845511 -0.2505626
vn -0.6845499 0.6845507 0.250563
vn -0.5085897 0.5085899 0.6947467
vn -0.1890148 0.1890143 0.9636114
vn 0.1890146 -0.1890157 0.9636112
vn 0.5085893 -0.5085905 0.6947464
vn 0.68455 -0.6845509 0.2505624
vn 0.68455 -0.6845506 -0.2505629
vn 0.5085893 -0.5085893 -0.6947473
vn 0.1890147 -0.1890143 -0.9636115
vn -0.06918378 0.2581996 -0.9636112
vn -0.1861562 0.6947473 -0.6947461
vn -0.2505623 0.9351134 -0.2505625
vn -0.2505624 0.9351131 0.2505632
vn -0.1861564 0.6947464 0.694747
vn -0.06918412 0.2581986 0.9636115
vn 0.06918398 -0.2581999 0.9636111
vn 0.1861561 -0.694747 0.6947464
vn 0.250562 -0.9351136 0.2505621
vn 0.2505622 -0.9351133 -0.250563
vn 0.1861562 -0.694746 -0.6947474
vn 0.06918413 -0.2581986 -0.9636115
vn 0.06918454 0.2581996 -0.9636112
vn 0.1861574 0.6947469 -0.6947462
vn 0.2505637 0.9351131 -0.2505623
vn 0.2505636 0.9351128 0.2505633
vn 0.1861571 0.694746 0.6947472
vn 0.06918421 0.2581985 0.9636115
vn -0.06918464 -0.2581998 0.9636112
vn -0.1861574 -0.6947464 0.6947467
vn -0.2505637 -0.9351133 0.2505617
vn -0.2505635 -0.935113 -0.2505627
vn -0.1861571 -0.6947457 -0.6947476
vn -0.06918415 -0.2581982 -0.9636115
vn 0.1890152 0.1890153 -0.9636112
vn 0.5085904 0.50859 -0.6947461
vn 0.6845507 0.6845499 -0.250563
vn 0.6845506 0.6845497 0.2505636
vn 0.5085901 0.5085891 0.6947469
vn 0.1890148 0.1890142 0.9636115
vn -0.1890153 -0.1890154 0.9636111
vn -0.5085902 -0.5085897 0.6947465
vn -0.6845509 -0.6845502 0.2505616
vn -0.6845509 -0.6845499 -0.2505627
vn -0.5085897 -0.5085889 -0.6947474
vn -0.1890146 -0.189014 -0.9636116
vn 0.2581992 0.06918447 -0.9636113
vn 0.6947467 0.1861567 -0.6947466
vn 0.9351134 0.2505625 -0.2505624
vn 0.9351132 0.2505622 0.2505632
vn 0.6947463 0.1861559 0.6947473
vn 0.258199 0.06918348 0.9636114
vn -0.2581996 -0.06918467 0.9636112
vn -0.6947464 -0.1861566 0.6947468
vn -0.9351135 -0.2505624 0.2505619
vn -0.9351134 -0.2505621 -0.2505625
vn -0.6947461 -0.1861559 -0.6947474
vn -0.2581987 -0.06918349 -0.9636115
vn 0.2581993 -0.06918392 -0.9636114
vn 0.6947463 -0.186157 -0.6947469
vn 0.9351129 -0.2505637 -0.2505628
vn 0.9351128 -0.250564 0.2505628
vn 0.694746 -0.1861577 0.6947471
vn 0.258199 -0.06918497 0.9636112
vn -0.2581993 0.06918403 0.9636113
vn -0.6947462 0.186157 0.6947469
vn -0.9351131 0.2505635 0.2505622
vn -0.935113 0.2505638 -0.2505623
vn -0.694746 0.1861578 -0.6947469
vn -0.2581984 0.06918485 -0.9636114
vn 0.1890148 -0.1890145 -0.9636114
vn 0.5085898 -0.5085901 -0.6947464
vn 0.6845496 -0.6845508 -0.2505634
vn 0.6845497 -0.6845511 0.2505627
vn 0.5085894 -0.5085907 0.6947462
vn 0.1890144 -0.1890155 0.9636113
vn -0.1890149 0.1890147 0.9636114
vn -0.5085894 0.5085899 0.6947468
vn -0.6845499 0.6845509 0.2505627
vn -0.6845497 0.6845512 -0.2505623
vn -0.5085892 0.5085904 -0.6947467
vn -0.1890143 0.1890153 -0.9636114
vn 0.06918412 -0.2581985 -0.9636115
vn 0.1861565 -0.6947465 -0.6947468
vn 0.2505624 -0.9351131 -0.2505633
vn 0.2505623 -0.9351134 0.2505623
vn 0.1861562 -0.6947471 0.6947463
vn 0.06918378 -0.2581997 0.9636112
vn -0.06918432 0.2581988 0.9636114
vn -0.1861564 0.6947463 0.694747
vn -0.2505621 0.9351133 0.250563
vn -0.2505621 0.9351135 -0.2505621
vn -0.1861559 0.6947467 -0.6947467
vn -0.06918381 0.2581995 -0.9636112
vn -0.06918415 -0.2581985 -0.9636115
vn -0.1861572 -0.6947463 -0.6947469
vn -0.2505637 -0.9351127 -0.2505634
vn -0.2505637 -0.9351131 0.2505622
vn -0.1861574 -0.6947468 0.6947463
vn -0.06918449 -0.2581995 0.9636112
vn 0.06918433 0.2581988 0.9636114
vn 0.1861572 0.694746 0.6947472
vn 0.2505634 0.9351129 0.2505631
vn 0.2505634 0.9351133 -0.250562
vn 0.1861572 0.6947464 -0.6947467
vn 0.0691845 0.2581994 -0.9636112
vn -0.1890146 -0.1890142 -0.9636115
vn -0.5085903 -0.5085894 -0.6947465
vn -0.6845506 -0.6845499 -0.2505634
vn -0.6845508 -0.6845501 0.2505625
vn -0.5085906 -0.5085902 0.6947458
vn -0.1890149 -0.189015 0.9636113
vn 0.189015 0.1890145 0.9636114
vn 0.50859 0.5085894 0.6947468
vn 0.6845506 0.6845499 0.2505635
vn 0.6845507 0.6845502 -0.2505625
vn 0.5085901 0.5085899 -0.6947464
vn 0.189015 0.1890151 -0.9636113
vn -0.2581989 -0.06918336 -0.9636114
vn -0.6947468 -0.1861556 -0.6947468
vn -0.9351134 -0.2505619 -0.250563
vn -0.9351134 -0.2505623 0.2505626
vn -0.694747 -0.1861565 0.6947463
vn -0.2581991 -0.06918437 0.9636113
vn 0.2581993 0.06918354 0.9636113
vn 0.6947465 0.1861556 0.694747
vn 0.9351134 0.2505616 0.250563
vn 0.9351135 0.2505619 -0.2505625
vn 0.6947466 0.1861562 -0.6947468
vn 0.2581991 0.06918449 -0.9636113
vn 1 -3.226546E-06 3.147218E-06
vn -1 3.054134E-06 -3.214951E-06
vn -3.322064E-06 -1 -1.062891E-06
vn 3.322064E-06 1 1.047859E-06
vn -0.6983352 -0.3491651 -0.6248294
vn -3.147222E-06 -1.049068E-06 1
vn 3.202473E-06 1.049067E-06 -1
vn 3.080795E-06 1.049068E-06 -1
vn 3.246862E-06 1.049067E-06 -1
vn 3.191827E-06 1.049068E-06 -1
vn 3.047197E-06 1.049068E-06 -1
vn 3.206695E-06 1.049067E-06 -1
vn -2.633488E-06 -0.9810739 -0.1936341
vn 3.283013E-06 1.049067E-06 -1
vn -2.806453E-06 -0.9810739 -0.1936341
vn 0.7629051 -0.3814525 -0.5219866
vn -0.5053668 -0.7580463 -0.4122744
vn 3.213648E-06 1.049067E-06 -1
vn 3.083541E-06 1.049068E-06 -1
vn 3.268369E-06 1.049067E-06 -1
vn 3.439782E-06 1.049067E-06 -1
vn 1 -3.352006E-06 3.147218E-06
vn -1 3.280547E-06 -3.147218E-06
vn 2.565733E-06 -0.1643975 -0.9863942
vn -3.322064E-06 -1 -1.078365E-06
vn -4.055079E-06 -0.9620123 0.2730062
vn 2.565733E-06 -0.1643975 -0.9863942
vn -3.147222E-06 -1.049068E-06 1
vn -3.147222E-06 -1.049068E-06 1
vn -3.147222E-06 -1.049068E-06 1
vn -3.147222E-06 -1.049068E-06 1
vn -0.6304898 -0.7092967 -0.3152472
vn 0.6656864 -0.6656898 -0.3372222
vn 0.7299582 -0.577886 -0.3649778
vn -3.147222E-06 -1.049068E-06 1
vn -3.147222E-06 -1.049068E-06 1
vn -3.147222E-06 -1.049068E-06 1
vn -3.147222E-06 -1.049068E-06 1
vn -3.147222E-06 -1.049068E-06 1
vn -3.147222E-06 -1.049068E-06 1
vn -3.147222E-06 -1.049068E-06 1
vn -3.147222E-06 -1.049068E-06 1
vn -3.147222E-06 -1.049068E-06 1
vn -3.147222E-06 -1.049068E-06 1
vn -3.147222E-06 -1.049068E-06 1
vn -3.147222E-06 -1.049068E-06 1
vn -3.147222E-06 -1.049068E-06 1
vn -3.147222E-06 -1.049068E-06 1
vn -3.147222E-06 -1.049068E-06 1
vn -3.147222E-06 -1.049068E-06 1
vn -3.147222E-06 -1.049068E-06 1
vn -3.147222E-06 -1.049068E-06 1
vn -3.147222E-06 -1.049068E-06 1
vn 1 -3.576238E-06 3.147217E-06
vn -1 3.403827E-06 -3.21495E-06
vn -3.671755E-06 -1 -1.412582E-06
vn 3.671755E-06 1 1.39755E-06
vn -0.6983353 -0.3491646 -0.6248295
vn -3.147222E-06 -1.398758E-06 1
vn 3.202473E-06 1.398757E-06 -1
vn 3.080796E-06 1.398758E-06 -1
vn 3.246862E-06 1.398757E-06 -1
vn 3.191827E-06 1.398757E-06 -1
vn 3.047198E-06 1.398758E-06 -1
vn 3.206696E-06 1.398757E-06 -1
vn -2.976561E-06 -0.9810737 -0.1936345
vn 3.283013E-06 1.398757E-06 -1
vn -3.149525E-06 -0.9810737 -0.1936345
vn 0.7629049 -0.3814525 -0.5219867
vn -0.5053671 -0.758046 -0.4122747
vn 3.213649E-06 1.398757E-06 -1
vn 3.083542E-06 1.398758E-06 -1
vn 3.26837E-06 1.398757E-06 -1
vn 3.439782E-06 1.398757E-06 -1
vn 1 -3.701699E-06 3.147217E-06
vn -1 3.63024E-06 -3.147217E-06
vn 2.508245E-06 -0.1643971 -0.9863943
vn -3.671755E-06 -1 -1.428057E-06
vn -4.391487E-06 -0.9620124 0.2730059
vn 2.508245E-06 -0.1643971 -0.9863943
vn -3.147222E-06 -1.398758E-06 1
vn -3.147222E-06 -1.398758E-06 1
vn -3.147222E-06 -1.398758E-06 1
vn -3.147222E-06 -1.398758E-06 1
vn -0.6304901 -0.7092964 -0.3152474
vn 0.6656861 -0.6656899 -0.3372224
vn 0.729958 -0.5778862 -0.364978
vn -3.147222E-06 -1.398758E-06 1
vn -3.147222E-06 -1.398758E-06 1
vn -3.147222E-06 -1.398758E-06 1
vn -3.147222E-06 -1.398758E-06 1
vn -3.147222E-06 -1.398758E-06 1
vn -3.147222E-06 -1.398758E-06 1
vn -3.147222E-06 -1.398758E-06 1
vn -3.147222E-06 -1.398758E-06 1
vn -3.147222E-06 -1.398758E-06 1
vn -3.147222E-06 -1.398758E-06 1
vn -3.147222E-06 -1.398758E-06 1
vn -3.147222E-06 -1.398758E-06 1
vn -3.147222E-06 -1.398758E-06 1
vn -3.147222E-06 -1.398758E-06 1
vn -3.147222E-06 -1.398758E-06 1
vn -3.147222E-06 -1.398758E-06 1
vn -3.147222E-06 -1.398758E-06 1
vn -3.147222E-06 -1.398758E-06 1
vn -3.147222E-06 -1.398758E-06 1
vn -1 -3.751085E-06 -3.203148E-06
vn 1 3.578674E-06 3.270881E-06
vn 3.846601E-06 -1 1.762273E-06
vn -3.846601E-06 1 -1.747242E-06
vn 0.6983353 -0.3491642 0.6248296
vn 3.203155E-06 -1.748448E-06 -1
vn -3.258406E-06 1.748448E-06 1
vn -3.136728E-06 1.748449E-06 1
vn -3.302795E-06 1.748448E-06 1
vn -3.24776E-06 1.748448E-06 1
vn -3.10313E-06 1.748449E-06 1
vn -3.262628E-06 1.748448E-06 1
vn 3.137267E-06 -0.9810737 0.1936348
vn -3.338946E-06 1.748448E-06 1
vn 3.310231E-06 -0.9810737 0.1936348
vn -0.7629049 -0.3814525 0.5219868
vn 0.5053672 -0.7580457 0.412275
vn -3.269581E-06 1.748448E-06 1
vn -3.139474E-06 1.748449E-06 1
vn -3.324302E-06 1.748448E-06 1
vn -3.495715E-06 1.748447E-06 1
vn -1 -3.876546E-06 -3.203148E-06
vn 1 3.805086E-06 3.203148E-06
vn -2.534672E-06 -0.1643968 0.9863943
vn 3.846601E-06 -1 1.777748E-06
vn 4.57496E-06 -0.9620125 -0.2730055
vn -2.534672E-06 -0.1643968 0.9863943
vn 3.203155E-06 -1.748448E-06 -1
vn 3.203155E-06 -1.748448E-06 -1
vn 3.203155E-06 -1.748448E-06 -1
vn 3.203155E-06 -1.748448E-06 -1
vn 0.6304902 -0.7092962 0.3152477
vn -0.665686 -0.6656899 0.3372226
vn -0.7299579 -0.5778862 0.3649782
vn 3.203155E-06 -1.748448E-06 -1
vn 3.203155E-06 -1.748448E-06 -1
vn 3.203155E-06 -1.748448E-06 -1
vn 3.203155E-06 -1.748448E-06 -1
vn 3.203155E-06 -1.748448E-06 -1
vn 3.203155E-06 -1.748448E-06 -1
vn 3.203155E-06 -1.748448E-06 -1
vn 3.203155E-06 -1.748448E-06 -1
vn 3.203155E-06 -1.748448E-06 -1
vn 3.203155E-06 -1.748448E-06 -1
vn 3.203155E-06 -1.748448E-06 -1
vn 3.203155E-06 -1.748448E-06 -1
vn 3.203155E-06 -1.748448E-06 -1
vn 3.203155E-06 -1.748448E-06 -1
vn 3.203155E-06 -1.748448E-06 -1
vn 3.203155E-06 -1.748448E-06 -1
vn 3.203155E-06 -1.748448E-06 -1
vn 3.203155E-06 -1.748448E-06 -1
vn 3.203155E-06 -1.748448E-06 -1
vn 0.2581981 0.06918531 0.9636115
vn 0.694747 0.1861585 0.6947458
vn 0.9351131 0.2505641 0.2505616
vn 0.9351132 0.2505636 -0.250562
vn 0.694747 0.1861569 -0.6947462
vn 0.2581984 0.06918323 -0.9636116
vn -0.2581984 -0.06918535 -0.9636114
vn -0.6947471 -0.1861581 -0.6947457
vn -0.9351127 -0.2505638 -0.2505636
vn -0.9351127 -0.2505633 0.2505639
vn -0.6947474 -0.1861566 0.6947459
vn -0.2581984 -0.06918315 0.9636117
vn 0.1890141 0.1890156 0.9636114
vn 0.5085897 0.5085913 0.6947456
vn 0.6845499 0.6845512 0.2505618
vn 0.6845499 0.6845506 -0.2505632
vn 0.5085899 0.5085897 -0.6947466
vn 0.1890143 0.1890135 -0.9636117
vn -0.1890144 -0.1890158 -0.9636112
vn -0.5085896 -0.5085912 -0.6947458
vn -0.6845497 -0.6845511 -0.2505627
vn -0.6845497 -0.6845505 0.2505642
vn -0.5085897 -0.5085897 0.6947469
vn -0.1890144 -0.1890136 0.9636117
vn 0.06918371 0.2581995 0.9636112
vn 0.1861561 0.6947476 0.6947457
vn 0.2505622 0.935114 0.2505605
vn 0.2505621 0.9351134 -0.2505627
vn 0.1861564 0.6947461 -0.6947473
vn 0.069184 0.2581975 -0.9636118
vn -0.06918365 -0.2581998 -0.9636112
vn -0.186156 -0.694748 -0.6947454
vn -0.250562 -0.9351134 -0.2505626
vn -0.250562 -0.9351128 0.2505648
vn -0.1861562 -0.6947466 0.6947468
vn -0.06918387 -0.2581973 0.9636118
vn -0.06918444 0.2581993 0.9636112
vn -0.1861578 0.6947477 0.6947452
vn -0.2505639 0.9351134 0.250561
vn -0.2505639 0.9351128 -0.2505633
vn -0.1861576 0.6947461 -0.6947469
vn -0.06918415 0.2581972 -0.9636118
vn 0.06918444 -0.2581998 -0.9636111
vn 0.1861574 -0.6947477 -0.6947453
vn 0.2505636 -0.935113 -0.2505626
vn 0.2505636 -0.9351124 0.2505649
vn 0.1861572 -0.6947463 0.6947468
vn 0.06918404 -0.2581971 0.9636119
vn -0.1890146 0.1890151 0.9636114
vn -0.5085911 0.5085908 0.6947451
vn -0.6845511 0.68455 0.2505618
vn -0.6845509 0.6845495 -0.2505636
vn -0.5085908 0.5085891 -0.6947464
vn -0.1890143 0.189013 -0.9636118
vn 0.189015 -0.1890155 -0.9636112
vn 0.5085906 -0.5085902 -0.6947457
vn 0.6845509 -0.6845499 -0.2505624
vn 0.6845508 -0.6845493 0.2505644
vn 0.5085902 -0.5085887 0.6947471
vn 0.1890145 -0.1890132 0.9636117
vn -0.2581986 0.06918486 0.9636114
vn -0.6947474 0.1861572 0.6947457
vn -0.9351135 0.2505624 0.2505618
vn -0.9351134 0.2505619 -0.2505625
vn -0.6947471 0.1861557 -0.6947464
vn -0.2581982 0.06918275 -0.9636117
vn 0.2581989 -0.06918485 -0.9636114
vn 0.6947473 -0.1861567 -0.694746
vn 0.9351133 -0.2505622 -0.2505633
vn 0.9351132 -0.2505616 0.2505641
vn 0.6947474 -0.1861553 0.6947463
vn 0.2581982 -0.06918271 0.9636117
vn -0.2581985 -0.06918328 0.9636116
vn -0.6947467 -0.186157 0.6947465
vn -0.935113 -0.2505635 0.2505626
vn -0.935113 -0.2505641 -0.2505623
vn -0.6947467 -0.1861586 -0.6947461
vn -0.2581983 -0.06918541 -0.9636115
vn 0.2581988 0.0691833 -0.9636115
vn 0.694747 0.1861566 -0.6947463
vn 0.9351128 0.2505635 -0.2505636
vn 0.9351127 0.250564 0.2505631
vn 0.694747 0.1861581 0.6947459
vn 0.2581982 0.06918528 0.9636115
vn -0.1890142 -0.1890134 0.9636117
vn -0.5085899 -0.5085899 0.6947466
vn -0.6845497 -0.6845506 0.2505638
vn -0.6845497 -0.6845512 -0.2505623
vn -0.5085897 -0.5085914 -0.6947456
vn -0.1890139 -0.1890155 -0.9636114
vn 0.1890148 0.1890138 -0.9636115
vn 0.5085896 0.5085897 -0.6947469
vn 0.6845497 0.6845506 -0.250564
vn 0.6845496 0.6845512 0.2505624
vn 0.5085892 0.5085911 0.6947461
vn 0.1890142 0.1890157 0.9636113
vn -0.069184 -0.2581975 0.9636118
vn -0.1861563 -0.6947462 0.6947472
vn -0.2505622 -0.9351134 0.2505626
vn -0.2505621 -0.935114 -0.2505605
vn -0.1861562 -0.6947476 -0.6947457
vn -0.06918372 -0.2581995 -0.9636113
vn 0.06918394 0.2581978 -0.9636117
vn 0.1861562 0.6947465 -0.694747
vn 0.250562 0.9351128 -0.2505647
vn 0.250562 0.9351134 0.2505626
vn 0.186156 0.6947481 0.6947453
vn 0.0691836 0.2581995 0.9636113
vn 0.06918415 -0.2581972 0.9636118
vn 0.1861574 -0.6947458 0.6947473
vn 0.2505637 -0.935113 0.2505627
vn 0.2505638 -0.9351135 -0.2505604
vn 0.1861576 -0.6947473 -0.6947457
vn 0.06918443 -0.2581993 -0.9636112
vn -0.06918411 0.2581975 -0.9636118
vn -0.1861572 0.6947462 -0.6947469
vn -0.2505636 0.9351124 -0.2505648
vn -0.2505637 0.935113 0.2505625
vn -0.1861574 0.6947478 0.6947453
vn -0.0691843 0.2581992 0.9636113
vn 0.1890144 -0.1890132 0.9636117
vn 0.5085902 -0.5085884 0.6947474
vn 0.6845509 -0.6845496 0.2505632
vn 0.684551 -0.6845501 -0.2505616
vn 0.5085905 -0.5085902 -0.6947459
vn 0.1890147 -0.1890151 -0.9636113
vn -0.1890147 0.1890135 -0.9636116
vn -0.5085903 0.5085884 -0.6947473
vn -0.6845509 0.6845493 -0.2505638
vn -0.6845511 0.6845499 0.2505619
vn -0.5085904 0.50859 0.694746
vn -0.1890148 0.1890154 0.9636112
vn 0.2581985 -0.06918285 0.9636116
vn 0.6947463 -0.1861553 0.6947473
vn 0.9351137 -0.2505614 0.2505619
vn 0.9351137 -0.250562 -0.2505616
vn 0.6947469 -0.1861569 -0.6947463
vn 0.2581986 -0.06918485 -0.9636114
vn -0.2581986 0.06918273 -0.9636116
vn -0.6947472 0.1861553 -0.6947464
vn -0.9351133 0.2505616 -0.2505637
vn -0.9351133 0.2505621 0.2505627
vn -0.6947473 0.1861566 0.6947459
vn -0.2581986 0.06918471 0.9636114
vn 0.2581989 0.06918537 0.9636114
vn 0.6947467 0.1861583 0.6947463
vn 0.9351131 0.2505642 0.2505614
vn 0.9351131 0.2505637 -0.2505619
vn 0.6947464 0.186157 -0.6947467
vn 0.2581989 0.0691837 -0.9636115
vn -0.2581992 -0.06918538 -0.9636112
vn -0.6947468 -0.1861583 -0.6947461
vn -0.9351127 -0.250564 -0.2505633
vn -0.9351127 -0.2505636 0.250564
vn -0.6947464 -0.1861569 0.6947467
vn -0.258199 -0.0691836 0.9636114
vn 0.1890146 0.1890157 0.9636112
vn 0.5085896 0.5085909 0.6947461
vn 0.6845501 0.6845514 0.2505608
vn 0.6845499 0.6845509 -0.2505623
vn 0.5085892 0.5085894 -0.6947474
vn 0.1890146 0.189014 -0.9636115
vn -0.1890148 -0.1890159 -0.9636112
vn -0.5085897 -0.5085912 -0.6947457
vn -0.6845496 -0.684551 -0.250563
vn -0.6845496 -0.6845505 0.2505646
vn -0.5085894 -0.5085896 0.694747
vn -0.1890146 -0.1890141 0.9636116
vn 0.06918399 0.2581998 0.9636112
vn 0.1861562 0.6947474 0.694746
vn 0.2505622 0.935114 0.2505604
vn 0.2505621 0.9351134 -0.2505625
vn 0.1861561 0.6947458 -0.6947475
vn 0.06918398 0.2581981 -0.9636117
vn -0.06918398 -0.2582001 -0.9636111
vn -0.1861563 -0.694748 -0.6947454
vn -0.2505621 -0.9351134 -0.2505627
vn -0.250562 -0.9351128 0.2505648
vn -0.1861562 -0.6947463 0.6947473
vn -0.06918395 -0.2581983 0.9636115
vn -0.0691845 0.2581997 0.9636112
vn -0.1861577 0.6947473 0.6947457
vn -0.250564 0.9351134 0.250561
vn -0.250564 0.9351127 -0.2505631
vn -0.1861577 0.6947457 -0.6947474
vn -0.06918448 0.258198 -0.9636117
vn 0.06918451 -0.2581999 -0.9636111
vn 0.1861576 -0.6947474 -0.6947455
vn 0.2505639 -0.935113 -0.2505624
vn 0.2505638 -0.9351124 0.2505645
vn 0.1861576 -0.6947458 0.6947471
vn 0.06918447 -0.2581981 0.9636115
vn -0.189015 0.1890155 0.9636111
vn -0.5085906 0.5085901 0.6947459
vn -0.6845512 0.68455 0.2505613
vn -0.6845512 0.6845496 -0.2505629
vn -0.5085902 0.5085885 -0.6947473
vn -0.189015 0.1890137 -0.9636115
vn 0.1890152 -0.1890157 -0.9636112
vn 0.5085905 -0.5085902 -0.6947458
vn 0.6845511 -0.6845498 -0.2505625
vn 0.6845508 -0.6845493 0.2505642
vn 0.5085905 -0.5085887 0.6947469
vn 0.1890148 -0.1890136 0.9636115
vn -0.2581989 0.0691848 0.9636113
vn -0.6947469 0.1861569 0.6947464
vn -0.9351136 0.2505623 0.2505615
vn -0.9351134 0.2505618 -0.2505625
vn -0.6947465 0.1861556 -0.694747
vn -0.258199 0.06918308 -0.9636114
vn 0.2581993 -0.06918485 -0.9636112
vn 0.694747 -0.1861568 -0.6947463
vn 0.9351133 -0.2505622 -0.2505631
vn 0.9351131 -0.2505617 0.2505637
vn 0.6947469 -0.1861556 0.6947468
vn 0.2581991 -0.06918314 0.9636114
vn -0.2581989 -0.06918369 0.9636114
vn -0.6947462 -0.1861571 0.6947469
vn -0.9351131 -0.2505637 0.2505617
vn -0.9351132 -0.2505642 -0.2505613
vn -0.694746 -0.1861583 -0.6947469
vn -0.2581988 -0.06918533 -0.9636113
vn 0.2581992 0.06918377 -0.9636114
vn 0.6947466 0.186157 -0.6947465
vn 0.9351128 0.2505638 -0.2505632
vn 0.9351128 0.2505643 0.2505627
vn 0.6947464 0.1861585 0.6947464
vn 0.2581989 0.06918541 0.9636113
vn -0.1890146 -0.1890141 0.9636115
vn -0.5085891 -0.5085894 0.6947474
vn -0.6845499 -0.684551 0.2505622
vn -0.6845499 -0.6845517 -0.2505605
vn -0.5085891 -0.5085907 -0.6947466
vn -0.1890146 -0.1890159 -0.9636112
vn 0.1890147 0.1890142 -0.9636115
vn 0.5085895 0.5085897 -0.6947469
vn 0.6845496 0.6845505 -0.2505642
vn 0.6845497 0.684551 0.2505627
vn 0.5085896 0.508591 0.6947459
vn 0.1890146 0.1890157 0.9636112
vn -0.06918398 -0.258198 0.9636116
vn -0.1861562 -0.694746 0.6947473
vn -0.2505621 -0.9351134 0.2505625
vn -0.2505622 -0.935114 -0.2505603
vn -0.1861562 -0.6947473 -0.6947461
vn -0.06918399 -0.2581998 -0.9636111
vn 0.06918398 0.2581984 -0.9636116
vn 0.1861562 0.6947464 -0.6947469
vn 0.2505621 0.9351128 -0.2505648
vn 0.250562 0.9351134 0.2505627
vn 0.1861562 0.6947477 0.6947457
vn 0.06918398 0.2581999 0.9636112
vn 0.06918446 -0.258198 0.9636116
vn 0.1861575 -0.6947456 0.6947473
vn 0.2505639 -0.9351129 0.2505625
vn 0.2505641 -0.9351135 -0.2505603
vn 0.1861575 -0.6947469 -0.6947461
vn 0.06918447 -0.2581997 -0.9636111
vn -0.0691845 0.2581984 -0.9636115
vn -0.1861575 0.6947461 -0.6947469
vn -0.2505638 0.9351124 -0.2505648
vn -0.2505638 0.935113 0.2505627
vn -0.1861576 0.6947473 0.6947457
vn -0.06918447 0.2581997 0.9636112
vn 0.1890149 -0.1890135 0.9636116
vn 0.5085903 -0.5085884 0.6947473
vn 0.6845514 -0.6845496 0.2505619
vn 0.6845515 -0.6845502 -0.2505604
vn 0.5085903 -0.5085898 -0.6947463
vn 0.1890148 -0.1890153 -0.9636112
vn -0.1890153 0.189014 -0.9636114
vn -0.5085906 0.5085888 -0.6947467
vn -0.6845508 0.6845492 -0.2505646
vn -0.6845509 0.6845497 0.250563
vn -0.5085905 0.50859 0.694746
vn -0.1890151 0.1890154 0.9636112
vn 0.2581989 -0.06918307 0.9636115
vn 0.6947465 -0.1861554 0.694747
vn 0.9351137 -0.2505617 0.250562
vn 0.9351137 -0.2505621 -0.2505614
vn 0.694747 -0.1861566 -0.6947463
vn 0.2581988 -0.06918471 -0.9636114
vn -0.2581994 0.06918317 -0.9636114
vn -0.6947472 0.1861554 -0.6947465
vn -0.9351132 0.2505615 -0.2505641
vn -0.9351133 0.250562 0.2505633
vn -0.6947471 0.1861567 0.6947461
vn -0.2581992 0.06918486 0.9636113
vn -0.2588198 0.9659256 -1.189222E-06
vn -0.7071074 0.7071062 -9.567376E-07
vn -0.9659262 0.2588179 -4.460777E-07
vn -0.9659256 -0.2588197 1.63511E-07
vn -0.7071063 -0.7071074 7.343392E-07
vn -0.2588181 -0.9659261 1.112043E-06
vn 0.2588199 -0.9659256 1.189201E-06
vn 0.7071076 -0.707106 9.548127E-07
vn 0.9659261 -0.258818 4.658626E-07
vn 0.9659256 0.2588196 -1.727036E-07
vn 0.7071063 0.7071074 -7.286175E-07
vn 0.2588179 0.9659262 -1.113549E-06
vn -1.490112E-07 1.057482E-06 1
vn 1.490112E-07 -1.073537E-06 -1
vn 0.258199 0.06918548 0.9636112
vn 0.6947466 0.1861582 0.6947463
vn 0.9351128 0.2505641 0.2505628
vn 0.935113 0.2505636 -0.2505627
vn 0.6947465 0.1861566 -0.6947468
vn 0.2581992 0.06918333 -0.9636114
vn -0.258199 -0.06918562 -0.9636112
vn -0.6947461 -0.1861583 -0.6947467
vn -0.9351131 -0.2505641 -0.250562
vn -0.935113 -0.2505635 0.2505624
vn -0.694746 -0.1861566 0.6947473
vn -0.2581989 -0.06918339 0.9636115
vn 0.1890145 0.189016 0.9636112
vn 0.5085896 0.5085913 0.6947457
vn 0.6845497 0.6845512 0.2505621
vn 0.6845499 0.6845506 -0.2505634
vn 0.5085897 0.5085896 -0.694747
vn 0.1890148 0.1890139 -0.9636115
vn -0.1890147 -0.1890162 -0.9636111
vn -0.5085894 -0.508591 -0.6947461
vn -0.68455 -0.6845511 -0.2505619
vn -0.68455 -0.6845505 0.2505633
vn -0.5085893 -0.508589 0.6947476
vn -0.1890147 -0.1890138 0.9636116
vn 0.06918378 0.2582001 0.9636111
vn 0.1861561 0.6947477 0.6947457
vn 0.2505623 0.9351135 0.2505618
vn 0.2505623 0.935113 -0.2505639
vn 0.1861563 0.694746 -0.6947474
vn 0.06918406 0.2581981 -0.9636117
vn -0.06918398 -0.2582005 -0.963611
vn -0.1861561 -0.6947474 -0.694746
vn -0.250562 -0.9351137 -0.2505615
vn -0.250562 -0.9351131 0.2505636
vn -0.186156 -0.6947456 0.6947478
vn -0.06918408 -0.2581981 0.9636117
vn -0.06918457 0.2582001 0.9636111
vn -0.1861576 0.6947473 0.6947457
vn -0.2505639 0.9351131 0.2505617
vn -0.2505639 0.9351126 -0.2505639
vn -0.1861573 0.6947455 -0.6947476
vn -0.06918429 0.258198 -0.9636117
vn 0.06918467 -0.2582003 -0.963611
vn 0.1861576 -0.6947468 -0.6947462
vn 0.2505639 -0.9351133 -0.2505611
vn 0.2505637 -0.9351128 0.2505633
vn 0.1861572 -0.6947452 0.6947479
vn 0.06918423 -0.2581977 0.9636117
vn -0.1890152 0.1890158 0.9636111
vn -0.5085905 0.5085902 0.6947458
vn -0.6845509 0.6845499 0.2505625
vn -0.6845509 0.6845494 -0.250564
vn -0.5085903 0.5085886 -0.6947471
vn -0.1890149 0.1890137 -0.9636116
vn 0.1890153 -0.1890159 -0.963611
vn 0.5085903 -0.50859 -0.6947461
vn 0.6845512 -0.6845502 -0.2505611
vn 0.6845511 -0.6845495 0.2505631
vn 0.5085899 -0.5085883 0.6947476
vn 0.1890147 -0.1890135 0.9636117
vn -0.2581993 0.06918495 0.9636112
vn -0.6947468 0.1861569 0.6947464
vn -0.9351134 0.2505624 0.2505622
vn -0.9351133 0.2505619 -0.2505633
vn -0.6947464 0.1861554 -0.6947473
vn -0.2581991 0.06918292 -0.9636115
vn 0.2581996 -0.06918515 -0.9636111
vn 0.6947466 -0.1861569 -0.6947466
vn 0.9351135 -0.2505623 -0.2505617
vn 0.9351135 -0.2505618 0.2505626
vn 0.6947463 -0.1861553 0.6947474
vn 0.2581988 -0.06918293 0.9636115
vn -0.2581993 -0.06918343 0.9636113
vn -0.6947463 -0.1861567 0.694747
vn -0.935113 -0.2505637 0.2505629
vn -0.9351128 -0.2505642 -0.2505626
vn -0.694746 -0.1861582 -0.6947469
vn -0.2581991 -0.06918553 -0.9636112
vn 0.2581993 0.06918355 -0.9636114
vn 0.6947463 0.1861567 -0.694747
vn 0.9351131 0.2505635 -0.2505623
vn 0.9351131 0.250564 0.2505621
vn 0.6947461 0.1861583 0.6947467
vn 0.2581985 0.06918541 0.9636114
vn -0.1890148 -0.189014 0.9636115
vn -0.5085897 -0.5085897 0.6947467
vn -0.6845496 -0.6845507 0.2505638
vn -0.6845497 -0.6845512 -0.2505622
vn -0.5085895 -0.5085912 -0.6947458
vn -0.1890145 -0.1890161 -0.9636112
vn 0.1890149 0.1890142 -0.9636115
vn 0.5085894 0.5085896 -0.6947471
vn 0.6845498 0.6845508 -0.2505632
vn 0.6845497 0.6845513 0.2505618
vn 0.5085893 0.5085909 0.6947463
vn 0.1890143 0.1890158 0.9636112
vn -0.06918406 -0.258198 0.9636117
vn -0.1861563 -0.6947461 0.6947472
vn -0.2505623 -0.935113 0.2505639
vn -0.2505623 -0.9351136 -0.2505617
vn -0.1861561 -0.6947475 -0.6947459
vn -0.06918378 -0.2582002 -0.9636111
vn 0.06918427 0.2581983 -0.9636115
vn 0.1861563 0.694746 -0.6947474
vn 0.250562 0.9351131 -0.2505636
vn 0.250562 0.9351137 0.2505615
vn 0.1861559 0.6947471 0.6947463
vn 0.06918382 0.2582001 0.9636111
vn 0.06918424 -0.258198 0.9636117
vn 0.1861574 -0.6947458 0.6947473
vn 0.2505639 -0.9351125 0.250564
vn 0.2505639 -0.9351132 -0.2505616
vn 0.1861575 -0.6947472 -0.6947458
vn 0.06918452 -0.2582 -0.9636111
vn -0.06918441 0.2581983 -0.9636115
vn -0.1861573 0.6947455 -0.6947476
vn -0.2505637 0.9351127 -0.2505637
vn -0.2505637 0.9351133 0.2505614
vn -0.1861574 0.6947469 0.6947463
vn -0.06918453 0.2581999 0.9636111
vn 0.1890147 -0.1890136 0.9636116
vn 0.5085906 -0.5085889 0.6947468
vn 0.6845508 -0.6845496 0.2505638
vn 0.6845509 -0.68455 -0.250562
vn 0.5085907 -0.5085904 -0.6947455
vn 0.1890149 -0.1890155 -0.9636112
vn -0.1890151 0.189014 -0.9636115
vn -0.5085902 0.5085889 -0.694747
vn -0.6845508 0.6845495 -0.2505639
vn -0.6845509 0.6845501 0.250562
vn -0.5085902 0.5085901 0.6947461
vn -0.1890151 0.1890156 0.9636112
vn 0.2581989 -0.06918281 0.9636115
vn 0.6947469 -0.1861551 0.6947468
vn 0.9351134 -0.2505615 0.2505631
vn 0.9351135 -0.2505622 -0.2505624
vn 0.6947471 -0.1861567 -0.6947461
vn 0.2581992 -0.06918485 -0.9636112
vn -0.2581994 0.06918298 -0.9636114
vn -0.6947467 0.1861551 -0.6947471
vn -0.9351135 0.2505612 -0.2505631
vn -0.9351135 0.2505618 0.2505623
vn -0.6947467 0.1861565 0.6947466
vn -0.2581992 0.06918497 0.9636112
vn 0.2581982 0.06918487 0.9636115
vn 0.694747 0.186158 0.6947458
vn 0.9351132 0.2505637 0.2505617
vn 0.9351133 0.2505633 -0.2505619
vn 0.6947471 0.1861569 -0.6947461
vn 0.2581984 0.06918348 -0.9636115
vn -0.2581984 -0.06918491 -0.9636115
vn -0.6947472 -0.1861577 -0.6947458
vn -0.9351127 -0.2505634 -0.2505637
vn -0.9351128 -0.2505631 0.2505638
vn -0.6947475 -0.1861566 0.6947458
vn -0.2581984 -0.0691834 0.9636116
vn 0.1890141 0.1890152 0.9636114
vn 0.5085899 0.5085909 0.6947458
vn 0.6845501 0.6845508 0.250562
vn 0.6845502 0.6845505 -0.250563
vn 0.50859 0.5085898 -0.6947464
vn 0.1890144 0.1890138 -0.9636117
vn -0.1890145 -0.1890154 -0.9636113
vn -0.5085897 -0.5085908 -0.694746
vn -0.6845499 -0.6845508 -0.250563
vn -0.6845499 -0.6845503 0.2505639
vn -0.5085899 -0.5085897 0.6947467
vn -0.1890145 -0.1890139 0.9636116
vn 0.0691838 0.2581991 0.9636114
vn 0.1861564 0.6947473 0.694746
vn 0.2505625 0.9351138 0.2505608
vn 0.2505624 0.9351134 -0.2505623
vn 0.1861566 0.6947463 -0.6947471
vn 0.06918409 0.2581978 -0.9636117
vn -0.06918374 -0.2581995 -0.9636113
vn -0.1861562 -0.6947477 -0.6947456
vn -0.2505623 -0.9351133 -0.250563
vn -0.2505623 -0.9351128 0.2505644
vn -0.1861565 -0.6947468 0.6947466
vn -0.06918397 -0.2581976 0.9636117
vn -0.06918436 0.258199 0.9636114
vn -0.1861576 0.6947476 0.6947455
vn -0.2505635 0.9351134 0.2505613
vn -0.2505636 0.935113 -0.2505629
vn -0.1861573 0.6947464 -0.6947467
vn -0.06918406 0.2581975 -0.9636118
vn 0.06918436 -0.2581995 -0.9636112
vn 0.1861571 -0.6947476 -0.6947455
vn 0.2505633 -0.935113 -0.2505629
vn 0.2505632 -0.9351126 0.2505645
vn 0.1861569 -0.6947466 0.6947466
vn 0.06918394 -0.2581975 0.9636118
vn -0.1890145 0.1890148 0.9636114
vn -0.5085909 0.5085907 0.6947452
vn -0.6845508 0.6845502 0.2505621
vn -0.6845507 0.6845497 -0.2505634
vn -0.5085906 0.5085896 -0.6947462
vn -0.1890142 0.1890134 -0.9636117
vn 0.1890149 -0.1890152 -0.9636112
vn 0.5085904 -0.5085902 -0.6947459
vn 0.6845506 -0.68455 -0.2505627
vn 0.6845506 -0.6845496 0.2505642
vn 0.50859 -0.5085891 0.694747
vn 0.1890145 -0.1890136 0.9636117
vn -0.2581986 0.06918461 0.9636114
vn -0.6947474 0.1861572 0.6947458
vn -0.9351135 0.2505627 0.2505619
vn -0.9351134 0.2505623 -0.2505625
vn -0.6947471 0.1861562 -0.6947463
vn -0.2581982 0.06918319 -0.9636117
vn 0.2581989 -0.0691846 -0.9636114
vn 0.6947473 -0.1861567 -0.694746
vn 0.9351131 -0.2505624 -0.2505634
vn 0.9351131 -0.250562 0.250564
vn 0.6947473 -0.1861558 0.6947462
vn 0.2581982 -0.06918315 0.9636117
vn -0.2581985 -0.06918353 0.9636115
vn -0.6947468 -0.186157 0.6947464
vn -0.9351131 -0.2505633 0.2505626
vn -0.935113 -0.2505637 -0.2505624
vn -0.6947468 -0.1861581 -0.6947461
vn -0.2581983 -0.06918497 -0.9636115
vn 0.2581988 0.06918355 -0.9636115
vn 0.6947471 0.1861566 -0.6947462
vn 0.9351128 0.2505632 -0.2505635
vn 0.9351129 0.2505636 0.2505632
vn 0.694747 0.1861576 0.694746
vn 0.2581982 0.06918484 0.9636115
vn -0.1890143 -0.1890136 0.9636117
vn -0.50859 -0.5085899 0.6947464
vn -0.68455 -0.6845505 0.2505635
vn -0.6845499 -0.6845509 -0.2505625
vn -0.5085899 -0.5085909 -0.6947458
vn -0.189014 -0.1890151 -0.9636114
vn 0.1890148 0.1890141 -0.9636115
vn 0.5085897 0.5085897 -0.6947467
vn 0.6845499 0.6845505 -0.2505637
vn 0.6845499 0.6845509 0.2505626
vn 0.5085894 0.5085907 0.6947463
vn 0.1890143 0.1890153 0.9636114
vn -0.06918409 -0.2581978 0.9636117
vn -0.1861566 -0.6947464 0.694747
vn -0.2505625 -0.9351134 0.2505623
vn -0.2505624 -0.9351138 -0.2505608
vn -0.1861564 -0.6947473 -0.694746
vn -0.0691838 -0.258199 -0.9636114
vn 0.06918404 0.2581981 -0.9636117
vn 0.1861564 0.6947467 -0.6947467
vn 0.2505624 0.9351128 -0.2505644
vn 0.2505623 0.9351133 0.2505629
vn 0.1861563 0.6947478 0.6947455
vn 0.06918368 0.2581991 0.9636114
vn 0.06918405 -0.2581976 0.9636118
vn 0.1861572 -0.6947461 0.694747
vn 0.2505634 -0.9351131 0.2505623
vn 0.2505634 -0.9351135 -0.2505608
vn 0.1861574 -0.6947471 -0.694746
vn 0.06918435 -0.258199 -0.9636114
vn -0.06918401 0.2581979 -0.9636117
vn -0.1861569 0.6947465 -0.6947467
vn -0.2505633 0.9351126 -0.2505645
vn -0.2505634 0.935113 0.2505629
vn -0.1861571 0.6947476 0.6947455
vn -0.06918421 0.2581989 0.9636114
vn 0.1890144 -0.1890136 0.9636117
vn 0.50859 -0.5085889 0.6947473
vn 0.6845507 -0.68455 0.250563
vn 0.6845508 -0.6845503 -0.2505618
vn 0.5085903 -0.5085901 -0.6947461
vn 0.1890146 -0.1890148 -0.9636114
vn -0.1890147 0.1890139 -0.9636115
vn -0.5085901 0.5085889 -0.6947471
vn -0.6845508 0.6845497 -0.2505636
vn -0.6845508 0.68455 0.2505621
vn -0.5085902 0.5085899 0.6947462
vn -0.1890148 0.1890151 0.9636113
vn 0.2581984 -0.06918329 0.9636116
vn 0.6947462 -0.1861558 0.6947473
vn 0.9351136 -0.2505618 0.2505618
vn 0.9351136 -0.2505622 -0.2505617
vn 0.6947469 -0.1861569 -0.6947463
vn 0.2581986 -0.06918459 -0.9636114
vn -0.2581986 0.06918317 -0.9636116
vn -0.6947471 0.1861558 -0.6947464
vn -0.9351132 0.250562 -0.2505636
vn -0.9351133 0.2505623 0.2505628
vn -0.6947473 0.1861566 0.694746
vn -0.2581986 0.06918446 0.9636114
vn 0.258199 0.06918509 0.9636114
vn 0.6947467 0.1861579 0.6947463
vn 0.9351133 0.2505638 0.2505614
vn 0.9351132 0.2505634 -0.2505619
vn 0.6947465 0.1861569 -0.6947467
vn 0.2581989 0.06918376 -0.9636114
vn -0.2581993 -0.06918509 -0.9636112
vn -0.6947469 -0.1861578 -0.6947461
vn -0.9351128 -0.2505637 -0.2505634
vn -0.9351127 -0.2505633 0.250564
vn -0.6947466 -0.1861568 0.6947467
vn -0.258199 -0.06918366 0.9636114
vn 0.1890147 0.1890155 0.9636112
vn 0.5085897 0.5085905 0.6947461
vn 0.6845503 0.684551 0.2505609
vn 0.6845502 0.6845507 -0.2505621
vn 0.5085894 0.5085893 -0.6947473
vn 0.1890146 0.1890141 -0.9636115
vn -0.1890149 -0.1890157 -0.9636112
vn -0.50859 -0.5085909 -0.6947458
vn -0.6845499 -0.6845506 -0.2505632
vn -0.6845499 -0.6845502 0.2505644
vn -0.5085896 -0.5085896 0.694747
vn -0.1890146 -0.1890142 0.9636115
vn 0.06918415 0.2581995 0.9636112
vn 0.1861565 0.6947471 0.6947461
vn 0.2505625 0.9351138 0.2505607
vn 0.2505625 0.9351134 -0.2505622
vn 0.1861564 0.6947459 -0.6947474
vn 0.06918402 0.2581983 -0.9636116
vn -0.06918414 -0.2581999 -0.9636111
vn -0.1861566 -0.6947477 -0.6947456
vn -0.2505625 -0.9351132 -0.250563
vn -0.2505624 -0.9351128 0.2505645
vn -0.1861564 -0.6947463 0.694747
vn -0.069184 -0.2581984 0.9636115
vn -0.06918433 0.2581996 0.9636112
vn -0.1861574 0.6947472 0.6947458
vn -0.2505636 0.9351134 0.2505613
vn -0.2505637 0.9351129 -0.2505627
vn -0.1861574 0.6947459 -0.6947471
vn -0.06918442 0.2581982 -0.9636116
vn 0.06918434 -0.2581998 -0.9636111
vn 0.1861573 -0.6947473 -0.6947457
vn 0.2505635 -0.935113 -0.2505627
vn 0.2505634 -0.9351127 0.2505642
vn 0.1861573 -0.6947461 0.694747
vn 0.06918442 -0.2581983 0.9636116
vn -0.1890149 0.1890154 0.9636112
vn -0.5085902 0.5085902 0.694746
vn -0.6845508 0.6845503 0.2505616
vn -0.6845509 0.6845499 -0.2505626
vn -0.50859 0.5085889 -0.6947471
vn -0.189015 0.189014 -0.9636115
vn 0.189015 -0.1890156 -0.9636112
vn 0.5085902 -0.5085903 -0.694746
vn 0.6845507 -0.68455 -0.2505628
vn 0.6845506 -0.6845496 0.250564
vn 0.5085903 -0.5085891 0.6947468
vn 0.1890148 -0.1890139 0.9636115
vn -0.2581989 0.06918474 0.9636114
vn -0.6947467 0.1861571 0.6947464
vn -0.9351135 0.2505627 0.2505617
vn -0.9351134 0.2505623 -0.2505624
vn -0.6947465 0.186156 -0.6947469
vn -0.258199 0.06918336 -0.9636114
vn 0.2581992 -0.06918479 -0.9636112
vn 0.6947469 -0.186157 -0.6947463
vn 0.9351131 -0.2505625 -0.2505632
vn 0.9351131 -0.2505622 0.2505635
vn 0.6947468 -0.186156 0.6947467
vn 0.2581991 -0.06918342 0.9636114
vn -0.2581989 -0.06918376 0.9636114
vn -0.6947463 -0.1861569 0.6947469
vn -0.9351133 -0.2505634 0.2505617
vn -0.9351133 -0.2505638 -0.2505614
vn -0.6947461 -0.1861578 -0.6947469
vn -0.2581989 -0.06918506 -0.9636114
vn 0.2581992 0.06918383 -0.9636114
vn 0.6947467 0.1861569 -0.6947466
vn 0.9351128 0.2505635 -0.2505631
vn 0.9351128 0.2505639 0.2505628
vn 0.6947465 0.186158 0.6947464
vn 0.258199 0.06918512 0.9636113
vn -0.1890147 -0.1890142 0.9636115
vn -0.5085893 -0.5085893 0.6947474
vn -0.6845502 -0.6845508 0.250562
vn -0.6845502 -0.6845513 -0.2505606
vn -0.5085893 -0.5085903 -0.6947466
vn -0.1890147 -0.1890156 -0.9636112
vn 0.1890148 0.1890143 -0.9636115
vn 0.5085897 0.5085896 -0.6947469
vn 0.6845499 0.6845503 -0.250564
vn 0.68455 0.6845506 0.2505629
vn 0.5085899 0.5085906 0.694746
vn 0.1890147 0.1890154 0.9636112
vn -0.06918404 -0.2581982 0.9636117
vn -0.1861565 -0.6947461 0.6947472
vn -0.2505625 -0.9351134 0.2505622
vn -0.2505626 -0.9351138 -0.2505606
vn -0.1861565 -0.694747 -0.6947463
vn -0.06918415 -0.2581996 -0.9636112
vn 0.06918403 0.2581985 -0.9636115
vn 0.1861565 0.6947466 -0.6947467
vn 0.2505625 0.9351128 -0.2505645
vn 0.2505624 0.9351132 0.250563
vn 0.1861565 0.6947474 0.6947459
vn 0.06918414 0.2581997 0.9636112
vn 0.0691844 -0.2581982 0.9636115
vn 0.1861573 -0.6947459 0.6947472
vn 0.2505636 -0.9351131 0.2505622
vn 0.2505637 -0.9351135 -0.2505606
vn 0.1861572 -0.6947468 -0.6947463
vn 0.0691843 -0.2581995 -0.9636112
vn -0.06918444 0.2581986 -0.9636114
vn -0.1861573 0.6947464 -0.6947467
vn -0.2505634 0.9351125 -0.2505645
vn -0.2505634 0.935113 0.250563
vn -0.1861572 0.6947472 0.6947459
vn -0.0691843 0.2581996 0.9636112
vn 0.1890149 -0.1890138 0.9636115
vn 0.5085901 -0.5085888 0.6947471
vn 0.6845511 -0.68455 0.2505617
vn 0.6845511 -0.6845504 -0.2505607
vn 0.50859 -0.5085899 -0.6947465
vn 0.1890146 -0.1890152 -0.9636113
vn -0.1890153 0.1890143 -0.9636114
vn -0.5085904 0.5085892 -0.6947466
vn -0.6845506 0.6845495 -0.2505643
vn -0.6845506 0.6845499 0.2505633
vn -0.5085902 0.5085902 0.6947461
vn -0.1890149 0.1890153 0.9636112
vn 0.2581989 -0.06918336 0.9636115
vn 0.6947465 -0.1861558 0.694747
vn 0.9351135 -0.2505621 0.2505619
vn 0.9351136 -0.2505625 -0.2505616
vn 0.6947469 -0.1861568 -0.6947464
vn 0.2581987 -0.06918465 -0.9636114
vn -0.2581994 0.06918345 -0.9636114
vn -0.6947471 0.1861558 -0.6947464
vn -0.9351131 0.2505619 -0.2505639
vn -0.9351131 0.2505623 0.2505634
vn -0.694747 0.1861568 0.6947462
vn -0.2581991 0.0691848 0.9636113
vn -0.2588194 0.9659258 -8.437797E-07
vn -0.7071071 0.7071065 -7.038572E-07
vn -0.9659261 0.2588182 -3.535177E-07
vn -0.9659258 -0.2588193 7.094932E-08
vn -0.7071065 -0.7071071 4.814574E-07
vn -0.2588184 -0.965926 7.666011E-07
vn 0.2588195 -0.9659258 8.437588E-07
vn 0.7071074 -0.7071063 7.019322E-07
vn 0.965926 -0.2588183 3.733025E-07
vn 0.9659258 0.2588193 -8.014191E-08
vn 0.7071065 0.7071071 -4.757357E-07
vn 0.2588183 0.9659261 -7.681065E-07
vn -1.490115E-07 6.998538E-07 1
vn 1.490115E-07 -7.159093E-07 -1
vn 0.258199 0.06918504 0.9636113
vn 0.6947466 0.1861577 0.6947464
vn 0.935113 0.2505637 0.2505629
vn 0.9351131 0.2505634 -0.2505626
vn 0.6947466 0.1861566 -0.6947467
vn 0.2581992 0.06918359 -0.9636114
vn -0.258199 -0.06918518 -0.9636113
vn -0.6947462 -0.1861578 -0.6947468
vn -0.9351131 -0.2505637 -0.250562
vn -0.9351132 -0.2505633 0.2505623
vn -0.6947461 -0.1861566 0.6947473
vn -0.258199 -0.06918365 0.9636114
vn 0.1890145 0.1890156 0.9636112
vn 0.5085897 0.5085909 0.6947459
vn 0.68455 0.6845509 0.2505623
vn 0.6845501 0.6845505 -0.2505632
vn 0.5085899 0.5085896 -0.6947468
vn 0.1890149 0.1890141 -0.9636115
vn -0.1890147 -0.1890159 -0.9636112
vn -0.5085896 -0.5085906 -0.6947463
vn -0.6845502 -0.6845508 -0.2505621
vn -0.6845502 -0.6845503 0.2505631
vn -0.5085895 -0.5085891 0.6947474
vn -0.1890148 -0.1890141 0.9636115
vn 0.06918387 0.2581997 0.9636112
vn 0.1861564 0.6947474 0.694746
vn 0.2505626 0.9351134 0.2505622
vn 0.2505626 0.935113 -0.2505635
vn 0.1861566 0.6947462 -0.6947471
vn 0.06918416 0.2581984 -0.9636115
vn -0.06918406 -0.2582 -0.9636111
vn -0.1861563 -0.6947471 -0.6947462
vn -0.2505623 -0.9351135 -0.2505618
vn -0.2505624 -0.9351131 0.2505633
vn -0.1861563 -0.6947458 0.6947476
vn -0.06918418 -0.2581984 0.9636115
vn -0.06918448 0.2581998 0.9636111
vn -0.1861573 0.6947471 0.694746
vn -0.2505636 0.9351131 0.250562
vn -0.2505635 0.9351128 -0.2505636
vn -0.186157 0.6947458 -0.6947473
vn -0.06918419 0.2581984 -0.9636116
vn 0.06918458 -0.2582 -0.9636111
vn 0.1861573 -0.6947466 -0.6947464
vn 0.2505635 -0.9351133 -0.2505614
vn 0.2505634 -0.935113 0.250563
vn 0.186157 -0.6947455 0.6947477
vn 0.06918413 -0.2581981 0.9636117
vn -0.1890152 0.1890155 0.9636112
vn -0.5085903 0.5085902 0.694746
vn -0.6845507 0.68455 0.2505628
vn -0.6845506 0.6845497 -0.2505638
vn -0.5085901 0.508589 -0.694747
vn -0.1890149 0.1890141 -0.9636115
vn 0.1890153 -0.1890157 -0.9636111
vn 0.5085901 -0.5085899 -0.6947463
vn 0.6845509 -0.6845503 -0.2505614
vn 0.6845509 -0.6845499 0.2505628
vn 0.5085897 -0.5085887 0.6947474
vn 0.1890146 -0.1890139 0.9636116
vn -0.2581992 0.0691847 0.9636112
vn -0.6947467 0.1861569 0.6947464
vn -0.9351133 0.2505627 0.2505623
vn -0.9351131 0.2505623 -0.2505632
vn -0.6947463 0.1861559 -0.6947472
vn -0.258199 0.06918335 -0.9636114
vn 0.2581996 -0.06918489 -0.9636111
vn 0.6947465 -0.1861569 -0.6947467
vn 0.9351135 -0.2505626 -0.2505618
vn 0.9351134 -0.2505622 0.2505625
vn 0.6947462 -0.1861558 0.6947473
vn 0.2581987 -0.06918337 0.9636115
vn -0.2581994 -0.06918369 0.9636113
vn -0.6947464 -0.1861567 0.6947469
vn -0.935113 -0.2505635 0.2505628
vn -0.935113 -0.2505639 -0.2505627
vn -0.6947461 -0.1861577 -0.6947469
vn -0.2581991 -0.06918509 -0.9636112
vn 0.2581994 0.0691838 -0.9636113
vn 0.6947463 0.1861567 -0.6947469
vn 0.9351132 0.2505633 -0.2505623
vn 0.9351131 0.2505636 0.2505622
vn 0.6947462 0.1861578 0.6947468
vn 0.2581985 0.06918497 0.9636114
vn -0.1890149 -0.1890143 0.9636115
vn -0.5085899 -0.5085898 0.6947465
vn -0.6845498 -0.6845506 0.2505636
vn -0.6845499 -0.6845509 -0.2505624
vn -0.5085897 -0.5085908 -0.694746
vn -0.1890146 -0.1890157 -0.9636112
vn 0.1890149 0.1890145 -0.9636114
vn 0.5085896 0.5085896 -0.6947469
vn 0.68455 0.6845506 -0.2505629
vn 0.68455 0.684551 0.250562
vn 0.5085894 0.5085905 0.6947465
vn 0.1890144 0.1890154 0.9636113
vn -0.06918416 -0.2581983 0.9636115
vn -0.1861566 -0.6947463 0.694747
vn -0.2505627 -0.935113 0.2505636
vn -0.2505626 -0.9351134 -0.250562
vn -0.1861564 -0.6947472 -0.6947461
vn -0.06918387 -0.2581998 -0.9636112
vn 0.06918436 0.2581986 -0.9636114
vn 0.1861565 0.6947461 -0.6947472
vn 0.2505623 0.9351131 -0.2505633
vn 0.2505624 0.9351135 0.2505618
vn 0.1861561 0.6947469 0.6947466
vn 0.0691839 0.2581997 0.9636112
vn 0.06918414 -0.2581984 0.9636116
vn 0.1861572 -0.6947461 0.694747
vn 0.2505636 -0.9351127 0.2505636
vn 0.2505636 -0.9351132 -0.250562
vn 0.1861573 -0.694747 -0.6947461
vn 0.06918444 -0.2581997 -0.9636112
vn -0.06918431 0.2581987 -0.9636115
vn -0.1861571 0.6947458 -0.6947473
vn -0.2505633 0.9351129 -0.2505634
vn -0.2505633 0.9351133 0.2505618
vn -0.1861571 0.6947467 0.6947465
vn -0.06918444 0.2581996 0.9636112
vn 0.1890146 -0.189014 0.9636115
vn 0.5085904 -0.5085893 0.6947466
vn 0.6845506 -0.6845499 0.2505636
vn 0.6845507 -0.6845502 -0.2505623
vn 0.5085905 -0.5085903 -0.6947457
vn 0.1890149 -0.1890153 -0.9636112
vn -0.189015 0.1890144 -0.9636114
vn -0.50859 0.5085893 -0.6947469
vn -0.6845506 0.6845499 -0.2505637
vn -0.6845506 0.6845502 0.2505622
vn -0.50859 0.50859 0.6947463
vn -0.189015 0.1890153 0.9636112
vn 0.2581989 -0.06918325 0.9636115
vn 0.6947469 -0.1861556 0.6947467
vn 0.9351134 -0.250562 0.250563
vn 0.9351133 -0.2505624 -0.2505625
vn 0.6947471 -0.1861567 -0.6947462
vn 0.2581992 -0.0691846 -0.9636113
vn -0.2581993 0.06918342 -0.9636114
vn -0.6947466 0.1861555 -0.694747
vn -0.9351134 0.2505617 -0.250563
vn -0.9351135 0.250562 0.2505623
vn -0.6947467 0.1861565 0.6947467
vn -0.2581992 0.06918472 0.9636113
vn -1 -3.401393E-06 -3.203151E-06
vn 1 3.228982E-06 3.270884E-06
vn 3.49691E-06 -1 1.412582E-06
vn -3.49691E-06 1 -1.39755E-06
vn 0.6983352 -0.3491647 0.6248295
vn 3.203156E-06 -1.398758E-06 -1
vn -3.258407E-06 1.398758E-06 1
vn -3.136729E-06 1.398758E-06 1
vn -3.302795E-06 1.398758E-06 1
vn -3.247761E-06 1.398758E-06 1
vn -3.103131E-06 1.398759E-06 1
vn -3.262629E-06 1.398758E-06 1
vn 2.794194E-06 -0.9810737 0.1936345
vn -3.338946E-06 1.398758E-06 1
vn 2.967159E-06 -0.9810737 0.1936345
vn -0.762905 -0.3814524 0.5219867
vn 0.5053669 -0.7580461 0.4122747
vn -3.269582E-06 1.398758E-06 1
vn -3.139475E-06 1.398758E-06 1
vn -3.324303E-06 1.398758E-06 1
vn -3.495716E-06 1.398757E-06 1
vn -1 -3.526854E-06 -3.203151E-06
vn 1 3.455395E-06 3.203151E-06
vn -2.592162E-06 -0.1643971 0.9863943
vn 3.49691E-06 -1 1.428057E-06
vn 4.238554E-06 -0.9620124 -0.2730059
vn -2.592162E-06 -0.1643971 0.9863943
vn 3.203156E-06 -1.398758E-06 -1
vn 3.203156E-06 -1.398758E-06 -1
vn 3.203156E-06 -1.398758E-06 -1
vn 3.203156E-06 -1.398758E-06 -1
vn 0.6304899 -0.7092965 0.3152474
vn -0.6656862 -0.6656898 0.3372224
vn -0.7299581 -0.577886 0.364978
vn 3.203156E-06 -1.398758E-06 -1
vn 3.203156E-06 -1.398758E-06 -1
vn 3.203156E-06 -1.398758E-06 -1
vn 3.203156E-06 -1.398758E-06 -1
vn 3.203156E-06 -1.398758E-06 -1
vn 3.203156E-06 -1.398758E-06 -1
vn 3.203156E-06 -1.398758E-06 -1
vn 3.203156E-06 -1.398758E-06 -1
vn 3.203156E-06 -1.398758E-06 -1
vn 3.203156E-06 -1.398758E-06 -1
vn 3.203156E-06 -1.398758E-06 -1
vn 3.203156E-06 -1.398758E-06 -1
vn 3.203156E-06 -1.398758E-06 -1
vn 3.203156E-06 -1.398758E-06 -1
vn 3.203156E-06 -1.398758E-06 -1
vn 3.203156E-06 -1.398758E-06 -1
vn 3.203156E-06 -1.398758E-06 -1
vn 3.203156E-06 -1.398758E-06 -1
vn 3.203156E-06 -1.398758E-06 -1
vn 1 1.093143E-15 1.840155E-07
vn -1 -2.186286E-15 -1.931855E-07
vn -1.748456E-07 1.210038E-07 1
vn 1.748456E-07 -1.227982E-07 -1
vn -1.341675E-08 -1 1.192093E-07
vn 2.68335E-08 1 -1.192093E-07
vn -0.9786294 0.02820304 -0.2036889
vn -0.02748177 0.02452224 -0.9993215
vn -0.03651782 0.9712274 -0.2353378
vt 0.008233045 -0.1417702
vt 0.05335116 -0.118985
vt -0.1289966 0.2420898
vt 0.1657601 0.2050463
vt 0.1205513 0.2276509
vt -0.05705669 -0.1275621
vt -0.0118478 -0.1501666
vt 0.4216591 0.12095
vt 0.1281633 0.2276879
vt -0.00541108 -0.1463157
vt 0.2801916 -0.248318
vt -0.4263949 0.1288429
vt -0.2801917 -0.248318
vt 0.005411208 -0.1463158
vt -0.1281632 0.2276879
vt 0.2994928 -0.2073354
vt 0.03825204 -0.03279126
vt 0.010172 -0.07481889
vt -0.249805 -0.2479401
vt -0.003023706 -0.07166654
vt -0.03240252 -0.03053632
vt -0.2791839 -0.20681
vt -0.1158398 0.2471005
vt -0.1572168 0.216646
vt 0.01732073 -0.13819
vt 0.03252954 -0.02941478
vt 0.30693 -0.178536
vt 0.3329876 -0.1342581
vt 0.04205568 -0.04186819
vt 0.2682719 -0.2034521
vt 0.307094 -0.1491014
vt 0.4088709 -0.006614565
vt 0.1826546 0.1549693
vt 0.08087777 0.01248246
vt -0.04205569 -0.04186817
vt -0.08087779 0.01248248
vt -0.307094 -0.1491014
vt -0.268272 -0.2034521
vt 0.009403393 -0.1477729
vt -0.0840987 -0.4095753
vt 0.1777038 -0.5030774
vt 0.2712058 -0.241275
vt -0.009403402 -0.1477729
vt -0.2712058 -0.241275
vt -0.2478303 -0.3067256
vt 0.01397211 -0.2132235
vt -0.05221299 -0.1259473
vt -0.1119533 -0.09607686
vt -0.1741161 -0.2204014
vt -0.2362788 -0.3447259
vt -0.1765385 -0.3745963
vt 0.05221298 -0.1259473
vt 0.1765384 -0.3745963
vt 0.2362788 -0.3447259
vt 0.1741161 -0.2204014
vt 0.1119533 -0.09607687
vt -0.1119533 -0.09607685
vt -0.2685699 -0.01776797
vt -0.2996512 -0.07993019
vt 0.02584452 -0.2610663
vt 0.01693833 -0.2345275
vt -0.2466151 -0.3229737
vt -0.237709 -0.3495125
vt 0.2362787 -0.3447259
vt 0.2229578 -0.1929529
vt 0.174116 -0.2204014
vt 0.2580726 -0.1420893
vt 0.2996482 -0.07992667
vt 0.2229552 -0.1929496
vt -0.3244962 -0.09409921
vt -0.3021297 -0.1517164
vt -0.04297283 -0.051114
vt -0.06533934 0.006503205
vt -0.18784 -0.1651011
vt -0.2229578 -0.1929529
vt -0.2505091 -0.2708523
vt 0.03207235 -0.2908914
vt 0.0175053 -0.2456129
vt -0.2471347 -0.330753
vt -0.2325676 -0.3760316
vt -0.2365208 -0.3507041
vt -0.2100046 -0.4289619
vt 0.05329034 -0.339749
vt 0.0267741 -0.2614913
vt -0.2362788 -0.3447259
vt -0.1741161 -0.2204014
vt -0.18784 -0.1651011
vt -0.2996512 -0.07993017
vt -0.2580754 -0.1420927
vt -0.18784 -0.1651011
vt -0.18784 -0.1651011
vt -0.2580754 -0.1420927
vt -0.2229578 -0.1929529
vt 0.2996512 -0.07993026
vt 0.2685699 -0.017768
vt 0.1119533 -0.09607688
vt 0.174116 -0.2204014
vt -0.18784 -0.1651011
vt -0.250509 -0.2708523
vt -0.2448581 -0.3180796
vt -0.18784 -0.1651011
vt -0.2448581 -0.3180796
vt -0.2362788 -0.3447259
vt 0.2229579 -0.1929529
vt 0.2362788 -0.3447258
vt 0.2448581 -0.3180796
vt 0.2229579 -0.1929529
vt 0.2448581 -0.3180797
vt 0.2505091 -0.2708524
vt -0.3232546 -0.09705523
vt -0.06375896 0.00267007
vt -0.09058613 0.07247718
vt -0.3500819 -0.02724809
vt -0.3232547 -0.09705517
vt -0.09058625 0.07247729
vt -0.1119533 -0.09607686
vt -0.2996512 -0.07993019
vt -0.18784 -0.1651011
vt -0.1119533 -0.09607686
vt -0.18784 -0.1651011
vt -0.1741161 -0.2204014
vt 0.1741159 -0.2204013
vt 0.2229577 -0.1929528
vt 0.2996511 -0.07993013
vt -0.002432361 -0.08551657
vt 0.05926299 -0.1295849
vt 0.01960179 -0.0546689
vt 0.002432312 -0.08551656
vt -0.01960185 -0.0546689
vt -0.05926303 -0.1295849
vt -0.02994026 -0.2257307
vt 0.0287101 -0.2869317
vt 0.0414604 -0.2512313
vt 0.02994026 -0.2257307
vt -0.04146039 -0.2512313
vt 0.009540718 -0.3940327
vt 0.08094137 -0.3685321
vt 0.05544082 -0.2971314
vt -0.03606717 -0.1815335
vt -0.0784506 -0.1815333
vt -0.111954 -0.2693921
vt 0.03606725 -0.2308968
vt 0.06997405 -0.2563268
vt 0.05302058 -0.2224201
vt -0.03606725 -0.2308968
vt -0.06997393 -0.2139434
vt -0.07845067 -0.2308967
vt -0.1410168 -0.2631886
vt -0.1749237 -0.331002
vt -0.1716945 -0.3326166
vt -0.154741 -0.2987099
vt -0.1208341 -0.2308965
vt -0.1410168 -0.2631886
vt -0.154741 -0.2987099
vt -0.1377876 -0.2648032
vt -0.07845067 -0.2308967
vt -0.1208341 -0.2308965
vt -0.1377876 -0.2648032
vt -0.1081191 -0.24785
vt -0.1377876 -0.2648032
vt -0.154741 -0.2987099
vt -0.1293111 -0.3326167
vt -0.1335493 -0.29871
vt -0.1081191 -0.24785
vt -0.1377876 -0.2648032
vt -0.1335493 -0.29871
vt -0.1208342 -0.27328
vt -0.07660439 -0.2926961
vt -0.08821139 -0.3186506
vt -0.01572376 -0.3278321
vt -0.1335493 -0.29871
vt -0.1293111 -0.3326167
vt -0.1165961 -0.3495702
vt -0.06499739 -0.2667416
vt -0.07660439 -0.2926961
vt -0.01572376 -0.3278321
vt -0.1066512 -0.2153995
vt -0.1055738 -0.2365638
vt -0.02878441 -0.1631369
vt -0.0782626 -0.1983992
vt -0.1054092 -0.2191524
vt -0.07728116 -0.2924241
vt -0.1038806 -0.1969899
vt -0.1071098 -0.1953753
vt -0.1410168 -0.2631886
vt -0.1208341 -0.2308965
vt -0.06997393 -0.2139434
vt -0.1038806 -0.1969899
vt -0.1208341 -0.2308965
vt -0.07845068 -0.2308967
vt -0.1716945 -0.3326166
vt -0.1377878 -0.34957
vt -0.1293111 -0.3326167
vt -0.154741 -0.2987099
vt -0.1377878 -0.3495701
vt -0.1038811 -0.3665235
vt -0.1165961 -0.3495702
vt -0.1293111 -0.3326167
vt 0.05926299 -0.1295849
vt 0.07028006 -0.1141611
vt 0.08129712 -0.09873722
vt 0.1033313 -0.06788953
vt 0.1054298 -0.06495165
vt 0.04373443 -0.02088335
vt 0.04163594 -0.02382122
vt 0.01960179 -0.0546689
vt -0.01960178 -0.05466891
vt -0.04163593 -0.02382123
vt -0.04373442 -0.02088336
vt -0.1054298 -0.06495166
vt -0.1033313 -0.06788953
vt -0.08129714 -0.09873721
vt -0.07028006 -0.1141611
vt -0.05926298 -0.1295849
vt -0.1070661 -0.2900645
vt -0.06512295 -0.3049661
vt -0.04680518 -0.2717767
vt -0.08094136 -0.3685321
vt -0.009540705 -0.3940327
vt 0.003209562 -0.3583323
vt -0.009007123 -0.3612426
vt -0.02373185 -0.3961748
vt 0.005717629 -0.3263102
vt 0.0351671 -0.2564457
vt 0.02044234 -0.291378
vt 0.005717618 -0.3263102
vt -0.1070661 -0.2900645
vt -0.08344074 -0.3381556
vt -0.06512295 -0.3049661
vt 0.1038812 -0.3665236
vt 0.1208345 -0.3580468
vt 0.103881 -0.3241401
vt 0.1716945 -0.3326166
vt 0.1038806 -0.1969899
vt 0.1038807 -0.2181816
vt 0.1547411 -0.3199016
vt 0.03606725 -0.2308968
vt 0.0699742 -0.2987102
vt 0.06997405 -0.2563268
vt 0.103881 -0.3241401
vt 0.09540418 -0.2859951
vt 0.08692753 -0.2902334
vt -0.0437204 -0.1552809
vt -0.08258344 -0.2646775
vt -0.02550672 -0.2380678
vt -0.08812799 -0.2828367
vt -0.004908418 -0.2396036
vt -0.07738221 -0.2303135
vt -0.006750739 -0.266659
vt -0.006157571 -0.2130814
vt -0.09085669 -0.2772233
vt 0.0699742 -0.2987102
vt 0.07845087 -0.2944718
vt 0.06997405 -0.2563268
vt 0.0699742 -0.2987102
vt 0.1038812 -0.3665236
vt 0.103881 -0.3241401
vt 0.0699742 -0.2987102
vt 0.103881 -0.3241401
vt 0.07845087 -0.2944718
vt 0.1038809 -0.2817567
vt 0.06997405 -0.2563268
vt 0.09540418 -0.2859951
vt 0.06997405 -0.2563268
vt 0.1038809 -0.2817567
vt 0.08692731 -0.2266583
vt 0.1716945 -0.3326166
vt 0.1547411 -0.3199016
vt 0.1377877 -0.3071867
vt 0.1038809 -0.2817567
vt 0.1377877 -0.3283784
vt 0.1038807 -0.2393733
vt 0.1038809 -0.2817567
vt 0.1377877 -0.3071867
vt 0.1716945 -0.3326166
vt 0.1749237 -0.331002
vt 0.1071098 -0.1953753
vt 0.1038806 -0.1969899
vt 0.1038807 -0.2181816
vt 0.1038807 -0.2393733
vt 0.1377877 -0.3071867
vt 0.1547411 -0.3199016
vt 0.1038809 -0.2817567
vt 0.1038807 -0.2393733
vt 0.1038807 -0.2181816
vt 0.1038806 -0.1969899
vt 0.08692731 -0.2266583
vt 0.1038809 -0.2817567
vt 0.103881 -0.3241401
vt 0.1377877 -0.3283784
vt 0.1377878 -0.3495701
vt 0.1716945 -0.3326166
vt 0.1377877 -0.3283784
vt 0.103881 -0.3241401
vt 0.1208345 -0.3580468
vt 0.1377878 -0.3495701
vt 0.103881 -0.3241401
vt 0.06997405 -0.2563268
vt 0.08692731 -0.2266583
vt 0.1038806 -0.1969899
vt 0.06997391 -0.2139434
vt 0.06997405 -0.2563268
vt 0.06997391 -0.2139434
vt 0.05302058 -0.2224201
vt 0.07845087 -0.2944718
vt 0.08692753 -0.2902334
vt 0.06997405 -0.2563268
vt 0.103881 -0.3241401
vt 0.08692753 -0.2902334
vt 0.07845087 -0.2944718
vt 0.103881 -0.3241401
vt 0.1038809 -0.2817567
vt 0.09540418 -0.2859951
vt 0.06997405 -0.2563268
vt 0.08692753 -0.2902334
vt 0.09540418 -0.2859951
vt -0.234291 -0.2546046
vt -0.1725956 -0.2105363
vt -0.2563251 -0.2237569
vt 0.2342909 -0.2546046
vt 0.2563251 -0.223757
vt 0.1725956 -0.2105363
vt 0.192903 -0.4667057
vt 0.1342527 -0.4055048
vt 0.1215024 -0.4412051
vt -0.1929031 -0.4667057
vt -0.1215024 -0.4412051
vt -0.1725035 -0.2984038
vt -0.2439042 -0.3239044
vt -0.2184036 -0.395305
vt 0.2157112 -0.4614093
vt 0.2417862 -0.427996
vt 0.1931335 -0.3475313
vt -0.1040379 -0.3668356
vt -0.1040377 -0.3244522
vt -0.1209912 -0.3583589
vt 0.1040379 -0.3668357
vt 0.1379446 -0.3498822
vt 0.1294678 -0.3329289
vt 0.1411735 -0.2635007
vt 0.1072666 -0.1956873
vt 0.1040374 -0.197302
vt 0.1209908 -0.2312086
vt 0.1548978 -0.299022
vt 0.1411735 -0.2635007
vt 0.1209908 -0.2312086
vt 0.1379443 -0.2651153
vt 0.1294678 -0.3329288
vt 0.1548977 -0.299022
vt 0.1379443 -0.2651153
vt 0.1337061 -0.299022
vt 0.1379443 -0.2651152
vt 0.1209908 -0.2312086
vt 0.07860738 -0.2312087
vt 0.1082758 -0.248162
vt 0.1337061 -0.299022
vt 0.1379443 -0.2651153
vt 0.1082759 -0.248162
vt 0.120991 -0.273592
vt 0.2459354 -0.3706359
vt 0.2529237 -0.3430764
vt 0.1799348 -0.3464509
vt 0.1082758 -0.248162
vt 0.07860741 -0.2312087
vt 0.05741568 -0.2312088
vt 0.2389471 -0.3981954
vt 0.2459354 -0.3706359
vt 0.1799348 -0.3464509
vt 0.05741165 0.1681535
vt 0.03621997 0.1681531
vt 0.1056494 0.08773138
vt 0.2553707 -0.4205204
vt 0.26651 -0.3882164
vt 0.2025517 -0.342727
vt 0.1718512 -0.3329287
vt 0.1750804 -0.3313141
vt 0.1411735 -0.2635007
vt 0.1548978 -0.299022
vt 0.1379445 -0.3498822
vt 0.1718512 -0.3329287
vt 0.1548978 -0.299022
vt 0.1294678 -0.3329288
vt 0.1040373 -0.1973019
vt 0.07013066 -0.2142554
vt 0.0786074 -0.2312087
vt 0.1209908 -0.2312086
vt 0.07013067 -0.2142554
vt 0.036224 -0.2312089
vt 0.05741568 -0.2312088
vt 0.07860742 -0.2312087
vt -0.1725956 -0.2105363
vt -0.1836127 -0.1951125
vt -0.1946297 -0.1796886
vt -0.2166639 -0.1488409
vt -0.2187624 -0.1459031
vt -0.2804578 -0.1899714
vt -0.2783593 -0.1929093
vt -0.2563251 -0.2237569
vt 0.2563251 -0.2237569
vt 0.2783592 -0.1929092
vt 0.2804577 -0.1899714
vt 0.2187624 -0.1459031
vt 0.2166639 -0.1488409
vt 0.1946298 -0.1796886
vt 0.1836127 -0.1951124
vt 0.1725956 -0.2105363
vt 0.1318788 -0.260631
vt 0.09447227 -0.2847565
vt 0.1095789 -0.3195253
vt 0.2439041 -0.3239044
vt 0.1725035 -0.2984038
vt 0.1597532 -0.3341042
vt 0.1693228 -0.3198441
vt 0.1797537 -0.2833985
vt 0.158892 -0.3562897
vt 0.1380304 -0.4291809
vt 0.1484612 -0.3927352
vt 0.158892 -0.3562897
vt 0.1318788 -0.260631
vt 0.07936569 -0.2499876
vt 0.09447228 -0.2847565
vt -0.036224 -0.2312089
vt -0.05317734 -0.2227322
vt -0.0701308 -0.2566389
vt -0.1040374 -0.197302
vt -0.1718512 -0.3329287
vt -0.1548978 -0.3202137
vt -0.1040374 -0.2184937
vt -0.1040379 -0.3668356
vt -0.07013093 -0.2990223
vt -0.1040377 -0.3244522
vt -0.0701308 -0.2566389
vt -0.09556091 -0.2863072
vt -0.08708426 -0.2905455
vt 0.2346457 -0.4458175
vt 0.2011596 -0.3346571
vt 0.1709343 -0.3899044
vt 0.2582222 -0.1121493
vt 0.1890665 -0.1754904
vt 0.2614693 -0.1656621
vt 0.1775959 -0.05876179
vt 0.1999305 -0.1074657
vt 0.2491442 -0.01330564
vt -0.07013093 -0.2990223
vt -0.0786076 -0.2947839
vt -0.1040377 -0.3244522
vt -0.07013093 -0.2990223
vt -0.036224 -0.2312089
vt -0.0701308 -0.2566389
vt -0.07013093 -0.2990223
vt -0.0701308 -0.2566389
vt -0.0786076 -0.2947839
vt -0.1040376 -0.2820688
vt -0.1040377 -0.3244522
vt -0.09556091 -0.2863072
vt -0.1040377 -0.3244522
vt -0.1040376 -0.2820688
vt -0.1379445 -0.3286905
vt -0.1040374 -0.197302
vt -0.1040374 -0.2184937
vt -0.1040375 -0.2396854
vt -0.1040376 -0.2820688
vt -0.08708407 -0.2269704
vt -0.1379444 -0.3074988
vt -0.1040376 -0.2820688
vt -0.1040375 -0.2396854
vt -0.1040374 -0.197302
vt -0.1072666 -0.1956873
vt -0.1750804 -0.3313141
vt -0.1718512 -0.3329287
vt -0.1548978 -0.3202137
vt -0.1379444 -0.3074988
vt -0.1040375 -0.2396854
vt -0.1040374 -0.2184937
vt -0.1040376 -0.2820688
vt -0.1379444 -0.3074988
vt -0.1548978 -0.3202137
vt -0.1718512 -0.3329287
vt -0.1379445 -0.3286905
vt -0.1040376 -0.2820688
vt -0.0701308 -0.2566389
vt -0.08708407 -0.2269704
vt -0.07013068 -0.2142554
vt -0.1040374 -0.197302
vt -0.08708407 -0.2269704
vt -0.0701308 -0.2566389
vt -0.05317734 -0.2227322
vt -0.07013068 -0.2142554
vt -0.0701308 -0.2566389
vt -0.1040377 -0.3244522
vt -0.1379445 -0.3286905
vt -0.1718512 -0.3329287
vt -0.1379445 -0.3498822
vt -0.1040377 -0.3244522
vt -0.1379445 -0.3498822
vt -0.1209912 -0.3583589
vt -0.0786076 -0.2947839
vt -0.08708426 -0.2905455
vt -0.1040377 -0.3244522
vt -0.0701308 -0.2566389
vt -0.08708426 -0.2905455
vt -0.0786076 -0.2947839
vt -0.0701308 -0.2566389
vt -0.1040376 -0.2820688
vt -0.09556091 -0.2863072
vt -0.1040377 -0.3244522
vt -0.08708426 -0.2905455
vt -0.09556091 -0.2863072
vt 0.170903 0.1633641
vt 0.179297 0.1751156
vt 0.1374322 0.205019
vt 0.0955674 0.2349224
vt 0.05370261 0.2648259
vt 0.01183782 0.2947293
vt 0.00344389 0.2829778
vt -0.170903 0.1633634
vt -0.003444141 0.2829774
vt -0.0118381 0.2947289
vt -0.05370284 0.2648254
vt -0.09556756 0.2349219
vt -0.1374323 0.2050184
vt -0.179297 0.1751148
vt 0.0990352 0.3212988
vt 0.1192179 0.2809337
vt 0.1394006 0.2405686
vt 0.1595833 0.2002035
vt 0.179766 0.1598384
vt 0.1999487 0.1194733
vt 0.2201314 0.07910825
vt 0.2403141 0.03874312
vt 0.2604968 -0.001621921
vt 0.2734136 0.004836534
vt 0.2532309 0.04520157
vt 0.2330482 0.08556671
vt 0.2128655 0.1259318
vt 0.1926828 0.1662969
vt 0.1725001 0.206662
vt 0.1523174 0.2470271
vt 0.1321347 0.2873922
vt 0.111952 0.3277573
vt -0.09903515 0.3212988
vt -0.111952 0.3277573
vt -0.1321347 0.2873922
vt -0.1523174 0.2470272
vt -0.1725001 0.206662
vt -0.1926828 0.1662969
vt -0.2128655 0.1259318
vt -0.2330482 0.08556674
vt -0.2532309 0.04520161
vt -0.2734136 0.004836552
vt -0.2604968 -0.001621905
vt -0.2403141 0.03874314
vt -0.2201314 0.07910828
vt -0.1999487 0.1194734
vt -0.179766 0.1598385
vt -0.1595832 0.2002036
vt -0.1394006 0.2405686
vt -0.1192178 0.2809338
vt 0.123306 0.2140876
vt -0.07049587 0.2833034
vt -0.08567476 0.2408031
vt 0.1081272 0.1715873
vt -0.1233061 0.2140877
vt -0.1081272 0.1715873
vt -0.05967673 0.1888913
vt -0.07485557 0.2313916
vt -0.1312115 0.1133019
vt -0.1463904 0.07080155
vt 0.04741153 0.001585678
vt 0.06259042 0.0440861
vt -0.1008537 0.1983027
vt -0.1160326 0.1558024
vt 0.07776934 0.08658648
vt 0.09294823 0.1290869
vt -0.1615693 0.02830115
vt -0.1767482 -0.01419927
vt 0.01705371 -0.08341511
vt 0.03223263 -0.04091468
vt -0.1160326 0.1558024
vt -0.1312115 0.1133019
vt 0.06259042 0.04408609
vt 0.07776933 0.08658648
vt -0.08567477 0.2408032
vt -0.1008537 0.1983027
vt 0.09294823 0.1290869
vt 0.1081272 0.1715873
vt -0.1463904 0.07080155
vt -0.1615693 0.02830116
vt 0.03223263 -0.04091468
vt 0.04741153 0.001585679
vt -0.1767482 -0.01419926
vt -0.191927 -0.0566996
vt 0.001874846 -0.1259154
vt 0.01705373 -0.08341509
vt 0.09502612 -0.09130754
vt 0.1434766 -0.07400358
vt 0.1282977 -0.03150324
vt 0.07984724 -0.0488072
vt 0.1312115 0.1133019
vt 0.1160326 0.1558024
vt 0.06758212 0.1384984
vt 0.082761 0.09599797
vt -0.06259041 0.04408609
vt -0.04741154 0.001585672
vt 0.00103892 0.01888965
vt -0.01413995 0.06139005
vt -0.09294823 0.1290869
vt -0.07776935 0.08658648
vt -0.02931889 0.1038904
vt -0.04449778 0.1463908
vt -0.03223263 -0.04091468
vt -0.01705372 -0.08341511
vt 0.03139674 -0.06611116
vt 0.01621782 -0.02361073
vt 0.1615693 0.02830116
vt 0.1463904 0.07080155
vt 0.09793992 0.05349759
vt 0.1131188 0.01099721
vt 0.1008537 0.1983028
vt 0.08567478 0.2408032
vt 0.0372243 0.2234992
vt 0.05240322 0.1809988
vt 0.1160326 0.1558024
vt 0.1008537 0.1983028
vt 0.05240322 0.1809988
vt 0.06758212 0.1384984
vt 0.08567477 0.2408031
vt 0.07049588 0.2833034
vt 0.02204536 0.2659996
vt 0.03722429 0.2234991
vt -0.1081272 0.1715873
vt -0.09294822 0.1290869
vt -0.04449778 0.1463908
vt -0.0596767 0.1888912
vt -0.07776935 0.08658648
vt -0.06259041 0.04408609
vt -0.01413995 0.06139005
vt -0.02931889 0.1038904
vt -0.04741154 0.001585671
vt -0.03223263 -0.04091468
vt 0.01621782 -0.02361073
vt 0.00103892 0.01888965
vt 0.1463904 0.07080155
vt 0.1312115 0.1133019
vt 0.082761 0.09599797
vt 0.09793992 0.05349759
vt 0.1767482 -0.01419927
vt 0.1615693 0.02830116
vt 0.1131188 0.0109972
vt 0.1282977 -0.03150323
vt -0.01705375 -0.08341517
vt -0.001874849 -0.1259155
vt 0.04657563 -0.1086116
vt 0.03139672 -0.06611122
vt 0.03722429 0.2234992
vt -0.0112262 0.2061952
vt 0.003952718 0.1636948
vt 0.05240321 0.1809988
vt 0.02204536 0.2659996
vt -0.02640508 0.2486956
vt -0.0112262 0.2061952
vt 0.03722429 0.2234992
vt 0.05240321 0.1809988
vt 0.003952718 0.1636948
vt 0.01913162 0.1211944
vt 0.0675821 0.1384984
vt 0.0675821 0.1384984
vt 0.01913162 0.1211944
vt 0.03431053 0.07869401
vt 0.082761 0.09599797
vt 0.082761 0.09599797
vt 0.03431052 0.07869401
vt 0.04948942 0.03619363
vt 0.09793992 0.05349759
vt 0.09793992 0.05349759
vt 0.04948942 0.03619362
vt 0.06466832 -0.006306766
vt 0.1131188 0.0109972
vt 0.1131188 0.0109972
vt 0.06466832 -0.006306765
vt 0.07984724 -0.0488072
vt 0.1282977 -0.03150324
vt 0.1434766 -0.07400356
vt 0.191927 -0.0566996
vt 0.1767482 -0.01419926
vt 0.1282977 -0.03150322
vt 0.04657567 -0.1086115
vt 0.09502613 -0.09130754
vt 0.07984725 -0.0488072
vt 0.03139675 -0.06611116
vt 0.03139675 -0.06611116
vt 0.07984725 -0.04880719
vt 0.06466833 -0.006306761
vt 0.01621783 -0.02361072
vt 0.01621783 -0.02361072
vt 0.06466833 -0.006306761
vt 0.04948943 0.03619363
vt 0.001038929 0.01888966
vt 0.001038929 0.01888966
vt 0.04948943 0.03619363
vt 0.03431053 0.07869402
vt -0.01413994 0.06139005
vt -0.01413994 0.06139005
vt 0.03431053 0.07869401
vt 0.01913163 0.1211944
vt -0.02931888 0.1038904
vt -0.02931888 0.1038904
vt 0.01913163 0.1211944
vt 0.003952725 0.1636948
vt -0.04449778 0.1463908
vt -0.04449778 0.1463908
vt 0.003952724 0.1636948
vt -0.01122619 0.2061952
vt -0.05967669 0.1888912
vt -0.05967669 0.1888912
vt -0.01122619 0.2061952
vt -0.02640508 0.2486956
vt -0.07485554 0.2313916
vt 0.1507978 0.06629542
vt 0.1573226 0.06938823
vt 0.05286406 0.2897642
vt 0.04633921 0.2866714
vt -0.1507978 0.06629545
vt -0.04633921 0.2866714
vt -0.05286405 0.2897642
vt -0.1573226 0.06938824
vt 0.180066 -0.04263077
vt 0.1840276 -0.05872782
vt 0.1910391 -0.05700221
vt 0.1870775 -0.04090516
vt -0.180066 -0.04263089
vt -0.1870775 -0.04090529
vt -0.1910391 -0.05700235
vt -0.1840276 -0.05872794
vt -0.03474814 -0.07708773
vt -0.2511913 0.03529335
vt -0.2588303 0.02058091
vt -0.04238713 -0.09180017
vt 0.03474814 -0.07708773
vt 0.04238711 -0.09180017
vt 0.2588302 0.0205809
vt 0.2511913 0.03529335
vt 0.1292653 0.07291008
vt 0.135455 0.07662854
vt 0.008881683 0.287321
vt 0.002692007 0.2836025
vt -0.1292653 0.07291006
vt -0.002692038 0.2836025
vt -0.008881714 0.287321
vt -0.135455 0.07662855
vt 0.07013559 0.2740595
vt 0.07505827 0.2582299
vt 0.08195331 0.2603741
vt 0.07703064 0.2762037
vt -0.07013616 0.2740595
vt -0.0770312 0.2762037
vt -0.08195381 0.2603741
vt -0.07505879 0.2582299
vt 0.1143424 0.2120401
vt -0.1039355 0.3250306
vt -0.1115562 0.3103086
vt 0.1067217 0.1973182
vt -0.1143424 0.2120402
vt -0.1067217 0.1973183
vt 0.1115562 0.3103087
vt 0.1039355 0.3250306
vt 0.06109255 0.316455
vt 0.2387002 -0.03875807
vt 0.2839091 -0.01615351
vt 0.1063014 0.3390596
vt -0.06109179 0.3164549
vt -0.1063006 0.3390595
vt -0.2839086 -0.01615346
vt -0.2386997 -0.038758
vt 0.4114588 0.1245927
vt 0.1258561 0.2265949
vt -0.007718259 -0.1474086
vt 0.2778845 -0.2494109
vt -0.4114588 0.1245927
vt -0.2778845 -0.249411
vt 0.007718394 -0.1474087
vt -0.1258561 0.226595
vt 0.3952307 -0.0412394
vt 0.4246096 -0.000109255
vt 0.1778281 0.1761641
vt 0.1484493 0.1350339
vt -0.3952308 -0.04123984
vt -0.1484495 0.1350338
vt -0.1778283 0.176164
vt -0.4246097 -0.0001096785
vt -0.4222502 0.121298
vt -0.2892276 -0.2529023
vt -0.2656097 -0.244159
vt 0.106301 0.3390597
vt -0.1649527 0.2034321
vt 0.2839088 -0.01615348
vt -0.2730995 0.00403069
vt -0.002502984 -0.1329267
vt 0.1783332 0.2190339
vt -0.4351026 -0.01668357
vt -0.2344814 -0.2454328
vt -0.4148974 -0.001650297
vt -0.271316 -0.2437613
vt -0.4013179 0.1311494
vt -0.4251832 0.122872
vt 0.1953871 0.1859152
vt -0.07327808 0.3277441
vt -0.2589094 -0.02296874
vt 0.4334516 -0.006349243
vt 0.4125967 0.007903584
vt 0.2572209 -0.2531612
vt -0.1462247 0.2363955
vt 0.02416764 -0.1207381
vt 0.2990691 0.009662471
vt -0.142735 0.2684883
vt -0.4351379 0.1640575
vt -0.4216591 0.1209502
vt -0.1258562 0.2265952
vt 0.1427351 0.268488
vt 0.1281634 0.2276879
vt 0.4216589 0.1209499
vt 0.4351379 0.1640571
vt 0.1792969 0.1751148
vt 0.003023703 -0.07166668
vt 0.2556809 -0.252137
vt 0.4319543 -0.005355305
vt -0.1780604 0.1734135
vt -0.2516409 -0.2569578
vt 4.568078E-05 -0.07206179
vt -0.08611801 0.3794245
vt 0.16576 0.2050464
vt 0.1851354 0.2437967
vt 0.09451681 0.3660351
vt -0.1774563 0.2318555
vt -0.1574733 0.1913514
vt -0.1778281 0.176164
vt -0.4334232 -0.006404791
vt -0.2571498 -0.2531863
vt -0.1574727 0.1913507
vt 0.1145002 0.3255301
vt 0.09451742 0.3660344
vt -0.08225055 0.3813666
vt -0.1027689 0.3411307
vt 0.168258 0.2050268
vt -0.008675361 -0.1015079
vt -0.3044782 -0.207153
vt -0.288085 -0.2530532
vt 0.007717995 -0.1474084
vt -0.005411019 -0.1463157
vt 0.2801917 -0.248318
vt 0.2942776 -0.2035107
vt 0.1778284 0.1761638
vt 0.03240268 -0.03053651
vt 0.248336 -0.2468911
vt 0.4334234 -0.006405023
vt -0.1793173 0.175829
vt -0.2488792 -0.2486818
vt -0.003103788 -0.07100843
vt -0.2615948 0.02842851
vt -0.01188503 -0.1499659
vt -0.03589971 -0.08530535
vt 0.2795856 0.01676515
vt 0.006045459 -0.1146375
vt 0.02644161 -0.1569472
vt -0.1793168 0.1758293
vt -0.4338704 -0.008189062
vt -0.2488795 -0.2486814
vt 0.01984446 -0.1457122
vt 0.2931835 -0.01401586
vt 0.2717671 0.02976663
vt -0.2618355 0.02776956
vt -0.2837066 -0.01578788
vt -0.01186807 -0.1502636
vt 0.2962907 -0.1968425
vt 0.0159113 -0.0750889
vt -0.003693864 -0.14122
vt 0.03240258 -0.03053632
vt 0.07059495 -0.0578167
vt 0.1902089 0.1096421
vt 0.1520165 0.1369225
vt -0.1381691 0.05616038
vt -0.05305423 0.2435248
vt -0.08555789 0.2543249
vt -0.1706727 0.06696051
vt 0.1281632 0.2276879
vt 0.1123772 0.1834875
vt 0.1723636 0.2119019
vt -0.1281632 0.2276879
vt -0.1723636 0.2119019
vt -0.1123772 0.1834875
vt 0.1205511 0.227651
vt -0.06351376 0.3196842
vt -0.08450378 0.2777045
vt 0.09956109 0.1856714
vt -0.1660051 0.2087488
vt -0.1482877 0.1794363
vt 0.01562921 0.3038598
vt -0.002088185 0.3331724
vt 0.1257584 0.1655958
vt 0.159634 0.1706527
vt 0.1869467 0.1913202
vt -0.1529387 0.2722121
vt -0.125626 0.2515446
vt -0.09175039 0.2464878
vt -0.03606675 -0.08558227
vt -0.01507672 -0.04360257
vt -0.1991416 0.04843061
vt -0.2201316 0.006450906
vt 0.0496608 -0.116876
vt 0.235039 -0.02751794
vt 0.2169972 0.001596034
vt 0.03161903 -0.08776206
vt 0.01037499 -0.1021153
vt 0.05457541 -0.1179014
vt 0.02616104 -0.05791491
vt -0.01037499 -0.1021153
vt -0.02616104 -0.05791491
vt -0.05457541 -0.1179014
vt -0.0324026 -0.03053639
vt -0.1520165 0.1369225
vt -0.1902089 0.1096421
vt -0.07059498 -0.05781677
vt 0.02657705 -0.05595519
vt 0.04101291 -0.08701538
vt 0.2174503 0.01890821
vt 0.2030145 0.04996842
vt 0.02774116 -0.1269277
vt 0.02932839 -0.09271353
vt 0.01433071 -0.06192068
vt 0.07161 -0.07964943
vt 0.05661237 -0.1104423
vt 0.0581997 -0.1446565
vt 0.070595 -0.05781686
vt 0.1095002 -0.003349824
vt 0.07130779 0.02393058
vt 0.0324026 -0.03053644
vt -0.07059501 -0.05781683
vt -0.03240263 -0.03053642
vt -0.07130782 0.02393059
vt -0.1095002 -0.003349827
vt -0.1205511 0.2276509
vt 0.03606668 -0.08558218
vt 0.09593491 -0.05564785
vt -0.0606829 0.2575853
vt 0.1205511 0.2276509
vt 0.06068288 0.2575853
vt -0.09593492 -0.05564783
vt -0.03606669 -0.08558217
vt 0.1723637 0.2119017
vt 0.1281633 0.2276878
vt 0.01037505 -0.1021152
vt 0.05457548 -0.1179013
vt -0.1723637 0.2119017
vt -0.05457547 -0.1179013
vt -0.01037503 -0.1021153
vt -0.1281633 0.2276878
vt 0.1829172 0.09943334
vt 0.1881105 0.1067039
vt 0.1499181 0.1339844
vt 0.1447248 0.1267138
vt -0.1829175 0.09943344
vt -0.1447252 0.1267139
vt -0.1499185 0.1339845
vt -0.1881108 0.106704
vt 0.05067804 0.3173027
vt 0.2121399 -0.005617938
vt 0.2201315 -0.001622135
vt 0.0586696 0.3212985
vt -0.05067852 0.3173028
vt -0.0586701 0.3212986
vt -0.2201317 -0.001622192
vt -0.2121402 -0.005617966
vt 0.173578 0.2153016
vt 0.1293775 0.2310877
vt 0.007946339 -0.1089154
vt 0.05214678 -0.1247015
vt -0.173578 0.2153017
vt -0.05214677 -0.1247015
vt -0.007946339 -0.1089154
vt -0.1293775 0.2310877
vt -0.2238814 0.2568298
vt -0.2308966 0.2535018
vt -0.2180386 0.226397
vt -0.2110233 0.229725
vt -0.2507436 0.2315686
vt -0.2573838 0.2275441
vt -0.2418341 0.2018885
vt -0.235194 0.2059131
vt -0.224497 0.2492469
vt -0.231227 0.2453744
vt -0.2162651 0.2193717
vt -0.2095351 0.2232442
vt -0.1437948 0.2959689
vt -0.1510275 0.2931444
vt -0.1401143 0.2651997
vt -0.1328817 0.2680243
vt -0.007293314 0.3289325
vt -0.01501857 0.3281521
vt -0.01200346 0.298304
vt -0.004278204 0.2990844
vt 0.1395102 0.3054608
vt 0.13192 0.307097
vt 0.1255982 0.2777706
vt 0.1331885 0.2761344
vt 0.2308967 0.2535018
vt 0.2238814 0.2568297
vt 0.2110234 0.2297249
vt 0.2180386 0.226397
vt 0.2573838 0.2275441
vt 0.2507436 0.2315686
vt 0.235194 0.2059131
vt 0.2418342 0.2018885
vt 0.231227 0.2453745
vt 0.224497 0.2492469
vt 0.2095351 0.2232442
vt 0.2162651 0.2193718
vt 0.1510275 0.2931444
vt 0.1437949 0.2959689
vt 0.1328817 0.2680243
vt 0.1401143 0.2651997
vt 0.01501854 0.3281521
vt 0.00729328 0.3289325
vt 0.00427817 0.2990844
vt 0.01200343 0.2983041
vt -0.13192 0.307097
vt -0.1395102 0.3054608
vt -0.1331885 0.2761344
vt -0.1255983 0.2777706
vt 0.03922794 -0.07841682
vt 0.03156901 -0.07969331
vt 0.02557443 -0.08462824
vt 0.02285043 -0.09189931
vt 0.02412692 -0.09955823
vt 0.02906185 -0.1055528
vt 0.03633292 -0.1082768
vt 0.04399185 -0.1070003
vt 0.04998643 -0.1020654
vt 0.05271042 -0.09479433
vt 0.05143393 -0.0871354
vt 0.046499 -0.08114082
vt -0.046499 -0.08114081
vt -0.05143393 -0.0871354
vt -0.05271042 -0.09479433
vt -0.04998643 -0.1020654
vt -0.04399185 -0.1070003
vt -0.03633292 -0.1082768
vt -0.02906185 -0.1055528
vt -0.02412692 -0.09955823
vt -0.02285043 -0.09189931
vt -0.02557443 -0.08462824
vt -0.03156901 -0.0796933
vt -0.03922794 -0.07841682
vt -0.2504912 0.2453133
vt -0.2575065 0.2419854
vt -0.2446484 0.2148806
vt -0.2376332 0.2182085
vt -0.2694032 0.2214286
vt -0.2760433 0.217404
vt -0.2604937 0.1917485
vt -0.2538535 0.195773
vt -0.2317257 0.2462412
vt -0.2384557 0.2423688
vt -0.2234938 0.2163661
vt -0.2167638 0.2202385
vt -0.136926 0.2997249
vt -0.1441586 0.2969004
vt -0.1332455 0.2689557
vt -0.1260129 0.2717803
vt 0.01371197 0.3320594
vt 0.005986717 0.3312791
vt 0.009001825 0.301431
vt 0.01672709 0.3022113
vt 0.168048 0.3003321
vt 0.1604578 0.3019683
vt 0.154136 0.2726419
vt 0.1617263 0.2710057
vt 0.2575065 0.2419854
vt 0.2504913 0.2453133
vt 0.2376332 0.2182085
vt 0.2446484 0.2148806
vt 0.2760434 0.2174041
vt 0.2694032 0.2214286
vt 0.2538536 0.195773
vt 0.2604937 0.1917485
vt 0.2384557 0.2423688
vt 0.2317257 0.2462412
vt 0.2167638 0.2202385
vt 0.2234938 0.2163661
vt 0.1441587 0.2969004
vt 0.1369261 0.2997249
vt 0.1260129 0.2717803
vt 0.1332455 0.2689558
vt -0.005986749 0.3312791
vt -0.01371201 0.3320595
vt -0.01672712 0.3022113
vt -0.009001861 0.301431
vt -0.1604578 0.3019683
vt -0.168048 0.3003321
vt -0.1617263 0.2710057
vt -0.1541361 0.2726419
vt 0.06363994 -0.09585398
vt 0.055981 -0.09713046
vt 0.04998643 -0.1020654
vt 0.04726243 -0.1093365
vt 0.04853892 -0.1169954
vt 0.05347385 -0.12299
vt 0.06074492 -0.125714
vt 0.06840384 -0.1244375
vt 0.07439842 -0.1195025
vt 0.07712241 -0.1122315
vt 0.07584593 -0.1045726
vt 0.070911 -0.09857797
vt -0.07091101 -0.09857797
vt -0.07584593 -0.1045725
vt -0.07712242 -0.1122315
vt -0.07439843 -0.1195025
vt -0.06840385 -0.1244375
vt -0.06074492 -0.125714
vt -0.05347385 -0.12299
vt -0.04853892 -0.1169954
vt -0.04726244 -0.1093365
vt -0.04998643 -0.1020654
vt -0.05598101 -0.09713046
vt -0.06363994 -0.09585397
vt -0.07858308 -0.3383498
vt -0.09597113 -0.324043
vt -0.1020376 -0.3284628
vt -0.08175156 -0.345154
vt -0.05075506 -0.2929663
vt -0.07042623 -0.2755547
vt -0.07634556 -0.2801696
vt -0.0546172 -0.2994022
vt -0.008982586 -0.2035293
vt -0.02637327 -0.1803005
vt -0.03266954 -0.1843862
vt -0.01467619 -0.20842
vt 0.05439485 -0.1507029
vt 0.04897481 -0.1211732
vt 0.04169973 -0.1230197
vt 0.04693823 -0.1515604
vt 0.1003527 -0.2158131
vt 0.1119762 -0.1892255
vt 0.1046649 -0.1875283
vt 0.09414181 -0.2115987
vt 0.09993602 -0.3120036
vt 0.118109 -0.2930335
vt 0.111563 -0.2893612
vt 0.09598617 -0.3056212
vt 0.08350839 -0.3443359
vt 0.1008965 -0.3300291
vt 0.09482996 -0.3256094
vt 0.08033992 -0.3375317
vt 0.05908848 -0.2967189
vt 0.0731393 -0.284282
vt 0.06721999 -0.279667
vt 0.05522633 -0.2902831
vt 0.0192496 -0.2030959
vt 0.02884894 -0.1902741
vt 0.02255267 -0.1861883
vt 0.013556 -0.1982052
vt -0.04613655 -0.1445876
vt -0.04342655 -0.1298228
vt -0.05070163 -0.1279763
vt -0.05359317 -0.1437302
vt -0.09706978 -0.2072837
vt -0.1034857 -0.1926078
vt -0.1107971 -0.194305
vt -0.1032806 -0.2114981
vt -0.09763408 -0.3046014
vt -0.1106147 -0.2910513
vt -0.1171607 -0.2947237
vt -0.1015839 -0.3109838
vt -0.08937621 -0.3283713
vt -0.0979398 -0.307546
vt -0.1053748 -0.3085745
vt -0.09538392 -0.3328706
vt -0.04483151 -0.3217598
vt -0.05607901 -0.2980192
vt -0.06333559 -0.2999372
vt -0.05091183 -0.3261605
vt 0.008847101 -0.2913326
vt -0.002149201 -0.2644795
vt -0.009270067 -0.2668521
vt 0.002107304 -0.2946359
vt 0.06379348 -0.2659148
vt 0.0567192 -0.2367371
vt 0.04955963 -0.2389904
vt 0.05639698 -0.2671908
vt 0.1065477 -0.2718418
vt 0.10624 -0.242826
vt 0.09887604 -0.2442778
vt 0.09915458 -0.2705465
vt 0.1184253 -0.306126
vt 0.1243428 -0.280531
vt 0.1168395 -0.2807222
vt 0.1117674 -0.3026607
vt 0.09654562 -0.3313195
vt 0.1051092 -0.3104942
vt 0.09767424 -0.3094658
vt 0.09053792 -0.3268202
vt 0.05396916 -0.3219362
vt 0.06200309 -0.3049787
vt 0.05474652 -0.3030607
vt 0.04788884 -0.3175355
vt 0.0009816515 -0.2883334
vt 0.007051407 -0.2735109
vt -6.946226E-05 -0.2711383
vt -0.00575815 -0.2850301
vt -0.05520385 -0.2602742
vt -0.05166671 -0.2456853
vt -0.05882627 -0.2434321
vt -0.06260035 -0.2589982
vt -0.1000545 -0.2654101
vt -0.09988465 -0.2493939
vt -0.1072487 -0.2479421
vt -0.1074476 -0.2667054
vt -0.1126621 -0.3009416
vt -0.1168889 -0.2826596
vt -0.1243922 -0.2824683
vt -0.1193201 -0.3044069
vt -0.09633701 -0.307174
vt -0.09387428 -0.2847918
vt -0.1008929 -0.2821318
vt -0.103766 -0.3082443
vt -0.04392832 -0.3231529
vt -0.04634407 -0.2969941
vt -0.05381811 -0.2963048
vt -0.05114972 -0.3251993
vt 0.01929428 -0.3249813
vt 0.0118774 -0.2969277
vt 0.004508754 -0.2983558
vt 0.01218267 -0.3273815
vt 0.07399232 -0.3133078
vt 0.06365019 -0.2851224
vt 0.05679285 -0.2881741
vt 0.06678857 -0.3154156
vt 0.1114085 -0.2990412
vt 0.1011796 -0.2718864
vt 0.09475853 -0.275773
vt 0.104019 -0.3003569
vt 0.1243766 -0.2949737
vt 0.1171916 -0.2697052
vt 0.1107145 -0.2734978
vt 0.116873 -0.2951565
vt 0.1040424 -0.3063261
vt 0.1015797 -0.283944
vt 0.09456109 -0.286604
vt 0.09661337 -0.3052558
vt 0.05257137 -0.3201823
vt 0.05429691 -0.3014974
vt 0.04682287 -0.3021867
vt 0.04534997 -0.3181359
vt -0.009938077 -0.3207313
vt -0.005844099 -0.3052463
vt -0.01321274 -0.3038182
vt -0.01704969 -0.3183311
vt -0.06481768 -0.3086792
vt -0.05964663 -0.2945865
vt -0.06650396 -0.2915347
vt -0.07202142 -0.3065715
vt -0.1031049 -0.2952231
vt -0.09745874 -0.2802341
vt -0.1038798 -0.2763475
vt -0.1104944 -0.2939073
vt -0.1168259 -0.2932191
vt -0.1116937 -0.2751701
vt -0.1181708 -0.2713776
vt -0.1243294 -0.2930363
vt -0.09774874 -0.2765273
vt -0.0843503 -0.2584302
vt -0.08907461 -0.2525977
vt -0.1047061 -0.2737111
vt -0.05147136 -0.2795502
vt -0.04371597 -0.2544509
vt -0.05036055 -0.2509601
vt -0.05892699 -0.2786842
vt 0.02782249 -0.2834766
vt 0.02237487 -0.2549751
vt 0.01492474 -0.2558872
vt 0.02056115 -0.2853764
vt 0.08744055 -0.2811207
vt 0.07133736 -0.2557817
vt 0.0652865 -0.2602228
vt 0.08085034 -0.2847131
vt 0.1130769 -0.2816615
vt 0.09339419 -0.2603401
vt 0.08890402 -0.2663546
vt 0.1067233 -0.2856573
vt 0.1179706 -0.2787293
vt 0.09969333 -0.2598596
vt 0.09577873 -0.2662637
vt 0.111445 -0.2824377
vt 0.103979 -0.2719148
vt 0.09058054 -0.2538176
vt 0.08585621 -0.25965
vt 0.09702159 -0.274731
vt 0.05832532 -0.2735044
vt 0.05278577 -0.2555764
vt 0.04614118 -0.2590672
vt 0.05086969 -0.2743704
vt -0.0187846 -0.2785862
vt -0.01577762 -0.262854
vt -0.02322775 -0.2619419
vt -0.02604595 -0.2766865
vt -0.07749106 -0.2785506
vt -0.06943946 -0.265881
vt -0.07549031 -0.2614399
vt -0.08408127 -0.2749581
vt -0.1039471 -0.2812431
vt -0.09308261 -0.2694741
vt -0.09757276 -0.2634596
vt -0.1103008 -0.2772473
vt -0.1104874 -0.2807527
vt -0.09743226 -0.2672744
vt -0.1013469 -0.2608704
vt -0.1170131 -0.2770443
vt -0.09117924 -0.245851
vt -0.0701414 -0.2378238
vt -0.07097903 -0.2303649
vt -0.09552316 -0.23973
vt -0.07333984 -0.1950236
vt -0.05218797 -0.1794442
vt -0.05545803 -0.1726882
vt -0.07882194 -0.1898969
vt 0.04180744 -0.1710742
vt 0.03540435 -0.142772
vt 0.02798911 -0.1439342
vt 0.0346141 -0.1732171
vt 0.099867 -0.1800671
vt 0.07387546 -0.1650397
vt 0.07056235 -0.1717747
vt 0.09568333 -0.1862987
vt 0.1028307 -0.2362858
vt 0.0754919 -0.2265595
vt 0.07431272 -0.233972
vt 0.09906314 -0.2427775
vt 0.1000916 -0.2628321
vt 0.07504503 -0.2549081
vt 0.07464197 -0.262403
vt 0.09611045 -0.269195
vt 0.09394275 -0.2386084
vt 0.07290491 -0.2305812
vt 0.07206729 -0.2380401
vt 0.08959881 -0.2447294
vt 0.0752602 -0.1860882
vt 0.06015172 -0.1749601
vt 0.05688166 -0.1817161
vt 0.0697781 -0.1912149
vt -0.03261023 -0.1664905
vt -0.02907584 -0.1508683
vt -0.03649108 -0.1497062
vt -0.03980357 -0.1643476
vt -0.08985604 -0.1823865
vt -0.07686028 -0.1748728
vt -0.08017339 -0.1681379
vt -0.09403972 -0.1761549
vt -0.09455307 -0.24016
vt -0.07946257 -0.2347912
vt -0.08064173 -0.2273787
vt -0.09832061 -0.2336683
vt -0.09446754 -0.2681671
vt -0.07657714 -0.2625071
vt -0.0769802 -0.2550122
vt -0.09844869 -0.2618042
vt -0.07633545 -0.2303524
vt -0.05440793 -0.2354721
vt -0.05092828 -0.2288216
vt -0.07651038 -0.2228487
vt -0.08093898 -0.1233594
vt -0.05693476 -0.1340326
vt -0.05268161 -0.1278482
vt -0.07919617 -0.1160588
vt -0.006264179 0.02844952
vt -0.01506029 0.0007973906
vt -0.008076167 -0.001951866
vt 0.001024764 0.02665853
vt 0.06411005 -0.1017344
vt 0.03587444 -0.1119389
vt 0.03889269 -0.1188111
vt 0.06618258 -0.1089483
vt 0.07198229 -0.2096447
vt 0.04364383 -0.2158851
vt 0.04657226 -0.2227961
vt 0.0722277 -0.2171464
vt 0.07403255 -0.2554396
vt 0.04824685 -0.2604613
vt 0.0514779 -0.2672361
vt 0.07357994 -0.2629317
vt 0.07457293 -0.2228035
vt 0.0526454 -0.2279231
vt 0.05612505 -0.2345736
vt 0.074398 -0.2303072
vt 0.07412408 -0.1172696
vt 0.0569782 -0.1248933
vt 0.06123134 -0.1310777
vt 0.07586689 -0.1245702
vt 0.000650154 0.01984257
vt 0.005505418 0.004579098
vt 0.01248954 0.007328343
vt 0.007939106 0.02163355
vt -0.05943675 -0.1108865
vt -0.04531894 -0.1159888
vt -0.04230069 -0.1091166
vt -0.05736421 -0.1036726
vt -0.06701588 -0.2173168
vt -0.05137357 -0.2207615
vt -0.04844515 -0.2138505
vt -0.06677046 -0.2098151
vt -0.07164548 -0.2628148
vt -0.05322712 -0.2664018
vt -0.04999607 -0.2596271
vt -0.07209811 -0.2553228
vt -0.05868544 -0.2387057
vt -0.04310865 -0.2549658
vt -0.03656265 -0.2512935
vt -0.05473558 -0.2323233
vt -0.05880567 -0.1674797
vt -0.04828263 -0.1915502
vt -0.04097128 -0.189853
vt -0.05259481 -0.1632653
vt -0.02881785 -0.1253842
vt -0.03405635 -0.1539248
vt -0.02678128 -0.1557713
vt -0.02136123 -0.1262416
vt 0.01019526 -0.1675604
vt -0.007798082 -0.1915942
vt -0.001501812 -0.1956799
vt 0.01588887 -0.1724511
vt 0.03339128 -0.2316411
vt 0.01166292 -0.2508737
vt 0.01758225 -0.2554887
vt 0.03725342 -0.238077
vt 0.04627743 -0.2606933
vt 0.02599137 -0.2773845
vt 0.03205786 -0.2818042
vt 0.04944591 -0.2674975
vt 0.05308765 -0.2333432
vt 0.03751086 -0.2496033
vt 0.04405686 -0.2532757
vt 0.05703751 -0.2397256
vt 0.04966683 -0.1675803
vt 0.04215038 -0.1847734
vt 0.04946173 -0.1864706
vt 0.0558777 -0.1717947
vt 0.02216304 -0.1332144
vt 0.02505459 -0.1489683
vt 0.03232967 -0.1471218
vt 0.02961965 -0.132357
vt -0.0113155 -0.1777753
vt -0.002318827 -0.1897922
vt 0.003977444 -0.1857065
vt -0.005621889 -0.1728846
vt -0.03278213 -0.2407602
vt -0.02078848 -0.2513762
vt -0.01486915 -0.2467613
vt -0.02891999 -0.2343244
vt -0.04768908 -0.2683155
vt -0.03319903 -0.2802378
vt -0.02713256 -0.2758181
vt -0.04452061 -0.2615114
vt -0.04549571 -0.2642277
vt -0.04042358 -0.2861663
vt -0.03292026 -0.2863575
vt -0.03883773 -0.2607625
vt -0.04882874 -0.2448085
vt -0.04910729 -0.2710772
vt -0.04174329 -0.272529
vt -0.04143561 -0.2435132
vt -0.03683129 -0.2420765
vt -0.04366864 -0.2702768
vt -0.03650907 -0.2725301
vt -0.02943479 -0.2433524
vt -0.01671089 -0.256213
vt -0.02808825 -0.2839967
vt -0.02096738 -0.2863694
vt -0.009971087 -0.2595162
vt 0.004767998 -0.2721898
vt -0.007655759 -0.2984131
vt -0.0003991702 -0.300331
vt 0.01084833 -0.2765905
vt 0.02420867 -0.2751982
vt 0.01421784 -0.2994943
vt 0.0216528 -0.3005227
vt 0.03021638 -0.2796975
vt 0.03794303 -0.2624816
vt 0.03287091 -0.2844201
vt 0.04037423 -0.284229
vt 0.044601 -0.2659468
vt 0.04053569 -0.2486495
vt 0.04073465 -0.2674128
vt 0.04809865 -0.2659611
vt 0.04792882 -0.2499449
vt 0.03062797 -0.2502689
vt 0.03440205 -0.265835
vt 0.04156161 -0.2635818
vt 0.03802447 -0.248993
vt 0.01305997 -0.2658187
vt 0.01874865 -0.2797106
vt 0.02586952 -0.2773379
vt 0.01979977 -0.2625155
vt -0.007790978 -0.2808147
vt -0.0009332948 -0.2952895
vt 0.006323285 -0.2933716
vt -0.001710645 -0.276414
vt -0.02905466 -0.2812486
vt -0.02191835 -0.298603
vt -0.0144834 -0.2975746
vt -0.02304698 -0.2767493
vt -0.04028081 -0.2935254
vt -0.04643937 -0.3151841
vt -0.03996227 -0.3189766
vt -0.03277728 -0.2937081
vt -0.04792122 -0.2934161
vt -0.05718165 -0.3179999
vt -0.05076056 -0.3218865
vt -0.04053167 -0.2947318
vt -0.04449735 -0.2926857
vt -0.05449308 -0.3199272
vt -0.04763573 -0.3229789
vt -0.03729361 -0.2947934
vt -0.03165104 -0.2911798
vt -0.03932496 -0.3202055
vt -0.03195632 -0.3216336
vt -0.02453943 -0.2935801
vt -0.01071538 -0.2903452
vt -0.01338376 -0.3192397
vt -0.005909724 -0.3185504
vt -0.003493965 -0.2923916
vt 0.01365882 -0.2917302
vt 0.01653199 -0.3178428
vt 0.02355059 -0.3151827
vt 0.02108786 -0.2928005
vt 0.03282447 -0.2956455
vt 0.03898304 -0.3173042
vt 0.04546014 -0.3135117
vt 0.040328 -0.2954628
vt 0.04144572 -0.2998657
vt 0.04806031 -0.3174255
vt 0.05448141 -0.3135389
vt 0.04883526 -0.29855
vt 0.03926456 -0.3015297
vt 0.04478202 -0.3165665
vt 0.05163936 -0.3135147
vt 0.0464683 -0.299422
vt 0.02678392 -0.3002302
vt 0.03062087 -0.3147431
vt 0.03798952 -0.313315
vt 0.03389554 -0.29783
vt 0.004915702 -0.2974086
vt 0.006388604 -0.3133578
vt 0.01386265 -0.3140471
vt 0.01213711 -0.2953622
vt -0.02081152 -0.2947187
vt -0.02286379 -0.3133705
vt -0.0158452 -0.3160306
vt -0.01338248 -0.2936484
vt -0.04318137 -0.31721
vt -0.0588476 -0.3333839
vt -0.05493299 -0.339788
vt -0.03665573 -0.3209184
vt -0.05212831 -0.300304
vt -0.06994755 -0.3196067
vt -0.06545739 -0.3256213
vt -0.04577465 -0.3042999
vt -0.05423268 -0.2672475
vt -0.06979652 -0.2917379
vt -0.06374566 -0.296179
vt -0.04764247 -0.2708399
vt -0.04250048 -0.2506166
vt -0.0481369 -0.2801058
vt -0.04068676 -0.2810178
vt -0.03523914 -0.2525164
vt -0.01155903 -0.2700925
vt -0.002992589 -0.2978166
vt 0.003652 -0.2943258
vt -0.004103398 -0.2692265
vt 0.01854112 -0.3048179
vt 0.03417265 -0.3259313
vt 0.03889695 -0.3200988
vt 0.02549852 -0.3020016
vt 0.03761324 -0.3226033
vt 0.05327945 -0.3387772
vt 0.05719405 -0.3323732
vt 0.04413887 -0.3188949
vt 0.04855079 -0.3087141
vt 0.06127882 -0.3225017
vt 0.06576897 -0.3164872
vt 0.05490446 -0.3047182
vt 0.05100177 -0.2770026
vt 0.05959272 -0.2905208
vt 0.06564359 -0.2860797
vt 0.05759198 -0.2734102
vt 0.03701563 -0.2593065
vt 0.03983383 -0.2740511
vt 0.04728396 -0.273139
vt 0.04427698 -0.2574067
vt 0.003501784 -0.2744063
vt -0.001226727 -0.2897095
vt 0.00541786 -0.2932003
vt 0.01095742 -0.2752723
vt -0.02622568 -0.303798
vt -0.03739104 -0.318879
vt -0.03266674 -0.3247114
vt -0.0192683 -0.3066142
vt -0.05255455 -0.3322181
vt -0.07402305 -0.3390101
vt -0.07361998 -0.346505
vt -0.0485734 -0.3385811
vt -0.05753643 -0.2811268
vt -0.08228688 -0.2899323
vt -0.08110771 -0.2973448
vt -0.05376888 -0.2876185
vt -0.06400688 -0.183113
vt -0.08912791 -0.197637
vt -0.08581477 -0.204372
vt -0.05982322 -0.1893446
vt -0.05537205 -0.137739
vt -0.06199708 -0.167022
vt -0.05458185 -0.1681841
vt -0.04817871 -0.139882
vt 0.01702387 -0.2248697
vt 0.04038782 -0.2420783
vt 0.04365787 -0.2353224
vt 0.02250598 -0.219743
vt 0.03969311 -0.3123595
vt 0.06423727 -0.3217246
vt 0.06507488 -0.3142657
vt 0.04403703 -0.3062385
vt 0.05021631 -0.339609
vt 0.07168481 -0.346401
vt 0.07208787 -0.3389061
vt 0.05419746 -0.3332461
vt 0.05827897 -0.2902358
vt 0.07595785 -0.2965255
vt 0.07713702 -0.2891129
vt 0.06204651 -0.2837442
vt 0.06565046 -0.193257
vt 0.0795168 -0.2012739
vt 0.08282992 -0.194539
vt 0.06983413 -0.1870253
vt 0.05018253 -0.1466085
vt 0.05349502 -0.16125
vt 0.06091025 -0.1600879
vt 0.05737587 -0.1444656
vt -0.02606771 -0.2235516
vt -0.03896417 -0.2330505
vt -0.0356941 -0.2398065
vt -0.0205856 -0.2286783
vt -0.04561747 -0.3073601
vt -0.06314902 -0.3140495
vt -0.0623114 -0.3215083
vt -0.04127355 -0.3134811
vt -0.06547548 -0.3391114
vt -0.0875775 -0.3348071
vt -0.09080855 -0.3415818
vt -0.06502286 -0.3466035
vt -0.05733597 -0.271675
vt -0.08299141 -0.2660254
vt -0.08591982 -0.2729363
vt -0.05758139 -0.2791768
vt -0.04334427 -0.1311285
vt -0.07063413 -0.1212658
vt -0.07365238 -0.1281379
vt -0.0454168 -0.1383424
vt 0.03483016 0.006558483
vt 0.02572925 0.03516886
vt 0.01874512 0.03241961
vt 0.02754122 0.004767504
vt 0.07901226 -0.1870663
vt 0.1055268 -0.1752768
vt 0.1012736 -0.1690924
vt 0.07726943 -0.1797656
vt 0.07088201 -0.3142837
vt 0.0964641 -0.3083107
vt 0.09298445 -0.3016603
vt 0.07105694 -0.3067799
vt 0.06695731 -0.3467204
vt 0.08905932 -0.342416
vt 0.08582827 -0.3356413
vt 0.06740993 -0.3392283
vt 0.06279318 -0.2790062
vt 0.08111848 -0.2749707
vt 0.07819006 -0.2680598
vt 0.06254776 -0.2715044
vt 0.05216265 -0.1364044
vt 0.06722616 -0.1309604
vt 0.0642079 -0.1240882
vt 0.05009012 -0.1291905
vt -0.02586641 0.01158346
vt -0.02131595 0.02588864
vt -0.02830007 0.0286379
vt -0.03315535 0.01337444
vt -0.08234152 -0.1785548
vt -0.09697706 -0.1720473
vt -0.1012302 -0.1782317
vt -0.08408435 -0.1858554
vt -0.0729944 -0.3068251
vt -0.09126732 -0.3025587
vt -0.09474697 -0.3092092
vt -0.07281946 -0.3143288
vt -0.07390892 -0.326725
vt -0.08545099 -0.3172283
vt -0.08947788 -0.3201621
vt -0.07601213 -0.3312415
vt -0.04847784 -0.2837438
vt -0.06153542 -0.272186
vt -0.06546463 -0.2752494
vt -0.0510415 -0.2880158
vt -0.009854248 -0.1980992
vt -0.02139806 -0.18268
vt -0.02557749 -0.1853921
vt -0.01363363 -0.2013456
vt 0.04944654 -0.1464888
vt 0.04584876 -0.1268871
vt 0.04101962 -0.1281128
vt 0.04449689 -0.1470579
vt 0.0929785 -0.2072751
vt 0.1006941 -0.1896264
vt 0.0958409 -0.1884998
vt 0.08885577 -0.2044776
vt 0.09278677 -0.2990513
vt 0.1048498 -0.2864591
vt 0.1005047 -0.2840214
vt 0.09016488 -0.2948148
vt 0.0771783 -0.3306985
vt 0.08872037 -0.3212018
vt 0.08469348 -0.318268
vt 0.07507509 -0.3261819
vt 0.05400949 -0.2862347
vt 0.06333634 -0.2779792
vt 0.05940713 -0.2749158
vt 0.05144582 -0.2819626
vt 0.0166694 -0.1978114
vt 0.02304138 -0.1893004
vt 0.01886196 -0.1865883
vt 0.01289003 -0.194565
vt -0.04396464 -0.1424294
vt -0.04216575 -0.1326286
vt -0.0469949 -0.1314029
vt -0.04891428 -0.1418602
vt -0.09079934 -0.2016134
vt -0.09505823 -0.1918716
vt -0.09991145 -0.1929982
vt -0.09492207 -0.2044109
vt -0.09125876 -0.2941378
vt -0.09987524 -0.2851433
vt -0.1042204 -0.2875811
vt -0.09388065 -0.2983744
vt -0.07960065 -0.3205455
vt -0.0852851 -0.3067218
vt -0.09022038 -0.3074045
vt -0.08358853 -0.3235321
vt -0.03895777 -0.3143838
vt -0.04642379 -0.298625
vt -0.05124065 -0.2998981
vt -0.04299385 -0.3173049
vt 0.009482003 -0.286088
vt 0.002182737 -0.2682631
vt -0.002544047 -0.2698381
vt 0.005008169 -0.2882808
vt 0.0586582 -0.2622395
vt 0.05396234 -0.2428716
vt 0.04920987 -0.2443673
vt 0.05374845 -0.2630865
vt 0.09627157 -0.2673377
vt 0.09606733 -0.2480772
vt 0.09117917 -0.249041
vt 0.09136406 -0.2664779
vt 0.1055318 -0.2988846
vt 0.1094598 -0.2818948
vt 0.1044791 -0.2820217
vt 0.1011123 -0.2965844
vt 0.08435965 -0.3225024
vt 0.0900441 -0.3086788
vt 0.08510881 -0.3079961
vt 0.08037177 -0.3195158
vt 0.04502328 -0.3145009
vt 0.05035615 -0.3032446
vt 0.04553929 -0.3019715
vt 0.0409872 -0.3115798
vt -0.002957764 -0.2840972
vt 0.001071298 -0.2742582
vt -0.003655484 -0.2726832
vt -0.007431594 -0.2819045
vt -0.05295644 -0.2584953
vt -0.05060851 -0.2488113
vt -0.05536098 -0.2473157
vt -0.05786619 -0.2576483
vt -0.09196144 -0.2630685
vt -0.09184872 -0.2524371
vt -0.09673689 -0.2514733
vt -0.09686895 -0.2639283
vt -0.1017062 -0.2954433
vt -0.1045119 -0.2833077
vt -0.1094926 -0.2831809
vt -0.1061257 -0.2977435
vt -0.08384342 -0.3051939
vt -0.08220868 -0.2903368
vt -0.08686756 -0.2885711
vt -0.08877477 -0.3059044
vt -0.03572996 -0.3184135
vt -0.03733351 -0.3010494
vt -0.04229473 -0.3005919
vt -0.04052348 -0.3197719
vt 0.02069851 -0.3200306
vt 0.01577523 -0.3014088
vt 0.01088398 -0.3023567
vt 0.01597786 -0.3216238
vt 0.06849168 -0.3104302
vt 0.06162665 -0.2917209
vt 0.05707479 -0.2937466
vt 0.06370988 -0.3118293
vt 0.1001519 -0.2985504
vt 0.09336203 -0.2805253
vt 0.08909976 -0.2831052
vt 0.09524677 -0.2994238
vt 0.1094621 -0.2950919
vt 0.1046927 -0.2783189
vt 0.1003933 -0.2808364
vt 0.1044813 -0.2952133
vt 0.0889582 -0.3046311
vt 0.08732346 -0.289774
vt 0.08266456 -0.2915397
vt 0.08402684 -0.3039206
vt 0.04146718 -0.3164416
vt 0.04261258 -0.3040387
vt 0.03765137 -0.3044962
vt 0.03667367 -0.3150832
vt -0.014488 -0.3172095
vt -0.01177044 -0.3069306
vt -0.01666169 -0.3059827
vt -0.01920864 -0.3156162
vt -0.06240157 -0.3073578
vt -0.05896906 -0.2980031
vt -0.06352092 -0.2959774
vt -0.06718337 -0.3059587
vt -0.09464002 -0.296016
vt -0.09089214 -0.2860664
vt -0.09515442 -0.2834865
vt -0.09954514 -0.2951426
vt -0.10445 -0.2939272
vt -0.1010433 -0.2819465
vt -0.1053427 -0.279429
vt -0.1094308 -0.2938059
vt -0.08579573 -0.2813084
vt -0.07690194 -0.2692955
vt -0.08003791 -0.265424
vt -0.090414 -0.279439
vt -0.04193181 -0.278415
vt -0.03678384 -0.2617543
vt -0.04119447 -0.2594371
vt -0.04688081 -0.2778402
vt 0.02964354 -0.278687
vt 0.02602746 -0.2597679
vt 0.02108211 -0.2603733
vt 0.02482352 -0.2799481
vt 0.08143347 -0.279569
vt 0.07074428 -0.262749
vt 0.06672775 -0.265697
vt 0.07705893 -0.2819536
vt 0.1023726 -0.2856058
vt 0.08930728 -0.2714528
vt 0.08632676 -0.2754453
vt 0.09815504 -0.2882583
vt 0.1047498 -0.2861044
vt 0.09261751 -0.2735788
vt 0.09001902 -0.2778298
vt 0.1004182 -0.288566
vt 0.08993131 -0.2782465
vt 0.08103751 -0.2662337
vt 0.07790156 -0.2701053
vt 0.08531304 -0.2801159
vt 0.04648146 -0.2744019
vt 0.04280434 -0.2625014
vt 0.03839371 -0.2648186
vt 0.04153246 -0.2749768
vt -0.0236443 -0.2754408
vt -0.02164828 -0.2649978
vt -0.02659363 -0.2643923
vt -0.02846433 -0.2741797
vt -0.07482904 -0.2778629
vt -0.06948444 -0.2694529
vt -0.07350097 -0.2665049
vt -0.07920358 -0.2754783
vt -0.09631225 -0.2853282
vt -0.08910047 -0.277516
vt -0.09208101 -0.2735236
vt -0.1005298 -0.2826757
vt -0.09978256 -0.2874475
vt -0.09111662 -0.2785007
vt -0.0937151 -0.2742497
vt -0.1041142 -0.2849859
vt -0.08352865 -0.2565235
vt -0.06956388 -0.2511951
vt -0.07011988 -0.246244
vt -0.08641212 -0.2524605
vt -0.06482781 -0.199879
vt -0.05078734 -0.1895375
vt -0.05295798 -0.1850529
vt -0.06846678 -0.1964759
vt 0.04351275 -0.1661403
vt 0.03926246 -0.1473536
vt 0.03434027 -0.148125
vt 0.03873785 -0.1675628
vt 0.09372713 -0.1814864
vt 0.07647412 -0.1715114
vt 0.07427491 -0.175982
vt 0.09095003 -0.1856229
vt 0.0950584 -0.2448979
vt 0.07691111 -0.2384416
vt 0.07612838 -0.243362
vt 0.09255753 -0.249207
vt 0.09181581 -0.2758152
vt 0.07519007 -0.2705554
vt 0.07492252 -0.2755305
vt 0.08917315 -0.2800389
vt 0.08536305 -0.251716
vt 0.07139827 -0.2463875
vt 0.07084227 -0.2513387
vt 0.08247958 -0.255779
vt 0.06610254 -0.1939479
vt 0.05607363 -0.1865611
vt 0.05390299 -0.1910456
vt 0.06246356 -0.1973509
vt -0.03740786 -0.1630977
vt -0.03506177 -0.1527277
vt -0.03998395 -0.1519563
vt -0.04218275 -0.1616752
vt -0.08708193 -0.183026
vt -0.07845543 -0.1780384
vt -0.08065466 -0.1735678
vt -0.08985902 -0.1788894
vt -0.08956378 -0.2474696
vt -0.07954681 -0.2439058
vt -0.08032954 -0.2389854
vt -0.09206466 -0.2431604
vt -0.08808261 -0.2793566
vt -0.07620709 -0.2755995
vt -0.07647464 -0.2706245
vt -0.09072526 -0.2751329
vt -0.07582082 -0.2436963
vt -0.06126548 -0.2470947
vt -0.05895571 -0.2426801
vt -0.07593694 -0.2387154
vt -0.08082399 -0.1333546
vt -0.06489015 -0.1404394
vt -0.06206694 -0.1363342
vt -0.07966713 -0.1285085
vt -0.01033411 0.02488785
vt -0.01617288 0.006532548
vt -0.01153686 0.004707617
vt -0.005495754 0.02369901
vt 0.06107675 -0.1074543
vt 0.04233415 -0.1142279
vt 0.04433765 -0.1187896
vt 0.06245249 -0.1122428
vt 0.06979573 -0.221234
vt 0.05098485 -0.2253763
vt 0.05292872 -0.2299637
vt 0.06995863 -0.2262136
vt 0.07282098 -0.2710118
vt 0.05570462 -0.2743452
vt 0.05784937 -0.2788422
vt 0.07252054 -0.275985
vt 0.07465088 -0.2386853
vt 0.06009555 -0.2420837
vt 0.06240532 -0.2464983
vt 0.07453476 -0.2436662
vt 0.07630032 -0.1293122
vt 0.06491901 -0.1343728
vt 0.06774221 -0.138478
vt 0.07745718 -0.1341583
vt 0.006607416 0.01917459
vt 0.009830315 0.009042816
vt 0.01446632 0.01086774
vt 0.01144576 0.02036344
vt -0.05797466 -0.1135293
vt -0.04860335 -0.1169162
vt -0.04659986 -0.1123545
vt -0.05659892 -0.1087408
vt -0.06649907 -0.2263267
vt -0.05611582 -0.2286133
vt -0.05417194 -0.2240259
vt -0.06633617 -0.2213471
vt -0.07123646 -0.2759074
vt -0.05901048 -0.2782884
vt -0.05686573 -0.2737914
vt -0.07153691 -0.2709342
vt -0.06540491 -0.2503967
vt -0.05506514 -0.26119
vt -0.05071997 -0.2587523
vt -0.06278303 -0.2461601
vt -0.06539989 -0.1751917
vt -0.05841476 -0.1911695
vt -0.05356154 -0.1900429
vt -0.06127716 -0.1723942
vt -0.03246862 -0.1296823
vt -0.0359459 -0.1486274
vt -0.03111676 -0.1498531
vt -0.02751897 -0.1302515
vt 0.01065915 -0.1742232
vt -0.001284701 -0.1901766
vt 0.002894725 -0.1928887
vt 0.01443854 -0.1774696
vt 0.03695187 -0.2430366
vt 0.02252874 -0.255803
vt 0.02645795 -0.2588664
vt 0.03951553 -0.2473086
vt 0.05246464 -0.2751771
vt 0.03899889 -0.2862566
vt 0.04302578 -0.2891904
vt 0.05456785 -0.2796937
vt 0.06168915 -0.2468371
vt 0.05134938 -0.2576304
vt 0.05569456 -0.2600681
vt 0.06431104 -0.2510737
vt 0.0593336 -0.1752585
vt 0.05434422 -0.1866712
vt 0.05919746 -0.1877978
vt 0.06345633 -0.178056
vt 0.02805121 -0.13488
vt 0.0299706 -0.1453373
vt 0.03479975 -0.1441116
vt 0.03300085 -0.1343108
vt -0.01140278 -0.1810038
vt -0.005430853 -0.1889805
vt -0.001251437 -0.1862685
vt -0.007623408 -0.1777574
vt -0.03654753 -0.2490897
vt -0.02858623 -0.2561366
vt -0.02465702 -0.2530732
vt -0.03398386 -0.2448177
vt -0.05340169 -0.2802368
vt -0.04378329 -0.2881507
vt -0.0397564 -0.2852169
vt -0.05129848 -0.2757202
vt -0.05712161 -0.2710728
vt -0.05375478 -0.2856355
vt -0.04877412 -0.2857624
vt -0.0527021 -0.2687727
vt -0.05795814 -0.2493933
vt -0.05814303 -0.2668302
vt -0.05325487 -0.2677939
vt -0.05305063 -0.2485334
vt -0.04076089 -0.2464158
vt -0.04529947 -0.265135
vt -0.04054701 -0.2666307
vt -0.03585114 -0.2472628
vt -0.01470194 -0.2627759
vt -0.02225416 -0.2812186
vt -0.01752737 -0.2827936
vt -0.01022811 -0.2649686
vt 0.01236388 -0.2814796
vt 0.004117089 -0.2988864
vt 0.008933948 -0.3001595
vt 0.01639996 -0.2844007
vt 0.03634288 -0.2852495
vt 0.02971103 -0.3013771
vt 0.03464631 -0.3020598
vt 0.04033075 -0.2882361
vt 0.0521082 -0.2699137
vt 0.04874136 -0.2844764
vt 0.05372202 -0.2843495
vt 0.05652771 -0.2722139
vt 0.05245326 -0.2519429
vt 0.05258533 -0.2643979
vt 0.0574735 -0.2634341
vt 0.05736078 -0.2528027
vt 0.03664315 -0.2518539
vt 0.03914835 -0.2621866
vt 0.04390083 -0.2606909
vt 0.04155289 -0.2510069
vt 0.01227848 -0.2691521
vt 0.01605459 -0.2783734
vt 0.02078137 -0.2767985
vt 0.01675231 -0.2669595
vt -0.01437052 -0.2872047
vt -0.009818437 -0.296813
vt -0.005001568 -0.2955399
vt -0.01033444 -0.2842836
vt -0.03955961 -0.2892658
vt -0.03482258 -0.3007855
vt -0.02988731 -0.3001028
vt -0.03557175 -0.2862791
vt -0.0536399 -0.2941305
vt -0.0577279 -0.3085074
vt -0.05342845 -0.3110249
vt -0.04865909 -0.2942519
vt -0.05800945 -0.2948166
vt -0.06415646 -0.3111351
vt -0.05989418 -0.313715
vt -0.05310433 -0.2956899
vt -0.0489131 -0.2967414
vt -0.05554818 -0.314824
vt -0.05099632 -0.3168498
vt -0.04413129 -0.2981405
vt -0.02890088 -0.2975934
vt -0.03399476 -0.3168605
vt -0.02910351 -0.3178084
vt -0.02418024 -0.2991866
vt -0.000542123 -0.2966359
vt -0.002313379 -0.3158159
vt 0.002647836 -0.3153583
vt 0.004251389 -0.2979943
vt 0.02896219 -0.2949425
vt 0.0308694 -0.3122758
vt 0.03552829 -0.3105101
vt 0.03389354 -0.295653
vt 0.04869044 -0.2955379
vt 0.05277845 -0.3099148
vt 0.05707791 -0.3073973
vt 0.05367123 -0.2954166
vt 0.05371108 -0.2990977
vt 0.05810181 -0.3107539
vt 0.06236408 -0.308174
vt 0.0586162 -0.2982244
vt 0.04543959 -0.302612
vt 0.04910204 -0.3125933
vt 0.0536539 -0.3105676
vt 0.05022139 -0.3012129
vt 0.02567014 -0.303601
vt 0.02821708 -0.3132345
vt 0.03310833 -0.3122866
vt 0.03039077 -0.3020077
vt -0.00330767 -0.3013246
vt -0.002329974 -0.3119116
vt 0.002631249 -0.3123691
vt 0.00148585 -0.2999662
vt -0.0337101 -0.2969262
vt -0.03507239 -0.3093072
vt -0.0304135 -0.3110729
vt -0.02877876 -0.2962157
vt -0.05510525 -0.3116476
vt -0.06550436 -0.3223837
vt -0.06290588 -0.3266347
vt -0.05077357 -0.3141092
vt -0.0619153 -0.2979806
vt -0.07374357 -0.3107936
vt -0.07076304 -0.314786
vt -0.05769777 -0.300633
vt -0.05939029 -0.2703601
vt -0.06972145 -0.2866166
vt -0.06570493 -0.2895646
vt -0.05501575 -0.2727447
vt -0.03938671 -0.2568747
vt -0.04312811 -0.2764494
vt -0.03818276 -0.2770548
vt -0.03456668 -0.2581358
vt 9.269993E-05 -0.2721371
vt 0.005779041 -0.2905402
vt 0.01018967 -0.288223
vt 0.005041696 -0.2715623
vt 0.03321826 -0.3000874
vt 0.04359435 -0.3141023
vt 0.0467303 -0.3102308
vt 0.03783653 -0.298218
vt 0.05140916 -0.3152277
vt 0.06180827 -0.3259638
vt 0.06440677 -0.3217128
vt 0.05574083 -0.312766
vt 0.05954055 -0.3035632
vt 0.06798932 -0.3127154
vt 0.07096986 -0.3087229
vt 0.06375808 -0.3009107
vt 0.05724564 -0.2768354
vt 0.06294826 -0.2858087
vt 0.06696478 -0.2828607
vt 0.06162018 -0.2744507
vt 0.03574593 -0.2626431
vt 0.03761663 -0.2724304
vt 0.04256197 -0.271825
vt 0.04056596 -0.261382
vt -0.005441069 -0.2750006
vt -0.008579824 -0.2851588
vt -0.004169191 -0.2874759
vt -0.0004920649 -0.2755754
vt -0.03831921 -0.2994104
vt -0.0457307 -0.3094211
vt -0.04259473 -0.3132926
vt -0.03370095 -0.3012798
vt -0.06026103 -0.3218732
vt -0.07451168 -0.3263817
vt -0.07424413 -0.3313568
vt -0.05761839 -0.3260969
vt -0.0649924 -0.274663
vt -0.08142157 -0.280508
vt -0.08063885 -0.2854284
vt -0.06249152 -0.2789721
vt -0.06992343 -0.1835082
vt -0.08659859 -0.1931491
vt -0.08439936 -0.1976198
vt -0.06714633 -0.1876447
vt -0.05251697 -0.1440126
vt -0.05691461 -0.1634505
vt -0.05199241 -0.1642219
vt -0.04774208 -0.1454351
vt 0.02744566 -0.2196906
vt 0.04295448 -0.2311136
vt 0.04512512 -0.2266291
vt 0.03108464 -0.2162876
vt 0.0493525 -0.3006714
vt 0.06564475 -0.3068879
vt 0.06620076 -0.3019368
vt 0.05223596 -0.2966084
vt 0.05870893 -0.3267792
vt 0.07295959 -0.3312877
vt 0.07322713 -0.3263126
vt 0.0613516 -0.3225555
vt 0.06548528 -0.2807096
vt 0.0772204 -0.2848846
vt 0.07800312 -0.2799642
vt 0.06798615 -0.2764004
vt 0.07101445 -0.1902417
vt 0.08021882 -0.1955633
vt 0.08241804 -0.1910927
vt 0.07379154 -0.1861052
vt 0.04907224 -0.1499002
vt 0.05127104 -0.1596191
vt 0.05619323 -0.1588477
vt 0.05384713 -0.1484777
vt -0.03344889 -0.2188158
vt -0.04200947 -0.2251211
vt -0.03983883 -0.2296056
vt -0.02980991 -0.2222188
vt -0.05328507 -0.2973529
vt -0.0649224 -0.3017932
vt -0.06436639 -0.3067444
vt -0.0504016 -0.3014159
vt -0.06714086 -0.3265526
vt -0.08181202 -0.3236954
vt -0.08395678 -0.3281924
vt -0.06684042 -0.3315257
vt -0.06007361 -0.2624094
vt -0.0771035 -0.2586592
vt -0.07904737 -0.2632466
vt -0.06023652 -0.267389
vt -0.04729255 -0.1269657
vt -0.06540737 -0.1204189
vt -0.06741087 -0.1249806
vt -0.04866828 -0.1317542
vt 0.02929597 0.01035668
vt 0.02325487 0.02934806
vt 0.01861885 0.02752313
vt 0.02445761 0.009167843
vt 0.07954505 -0.1756428
vt 0.09714521 -0.1678171
vt 0.09432201 -0.1637119
vt 0.07838818 -0.1707967
vt 0.07220087 -0.2994092
vt 0.08918209 -0.2954445
vt 0.08687232 -0.2910299
vt 0.07231699 -0.2944283
vt 0.06812449 -0.3316033
vt 0.08279565 -0.3287461
vt 0.0806509 -0.3242491
vt 0.06842493 -0.3266301
vt 0.06369606 -0.2672757
vt 0.07586027 -0.264597
vt 0.0739164 -0.2600095
vt 0.06353316 -0.2622961
vt 0.05314614 -0.1304678
vt 0.06314518 -0.1268541
vt 0.06114169 -0.1222924
vt 0.05177039 -0.1256792
vt -0.02334582 0.01369221
vt -0.02032525 0.0231879
vt -0.02496126 0.02501283
vt -0.02818416 0.01488106
vt -0.08175499 -0.169993
vt -0.09146995 -0.1656733
vt -0.09429316 -0.1697785
vt -0.08291186 -0.1748391
vt -0.07360306 -0.2944583
vt -0.0857325 -0.2916263
vt -0.08804227 -0.2960408
vt -0.07348694 -0.2994393
vt -0.06912929 -0.3157222
vt -0.07557486 -0.3104189
vt -0.07782365 -0.3120572
vt -0.07030381 -0.3182445
vt -0.04506902 -0.2740839
vt -0.05236091 -0.2676296
vt -0.05455515 -0.2693403
vt -0.04650068 -0.2764696
vt -0.008541455 -0.191804
vt -0.014988 -0.1831933
vt -0.01732196 -0.1847079
vt -0.01065201 -0.1936169
vt 0.04746187 -0.1423796
vt 0.04545271 -0.1314332
vt 0.04275591 -0.1321177
vt 0.04469778 -0.1426974
vt 0.08795661 -0.2004385
vt 0.09226532 -0.1905827
vt 0.08955508 -0.1899535
vt 0.08565429 -0.1988762
vt 0.08674165 -0.2879288
vt 0.09347816 -0.2808968
vt 0.09105163 -0.2795354
vt 0.08527748 -0.2855629
vt 0.07095507 -0.3179412
vt 0.07740063 -0.3126379
vt 0.07515185 -0.3109995
vt 0.06978054 -0.315419
vt 0.04815811 -0.275475
vt 0.05336659 -0.2708647
vt 0.05117236 -0.269154
vt 0.04672644 -0.2730892
vt 0.0123473 -0.1916433
vt 0.01590568 -0.1868904
vt 0.01357171 -0.1853759
vt 0.01023674 -0.1898304
vt -0.04440065 -0.1401127
vt -0.04339607 -0.1346395
vt -0.04609286 -0.133955
vt -0.04716473 -0.1397949
vt -0.08673967 -0.1972767
vt -0.089118 -0.1918364
vt -0.09182824 -0.1924656
vt -0.08904198 -0.1988389
vt -0.08588836 -0.2851849
vt -0.09070014 -0.280162
vt -0.09312667 -0.2815233
vt -0.08735252 -0.2875507
vt -0.07018899 -0.3131073
vt -0.07336342 -0.3053876
vt -0.07611949 -0.3057688
vt -0.07241599 -0.3147751
vt -0.03202751 -0.3068403
vt -0.03619685 -0.29804
vt -0.03888679 -0.2987509
vt -0.03428143 -0.3084716
vt 0.0123344 -0.2803248
vt 0.008258181 -0.2703705
vt 0.005618552 -0.2712501
vt 0.009836024 -0.2815492
vt 0.0564454 -0.2582486
vt 0.05382304 -0.2474328
vt 0.05116906 -0.248268
vt 0.05370359 -0.2587216
vt 0.08888696 -0.2631633
vt 0.08877292 -0.2524074
vt 0.08604316 -0.2529456
vt 0.0861464 -0.2626831
vt 0.09464942 -0.2924171
vt 0.09684298 -0.2829293
vt 0.09406157 -0.2830002
vt 0.09218138 -0.2911326
vt 0.07284664 -0.3142001
vt 0.07602107 -0.3064803
vt 0.073265 -0.3060991
vt 0.07061964 -0.3125322
vt 0.03541472 -0.3069057
vt 0.03839282 -0.3006197
vt 0.03570288 -0.2999088
vt 0.03316081 -0.3052744
vt -0.008690989 -0.279213
vt -0.006440995 -0.2737184
vt -0.009080624 -0.2728389
vt -0.01118936 -0.2779885
vt -0.05326129 -0.2561577
vt -0.05195012 -0.2507498
vt -0.05460409 -0.2499145
vt -0.0560031 -0.2556847
vt -0.08647998 -0.2607791
vt -0.08641703 -0.254842
vt -0.08914679 -0.2543039
vt -0.08922054 -0.2612593
vt -0.09251304 -0.2904954
vt -0.09407987 -0.2837184
vt -0.09686127 -0.2836475
vt -0.09498108 -0.2917799
vt -0.07201841 -0.3031752
vt -0.0711055 -0.2948783
vt -0.07370722 -0.2938923
vt -0.07477228 -0.3035719
vt -0.02663153 -0.3137069
vt -0.02752702 -0.3040101
vt -0.03029757 -0.3037546
vt -0.02930843 -0.3144655
vt 0.02427502 -0.3146863
vt 0.02152566 -0.3042872
vt 0.01879418 -0.3048165
vt 0.02163882 -0.3155761
vt 0.06583996 -0.3067164
vt 0.06200624 -0.2962683
vt 0.05946429 -0.2973996
vt 0.06316961 -0.3074977
vt 0.09178404 -0.2971582
vt 0.0879923 -0.2870922
vt 0.08561206 -0.288533
vt 0.08904481 -0.297646
vt 0.0968094 -0.2946871
vt 0.094146 -0.2853203
vt 0.091745 -0.2867262
vt 0.09402792 -0.2947549
vt 0.07487471 -0.3028609
vt 0.0739618 -0.294564
vt 0.07136007 -0.29555
vt 0.07212084 -0.3024641
vt 0.02983541 -0.3126057
vt 0.03047504 -0.3056794
vt 0.0277045 -0.305935
vt 0.02715851 -0.3118472
vt -0.02080681 -0.3131109
vt -0.01928922 -0.3073708
vt -0.02202069 -0.3068414
vt -0.02344301 -0.3122212
vt -0.062439 -0.3050006
vt -0.06052214 -0.2997766
vt -0.06306408 -0.2986453
vt -0.06510936 -0.3042193
vt -0.08870596 -0.2957429
vt -0.08661298 -0.2901867
vt -0.08899322 -0.2887459
vt -0.09144519 -0.2952552
vt -0.09401042 -0.2940367
vt -0.09210799 -0.2873462
vt -0.09450898 -0.2859403
vt -0.0967919 -0.2939689
vt -0.07456282 -0.2855188
vt -0.06959616 -0.2788103
vt -0.0713474 -0.2766483
vt -0.07714184 -0.2844748
vt -0.03172567 -0.2775391
vt -0.02885083 -0.268235
vt -0.03131391 -0.266941
vt -0.0344894 -0.2772181
vt 0.03358318 -0.2736045
vt 0.0315638 -0.2630392
vt 0.02880211 -0.2633773
vt 0.03089147 -0.2743087
vt 0.07805218 -0.2765045
vt 0.07208288 -0.2671116
vt 0.06983989 -0.2687579
vt 0.07560925 -0.2778362
vt 0.09409478 -0.2874599
vt 0.08679858 -0.2795563
vt 0.08513413 -0.2817858
vt 0.09173954 -0.2889411
vt 0.09340899 -0.2917293
vt 0.0866338 -0.2847345
vt 0.0851827 -0.2871085
vt 0.09099001 -0.293104
vt 0.07687231 -0.2838089
vt 0.07190564 -0.2771005
vt 0.07015439 -0.2792625
vt 0.07429327 -0.2848529
vt 0.03426635 -0.275298
vt 0.03221289 -0.2686523
vt 0.02974982 -0.2699463
vt 0.03150262 -0.275619
vt -0.03023291 -0.2717916
vt -0.02911825 -0.2659598
vt -0.03187994 -0.2656217
vt -0.03292461 -0.2710874
vt -0.07436401 -0.2755518
vt -0.07137936 -0.2708553
vt -0.07362235 -0.2692091
vt -0.07680693 -0.2742201
vt -0.09071045 -0.2873048
vt -0.08668308 -0.2829422
vt -0.08834754 -0.2807127
vt -0.09306569 -0.2858236
vt -0.09063508 -0.2924794
vt -0.08579565 -0.2874832
vt -0.08724675 -0.2851092
vt -0.09305406 -0.2911047
vt -0.07633401 -0.2661226
vt -0.0685355 -0.2631471
vt -0.068846 -0.2603821
vt -0.07794426 -0.2638536
vt -0.0560984 -0.2052391
vt -0.04825762 -0.1994639
vt -0.0494698 -0.1969596
vt -0.05813056 -0.2033387
vt 0.04727941 -0.1609281
vt 0.04490583 -0.1504368
vt 0.04215709 -0.1508676
vt 0.04461291 -0.1617225
vt 0.08931233 -0.1803316
vt 0.07967754 -0.1747612
vt 0.0784494 -0.1772577
vt 0.08776148 -0.1826417
vt 0.08859158 -0.2503879
vt 0.07845738 -0.2467825
vt 0.07802027 -0.2495302
vt 0.08719499 -0.2527943
vt 0.08450761 -0.2861518
vt 0.07522313 -0.2832145
vt 0.0750737 -0.2859928
vt 0.08303185 -0.2885105
vt 0.07735841 -0.2634379
vt 0.06955991 -0.2604623
vt 0.06924941 -0.2632272
vt 0.07574816 -0.2657068
vt 0.05681024 -0.2019268
vt 0.05120968 -0.1978017
vt 0.0499975 -0.2003061
vt 0.05477808 -0.2038272
vt -0.04387005 -0.159229
vt -0.04255989 -0.153438
vt -0.04530864 -0.1530072
vt -0.04653655 -0.1584346
vt -0.08560135 -0.1811915
vt -0.08078396 -0.1784063
vt -0.0820121 -0.1759097
vt -0.0871522 -0.1788815
vt -0.08552314 -0.251824
vt -0.07992926 -0.2498339
vt -0.08036637 -0.2470861
vt -0.08691974 -0.2494176
vt -0.08242284 -0.2881294
vt -0.07579105 -0.2860314
vt -0.07594047 -0.2832531
vt -0.08389861 -0.2857708
vt -0.07522959 -0.2556778
vt -0.06710128 -0.2575755
vt -0.06581141 -0.2551103
vt -0.07529444 -0.2528962
vt -0.08116289 -0.1435926
vt -0.07226478 -0.1475491
vt -0.07068817 -0.1452566
vt -0.08051684 -0.1408864
vt -0.01621975 0.02229756
vt -0.01948038 0.0120472
vt -0.01689144 0.01102809
vt -0.01351782 0.02163366
vt 0.05735009 -0.1100878
vt 0.04688345 -0.1138705
vt 0.04800228 -0.1164179
vt 0.05811836 -0.1127619
vt 0.06722121 -0.2293168
vt 0.05671643 -0.2316301
vt 0.05780197 -0.2341919
vt 0.06731218 -0.2320977
vt 0.07134731 -0.2835849
vt 0.06178882 -0.2854464
vt 0.06298653 -0.2879577
vt 0.07117952 -0.2863621
vt 0.07457623 -0.2528794
vt 0.06644793 -0.2547773
vt 0.0677378 -0.2572425
vt 0.07451139 -0.255661
vt 0.07863667 -0.1413351
vt 0.07228088 -0.1441612
vt 0.07385747 -0.1464537
vt 0.07928272 -0.1440414
vt 0.01413869 0.01910709
vt 0.0159385 0.01344908
vt 0.01852744 0.0144682
vt 0.01684063 0.01977099
vt -0.05561776 -0.1134805
vt -0.05038443 -0.1153718
vt -0.04926561 -0.1128244
vt -0.0548495 -0.1108063
vt -0.06538023 -0.2321608
vt -0.05958179 -0.2334377
vt -0.05849624 -0.2308758
vt -0.06528925 -0.2293799
vt -0.07046245 -0.2863188
vt -0.06363495 -0.2876484
vt -0.06243723 -0.2851371
vt -0.07063023 -0.2835416
vt -0.07145049 -0.260758
vt -0.06567634 -0.2667854
vt -0.0632498 -0.2654242
vt -0.06998633 -0.2583921
vt -0.07255556 -0.1825218
vt -0.06865476 -0.1914444
vt -0.06594452 -0.1908153
vt -0.07025324 -0.1809595
vt -0.03798074 -0.1329942
vt -0.03992261 -0.1435739
vt -0.03722582 -0.1442584
vt -0.03521666 -0.133312
vt 0.008990958 -0.1784707
vt 0.002321012 -0.1873797
vt 0.004654969 -0.1888943
vt 0.01110152 -0.1802836
vt 0.03863243 -0.2513514
vt 0.03057796 -0.2584807
vt 0.03277219 -0.2601914
vt 0.04006409 -0.2537371
vt 0.05715393 -0.2869357
vt 0.0496341 -0.293123
vt 0.05188288 -0.2947614
vt 0.05832845 -0.289458
vt 0.06937546 -0.2587702
vt 0.0636013 -0.2647976
vt 0.06602784 -0.2661589
vt 0.07083963 -0.2611361
vt 0.06916789 -0.182559
vt 0.06638162 -0.1889323
vt 0.06909186 -0.1895614
vt 0.07147019 -0.1841212
vt 0.03551393 -0.1358968
vt 0.0365858 -0.1417366
vt 0.0392826 -0.1410521
vt 0.03827802 -0.1355789
vt -0.009406253 -0.1822573
vt -0.006071277 -0.1867119
vt -0.00373732 -0.1851973
vt -0.007295696 -0.1804444
vt -0.03840662 -0.2547317
vt -0.0339607 -0.2586669
vt -0.03176646 -0.2569562
vt -0.03697496 -0.2523459
vt -0.05767721 -0.2897612
vt -0.0523059 -0.2941808
vt -0.05005712 -0.2925424
vt -0.05650269 -0.287239
vt -0.06761515 -0.2768859
vt -0.06573497 -0.2850183
vt -0.06295356 -0.2850891
vt -0.06514712 -0.2756014
vt -0.06749112 -0.2531423
vt -0.06759436 -0.2628798
vt -0.06486461 -0.263418
vt -0.06475056 -0.2526621
vt -0.04645079 -0.249412
vt -0.04898531 -0.2598656
vt -0.04633134 -0.2607009
vt -0.04370898 -0.249885
vt -0.01524944 -0.2673063
vt -0.01946691 -0.2776054
vt -0.01682728 -0.2784849
vt -0.01275107 -0.2685308
vt 0.01717637 -0.2884652
vt 0.01257101 -0.2981859
vt 0.01526095 -0.2988969
vt 0.01943029 -0.2900965
vt 0.04603209 -0.2933965
vt 0.04232858 -0.3024028
vt 0.04508464 -0.302784
vt 0.04825908 -0.2950643
vt 0.06481546 -0.2762386
vt 0.06293528 -0.284371
vt 0.06571668 -0.2843001
vt 0.0672835 -0.2775231
vt 0.06441697 -0.2545661
vt 0.06449071 -0.2615215
vt 0.06722047 -0.2609833
vt 0.06715753 -0.2550463
vt 0.04415129 -0.2524489
vt 0.0455503 -0.2582191
vt 0.04820427 -0.2573838
vt 0.0468931 -0.2519759
vt 0.01389607 -0.270867
vt 0.0160048 -0.2760166
vt 0.01864443 -0.2751371
vt 0.01639444 -0.2696425
vt -0.01829695 -0.2916624
vt -0.01575487 -0.297028
vt -0.01306493 -0.2963171
vt -0.01604303 -0.2900311
vt -0.04782845 -0.2956393
vt -0.0451831 -0.3020724
vt -0.04242703 -0.3016912
vt -0.04560146 -0.2939715
vt -0.06563596 -0.2941502
vt -0.06791887 -0.3021789
vt -0.06551789 -0.3035848
vt -0.06285448 -0.294218
vt -0.06824996 -0.2950731
vt -0.07168271 -0.3041861
vt -0.06930247 -0.3056268
vt -0.06551073 -0.2955608
vt -0.05490646 -0.299072
vt -0.05861177 -0.3091701
vt -0.05606983 -0.3103014
vt -0.0522361 -0.2998533
vt -0.02885556 -0.3021565
vt -0.03170021 -0.312916
vt -0.02896873 -0.3134454
vt -0.02621936 -0.3030462
vt 0.006375692 -0.3015454
vt 0.00538655 -0.3122563
vt 0.008157101 -0.3120008
vt 0.009052594 -0.302304
vt 0.04137046 -0.2974503
vt 0.04243552 -0.30713
vt 0.04503724 -0.3061439
vt 0.04412433 -0.2978471
vt 0.06287198 -0.2949361
vt 0.0651549 -0.3029648
vt 0.0675559 -0.3015589
vt 0.06565346 -0.2948684
vt 0.06584954 -0.2974639
vt 0.06830151 -0.3039731
vt 0.07068174 -0.3025324
vt 0.06858876 -0.2969761
vt 0.05296671 -0.3023504
vt 0.05501198 -0.3079244
vt 0.05755393 -0.3067931
vt 0.05563707 -0.3015691
vt 0.02705138 -0.3055114
vt 0.0284737 -0.3108912
vt 0.03120518 -0.3103618
vt 0.02968758 -0.3046216
vt -0.008525561 -0.3041638
vt -0.007979574 -0.310076
vt -0.005209021 -0.3103315
vt -0.005848662 -0.3034052
vt -0.0440219 -0.2985581
vt -0.04478265 -0.3054722
vt -0.04218093 -0.3064582
vt -0.04126803 -0.2981614
vt -0.06568541 -0.3059937
vt -0.07149272 -0.3119892
vt -0.07004161 -0.3143632
vt -0.06326642 -0.3073684
vt -0.07150178 -0.2943705
vt -0.07810719 -0.3015258
vt -0.07644273 -0.3037554
vt -0.06914653 -0.2958518
vt -0.06574237 -0.2713619
vt -0.07151173 -0.2804403
vt -0.06926874 -0.2820866
vt -0.06329945 -0.2726936
vt -0.03902413 -0.2614236
vt -0.04111349 -0.2723549
vt -0.0383518 -0.272693
vt -0.03633242 -0.2621278
vt 0.008360954 -0.2740332
vt 0.01153645 -0.2843103
vt 0.01399952 -0.2830163
vt 0.01112468 -0.2737122
vt 0.04520138 -0.2960058
vt 0.05099583 -0.3038323
vt 0.05274708 -0.3016703
vt 0.04778041 -0.2949618
vt 0.06362136 -0.307993
vt 0.06942867 -0.3139885
vt 0.07087976 -0.3116146
vt 0.06604034 -0.3066183
vt 0.0701756 -0.297488
vt 0.07489375 -0.302599
vt 0.0765582 -0.3003694
vt 0.07253084 -0.2960068
vt 0.06454471 -0.274978
vt 0.06772929 -0.2799891
vt 0.06997228 -0.2783428
vt 0.06698763 -0.2736463
vt 0.03699095 -0.2646449
vt 0.03803563 -0.2701105
vt 0.04079732 -0.2697724
vt 0.03968266 -0.2639406
vt -0.01134768 -0.2756323
vt -0.01310049 -0.2813051
vt -0.01063741 -0.2825991
vt -0.008583954 -0.2759534
vt -0.04804998 -0.2956278
vt -0.05218887 -0.3012181
vt -0.05043762 -0.3033802
vt -0.04547095 -0.2966717
vt -0.06688614 -0.3118725
vt -0.07484429 -0.3143902
vt -0.07469487 -0.3171685
vt -0.06541037 -0.3142312
vt -0.07180147 -0.2670099
vt -0.08097619 -0.270274
vt -0.08053908 -0.2730218
vt -0.07040487 -0.2694163
vt -0.07601933 -0.1814609
vt -0.08533143 -0.1868448
vt -0.08410328 -0.1893414
vt -0.07446849 -0.1837709
vt -0.05230758 -0.1485711
vt -0.05476339 -0.159426
vt -0.05201464 -0.1598568
vt -0.04964108 -0.1493655
vt 0.03522262 -0.2163027
vt 0.04388338 -0.2226817
vt 0.04509557 -0.2201774
vt 0.03725478 -0.2144022
vt 0.05724863 -0.2907767
vt 0.0663469 -0.2942482
vt 0.06665739 -0.2914833
vt 0.05885888 -0.2885077
vt 0.06601938 -0.3146122
vt 0.07397752 -0.3171299
vt 0.07412693 -0.3143516
vt 0.06749515 -0.3122536
vt 0.07207672 -0.2703865
vt 0.07863008 -0.272718
vt 0.07906721 -0.2699703
vt 0.0734733 -0.2679802
vt 0.07662861 -0.185221
vt 0.08176873 -0.1881929
vt 0.08299686 -0.1856963
vt 0.07817946 -0.1829111
vt 0.05038393 -0.151859
vt 0.05161183 -0.1572864
vt 0.05436058 -0.1568556
vt 0.05305043 -0.1510646
vt -0.03857508 -0.2158141
vt -0.04335565 -0.2193352
vt -0.04214348 -0.2218396
vt -0.03654292 -0.2177145
vt -0.05944474 -0.2889234
vt -0.06594349 -0.2914031
vt -0.06563299 -0.2941681
vt -0.05783449 -0.2911925
vt -0.06817529 -0.3146011
vt -0.07636827 -0.3130056
vt -0.07756599 -0.3155169
vt -0.06800751 -0.3173784
vt -0.06179196 -0.2523108
vt -0.07130216 -0.2502165
vt -0.0723877 -0.2527783
vt -0.06188292 -0.2550916
vt -0.04965241 -0.1209839
vt -0.05976849 -0.1173279
vt -0.06088731 -0.1198754
vt -0.05042067 -0.1236581
vt 0.02680892 0.01418276
vt 0.02343531 0.02478833
vt 0.02084637 0.02376922
vt 0.02410699 0.01351887
vt 0.08044866 -0.1672081
vt 0.09027734 -0.1628379
vt 0.08870073 -0.1605454
vt 0.07980262 -0.1645018
vt 0.07320805 -0.2867902
vt 0.08269106 -0.2845761
vt 0.08140119 -0.2821108
vt 0.07327288 -0.2840086
vt 0.0687246 -0.3174217
vt 0.07691759 -0.3158261
vt 0.07571988 -0.3133149
vt 0.06889237 -0.3146445
vt 0.06381489 -0.2550283
vt 0.07060789 -0.2535325
vt 0.06952235 -0.2509707
vt 0.06372393 -0.2522475
vt 0.05292131 -0.1229396
vt 0.05850518 -0.1209216
vt 0.05738636 -0.1183742
vt 0.05215303 -0.1202655
vt -0.02348621 0.01604548
vt -0.0217994 0.02134827
vt -0.02438834 0.02236738
vt -0.02618814 0.01670937
vt -0.08168279 -0.164053
vt -0.08710804 -0.1616407
vt -0.08868465 -0.1639332
vt -0.08232884 -0.1667593
vt -0.07399109 -0.2840254
vt -0.08076468 -0.2824439
vt -0.08205454 -0.2849092
vt -0.07392625 -0.2868069
vt 0.06056684 -0.276842
vt 0.05548554 -0.2649404
vt 0.009501183 -0.284573
vt 0.01458247 -0.2964746
vt 0.08339334 -0.1571328
vt 0.07419659 -0.1480285
vt 0.03902029 -0.183562
vt 0.04821701 -0.1926663
vt 0.04296883 -0.03560603
vt 0.03200776 -0.04248523
vt 0.05858693 -0.08483552
vt 0.069548 -0.07795633
vt -0.01203532 -0.1471722
vt -0.01764916 -0.1588321
vt 0.0274012 -0.1805223
vt 0.03301504 -0.1688624
vt -0.03096988 -0.2580613
vt -0.0350995 -0.2703257
vt 0.01228634 -0.2862813
vt 0.01641597 -0.274017
vt -0.042971 -0.3027595
vt -0.04698264 -0.315063
vt 0.0005542637 -0.3305628
vt 0.004565915 -0.3182593
vt -0.05548554 -0.2649403
vt -0.06056683 -0.2768419
vt -0.01458247 -0.2964745
vt -0.009501179 -0.2845729
vt -0.0741966 -0.1480285
vt -0.08339334 -0.1571328
vt -0.04821703 -0.1926663
vt -0.03902029 -0.183562
vt -0.03200777 -0.04248523
vt -0.04296884 -0.03560603
vt -0.069548 -0.07795633
vt -0.05858694 -0.08483553
vt 0.01764916 -0.158832
vt 0.01203532 -0.1471722
vt -0.03301504 -0.1688624
vt -0.0274012 -0.1805223
vt 0.03509952 -0.2703257
vt 0.03096989 -0.2580613
vt -0.01641596 -0.274017
vt -0.01228633 -0.2862814
vt 0.04698264 -0.315063
vt 0.042971 -0.3027595
vt -0.004565907 -0.3182593
vt -0.0005542676 -0.3305628
vt -0.0974037 -0.3006838
vt -0.0933114 -0.3129606
vt -0.08362895 -0.3215466
vt -0.07095072 -0.324141
vt -0.05867387 -0.3200487
vt -0.05008792 -0.3103662
vt -0.04749352 -0.297688
vt -0.0515858 -0.2854111
vt -0.06126826 -0.2768252
vt -0.07394648 -0.2742308
vt -0.08622336 -0.2783231
vt -0.09480929 -0.2880055
vt 0.09480929 -0.2880055
vt 0.08622335 -0.2783231
vt 0.07394649 -0.2742308
vt 0.06126826 -0.2768252
vt 0.0515858 -0.2854111
vt 0.04749351 -0.297688
vt 0.05008792 -0.3103662
vt 0.05867386 -0.3200487
vt 0.07095073 -0.324141
vt 0.08362895 -0.3215466
vt 0.09331141 -0.3129607
vt 0.0974037 -0.3006838
vt 0.06434457 -0.3500832
vt 0.0864466 -0.3457789
vt 0.08689923 -0.3382868
vt 0.06111353 -0.3433085
vt 0.08734332 -0.4228551
vt 0.1129988 -0.4172055
vt 0.1127534 -0.4097037
vt 0.08441488 -0.4159442
vt 0.1266609 -0.3711002
vt 0.1539508 -0.3612375
vt 0.1518783 -0.3540236
vt 0.1236427 -0.3642281
vt 0.2401305 -0.08427249
vt 0.2492315 -0.05566212
vt 0.2419426 -0.05387111
vt 0.2331464 -0.08152322
vt 0.02686125 0.04315109
vt 0.0003466824 0.05494044
vt -0.001396125 0.04763984
vt 0.02260811 0.03696665
vt -0.03366946 -0.1690083
vt -0.05925157 -0.1630354
vt -0.05907663 -0.1705391
vt -0.03714911 -0.1756588
vt -0.06286274 -0.3424742
vt -0.08496477 -0.3381699
vt -0.08451214 -0.345662
vt -0.06609379 -0.3492489
vt -0.08921626 -0.4139097
vt -0.1075416 -0.4098742
vt -0.107787 -0.417376
vt -0.09214468 -0.4208206
vt -0.1300688 -0.3614058
vt -0.1451323 -0.3559617
vt -0.1472049 -0.3631757
vt -0.1330871 -0.3682779
vt -0.2357173 -0.07499135
vt -0.2402677 -0.06068615
vt -0.2475567 -0.06247713
vt -0.2427014 -0.07774059
vt -0.01831151 0.03992154
vt -0.003675968 0.04642906
vt -0.00541878 0.05372968
vt -0.02256466 0.04610597
vt 0.03886626 -0.1747605
vt 0.0571392 -0.1704941
vt 0.05731412 -0.1629904
vt 0.0353866 -0.16811
vt 0.05203847 -0.3432263
vt 0.07350695 -0.3500183
vt 0.07748811 -0.3436554
vt 0.05244153 -0.3357314
vt 0.00852612 -0.427323
vt 0.03327656 -0.4361284
vt 0.0370441 -0.4296368
vt 0.009705313 -0.4199104
vt -0.060693 -0.404447
vt -0.03557201 -0.4189711
vt -0.03138834 -0.4127394
vt -0.05737989 -0.3977121
vt -0.2263983 -0.204387
vt -0.2197733 -0.23367
vt -0.21258 -0.231527
vt -0.2189831 -0.2032249
vt -0.1695225 -0.02259432
vt -0.1928864 -0.039803
vt -0.1874043 -0.04492968
vt -0.1662524 -0.02935027
vt -0.09575009 -0.1733786
vt -0.1202942 -0.1827437
vt -0.1159503 -0.1888647
vt -0.09491246 -0.1808375
vt -0.05437671 -0.3358355
vt -0.0758452 -0.3426275
vt -0.07186405 -0.3489904
vt -0.05397364 -0.3433304
vt -0.01485511 -0.4207296
vt -0.032534 -0.4270193
vt -0.02876644 -0.433511
vt -0.01367594 -0.4281422
vt 0.05108184 -0.4008103
vt 0.03721552 -0.4088273
vt 0.04139919 -0.4150589
vt 0.05439495 -0.4075453
vt 0.2178965 -0.2101587
vt 0.214584 -0.2248002
vt 0.2217773 -0.2269431
vt 0.2253117 -0.2113208
vt 0.1709462 -0.0316221
vt 0.1838426 -0.04112098
vt 0.1893247 -0.03599431
vt 0.1742162 -0.02486614
vt 0.09683831 -0.1810539
vt 0.1143698 -0.1877433
vt 0.1187138 -0.1816223
vt 0.09767591 -0.173595
vt 0.0431986 -0.3284788
vt 0.05886482 -0.3446527
vt 0.06539046 -0.3409443
vt 0.04711321 -0.3220747
vt -0.05415557 -0.4094519
vt -0.03633633 -0.4287547
vt -0.02998266 -0.4247588
vt -0.04966541 -0.4034374
vt -0.1551975 -0.4099469
vt -0.1396336 -0.4344373
vt -0.1330434 -0.4308449
vt -0.1491466 -0.4055057
vt -0.2410822 -0.3130722
vt -0.2354458 -0.3425614
vt -0.2281845 -0.3406616
vt -0.2336321 -0.3121601
vt -0.2347936 -0.2024569
vt -0.2433601 -0.230181
vt -0.2359044 -0.231047
vt -0.2281491 -0.2059477
vt -0.1460555 -0.2204976
vt -0.161687 -0.241611
vt -0.1547296 -0.2444273
vt -0.1413312 -0.2263301
vt -0.04876672 -0.3230855
vt -0.06443293 -0.3392594
vt -0.05790729 -0.3429678
vt -0.04485212 -0.3294895
vt 0.04548693 -0.406557
vt 0.03275891 -0.4203447
vt 0.03911258 -0.4243405
vt 0.04997709 -0.4125715
vt 0.1449935 -0.411164
vt 0.1364026 -0.4246823
vt 0.1429928 -0.4282747
vt 0.1510444 -0.4156051
vt 0.2327793 -0.3191267
vt 0.2299611 -0.3338713
vt 0.2372224 -0.3357711
vt 0.2402294 -0.3200388
vt 0.2305743 -0.210564
vt 0.2353029 -0.2258673
vt 0.2427585 -0.2250013
vt 0.2372189 -0.2070732
vt 0.142837 -0.2275499
vt 0.1540023 -0.2426309
vt 0.1609597 -0.2398147
vt 0.1475613 -0.2217175
vt 0.04061588 -0.3050866
vt 0.04677444 -0.3267453
vt 0.05427796 -0.3265625
vt 0.04709298 -0.301294
vt -0.08712654 -0.3562682
vt -0.07786611 -0.380852
vt -0.07047658 -0.3795363
vt -0.08070544 -0.3523816
vt -0.188215 -0.3900182
vt -0.1782193 -0.4172596
vt -0.1710156 -0.4151519
vt -0.1813577 -0.3869664
vt -0.2473608 -0.3765432
vt -0.2396868 -0.4055689
vt -0.2325752 -0.4031687
vt -0.2399921 -0.3751151
vt -0.2460927 -0.3253211
vt -0.2434243 -0.3542157
vt -0.2362029 -0.3521692
vt -0.2386186 -0.3260104
vt -0.1715841 -0.2856334
vt -0.1744573 -0.3117459
vt -0.1670282 -0.3106756
vt -0.1645655 -0.2882934
vt -0.04807219 -0.3029664
vt -0.05423077 -0.3246251
vt -0.04672723 -0.3248079
vt -0.04159508 -0.306759
vt 0.07800528 -0.3568427
vt 0.07139067 -0.3744025
vt 0.07878023 -0.3757182
vt 0.08442638 -0.3607293
vt 0.1785039 -0.3933788
vt 0.1729865 -0.4084156
vt 0.1801902 -0.4105233
vt 0.1853613 -0.3964306
vt 0.2386567 -0.3820056
vt 0.2348198 -0.3965185
vt 0.2419314 -0.3989188
vt 0.2460254 -0.3834337
vt 0.2390975 -0.331203
vt 0.2376246 -0.3471522
vt 0.244846 -0.3491986
vt 0.2465716 -0.3305137
vt 0.1652523 -0.2901055
vt 0.1673046 -0.3087574
vt 0.1747336 -0.3098277
vt 0.1722709 -0.2874455
vt 0.04584709 -0.275921
vt 0.04077496 -0.2978596
vt 0.04743292 -0.3013248
vt 0.0533504 -0.2757298
vt -0.09538467 -0.2576519
vt -0.09510612 -0.2839205
vt -0.08771297 -0.2852159
vt -0.08802066 -0.2562001
vt -0.2039356 -0.3120931
vt -0.1970982 -0.3402935
vt -0.1897017 -0.3390175
vt -0.196776 -0.3098398
vt -0.2502177 -0.3777451
vt -0.2388404 -0.4055289
vt -0.2321006 -0.4022256
vt -0.2430969 -0.3753725
vt -0.2377165 -0.3950725
vt -0.2252928 -0.4212958
vt -0.2192124 -0.4168952
vt -0.2304599 -0.3931546
vt -0.1710841 -0.3478277
vt -0.1610932 -0.3721239
vt -0.1550855 -0.3676246
vt -0.1636491 -0.3467993
vt -0.05339976 -0.2776672
vt -0.04832763 -0.2996057
vt -0.04166967 -0.2961405
vt -0.04589644 -0.2778583
vt 0.08701201 -0.2613162
vt 0.08681305 -0.2800795
vt 0.09420621 -0.2787842
vt 0.09437604 -0.262768
vt 0.194669 -0.3165348
vt 0.1908949 -0.3321009
vt 0.1982914 -0.3333769
vt 0.2018285 -0.3187881
vt 0.2408782 -0.3820313
vt 0.2351895 -0.3959232
vt 0.2419293 -0.3992264
vt 0.247999 -0.384404
vt 0.2291275 -0.398196
vt 0.2222698 -0.4126708
vt 0.2283501 -0.4170715
vt 0.2363841 -0.400114
vt 0.1633836 -0.348719
vt 0.1562472 -0.3660734
vt 0.1622549 -0.3705727
vt 0.1708185 -0.3497474
vt 0.0587077 -0.2503369
vt 0.04313091 -0.266597
vt 0.04708077 -0.2729794
vt 0.06525369 -0.2540092
vt -0.0734479 -0.1188112
vt -0.08397094 -0.1428817
vt -0.07776006 -0.1470961
vt -0.06613652 -0.1205084
vt -0.2147379 -0.1786113
vt -0.2094994 -0.207152
vt -0.2020428 -0.2062946
vt -0.2074628 -0.1767648
vt -0.240839 -0.3507095
vt -0.2228457 -0.3747433
vt -0.2171521 -0.3698526
vt -0.2345428 -0.3466238
vt -0.2039441 -0.4369759
vt -0.1822157 -0.4562084
vt -0.1783536 -0.4497725
vt -0.1980247 -0.4323609
vt -0.1468925 -0.3961734
vt -0.1266065 -0.4128646
vt -0.123438 -0.4060605
vt -0.140826 -0.3917537
vt -0.06430544 -0.2556994
vt -0.04872865 -0.2719595
vt -0.04477879 -0.2655771
vt -0.05775946 -0.252027
vt 0.06731568 -0.1255879
vt 0.07483215 -0.1427811
vt 0.08104303 -0.1385666
vt 0.07462706 -0.1238907
vt 0.2057361 -0.1835677
vt 0.2028446 -0.1993217
vt 0.2103012 -0.2001791
vt 0.2130112 -0.1854142
vt 0.2307221 -0.3525117
vt 0.2217254 -0.3645285
vt 0.227419 -0.3694193
vt 0.2370184 -0.3565974
vt 0.1948186 -0.4364734
vt 0.1828249 -0.4470893
vt 0.186687 -0.4535252
vt 0.2007379 -0.4410883
vt 0.1396849 -0.39332
vt 0.1251948 -0.4052423
vt 0.1283633 -0.4120465
vt 0.1457513 -0.3977397
vt 0.07572564 -0.2418471
vt 0.05379811 -0.2469667
vt 0.05362317 -0.2544704
vt 0.07920529 -0.2484975
vt 0.02173083 0.001906771
vt -0.002273404 -0.008766421
vt -0.0005305951 -0.01606702
vt 0.02598398 -0.004277666
vt -0.2294617 -0.04990076
vt -0.2206655 -0.07755288
vt -0.2133766 -0.07576187
vt -0.2224776 -0.04715149
vt -0.1614206 -0.3804269
vt -0.133185 -0.3906315
vt -0.1311125 -0.3834175
vt -0.1584024 -0.3735548
vt -0.1266909 -0.4729954
vt -0.09835242 -0.4792358
vt -0.09810701 -0.471734
vt -0.1237625 -0.4660844
vt -0.1036752 -0.4244289
vt -0.07788949 -0.4294507
vt -0.07834212 -0.4219586
vt -0.1004442 -0.4176543
vt -0.07748814 -0.2493959
vt -0.0555606 -0.2545155
vt -0.05573554 -0.2470118
vt -0.07400848 -0.2427454
vt -0.02168736 -0.007232475
vt -0.004541468 -0.01485617
vt -0.002798659 -0.007555564
vt -0.01743421 -0.001048041
vt 0.2199067 -0.05368238
vt 0.2150514 -0.06894584
vt 0.2223403 -0.07073684
vt 0.2268908 -0.05643165
vt 0.151976 -0.3763774
vt 0.1378582 -0.3814796
vt 0.1399308 -0.3886935
vt 0.1549943 -0.3832495
vt 0.1189611 -0.468119
vt 0.1033188 -0.4715636
vt 0.1035642 -0.4790654
vt 0.1218895 -0.4750299
vt 0.09869494 -0.4184885
vt 0.08027658 -0.4220754
vt 0.07982396 -0.4295675
vt 0.101926 -0.4252632
vt 0.08984596 -0.2572794
vt 0.06880812 -0.2492522
vt 0.06446419 -0.2553732
vt 0.08900833 -0.2647383
vt 0.1577223 -0.08522843
vt 0.1365704 -0.06964903
vt 0.1310883 -0.0747757
vt 0.1544522 -0.09198438
vt 0.1998056 -0.2286372
vt 0.2062088 -0.2003351
vt 0.1990154 -0.1981922
vt 0.1923904 -0.2274751
vt 0.04544071 -0.4370444
vt 0.07143225 -0.422017
vt 0.06724857 -0.4157855
vt 0.04212759 -0.4303095
vt -0.01532107 -0.4906957
vt 0.01201771 -0.4809693
vt 0.008250168 -0.4744776
vt -0.01650026 -0.4832831
vt -0.05101646 -0.4273283
vt -0.0259699 -0.4194043
vt -0.02995105 -0.4130414
vt -0.05141952 -0.4198334
vt -0.08708246 -0.2645219
vt -0.06604463 -0.2564947
vt -0.07038856 -0.2503737
vt -0.08792008 -0.2570631
vt -0.1497586 -0.08971252
vt -0.1346501 -0.07858436
vt -0.1401322 -0.07345768
vt -0.1530286 -0.08295656
vt -0.1934773 -0.2205407
vt -0.1970116 -0.2049184
vt -0.204205 -0.2070614
vt -0.2008925 -0.2217028
vt -0.04842543 -0.4272114
vt -0.06142119 -0.4196978
vt -0.06560487 -0.4259294
vt -0.05173855 -0.4339464
vt 0.01135042 -0.4824639
vt -0.003740088 -0.4770952
vt -0.007507627 -0.4835868
vt 0.01017124 -0.4898765
vt 0.04948438 -0.4197293
vt 0.03159397 -0.4140693
vt 0.02761283 -0.4204322
vt 0.04908131 -0.4272242
vt 0.09587775 -0.2879987
vt 0.08247931 -0.2699015
vt 0.07552194 -0.2727178
vt 0.09115343 -0.2938312
vt 0.188085 -0.2458226
vt 0.1803297 -0.2207233
vt 0.172874 -0.2215893
vt 0.1814405 -0.2493134
vt 0.2153202 -0.3382028
vt 0.2207679 -0.3097014
vt 0.2135065 -0.3078015
vt 0.2078701 -0.3372907
vt 0.1567383 -0.4459031
vt 0.1728414 -0.4205641
vt 0.1662512 -0.4169716
vt 0.1506874 -0.441462
vt 0.07760222 -0.4687186
vt 0.09728497 -0.4473972
vt 0.0909313 -0.4434013
vt 0.07311206 -0.462704
vt -0.002352865 -0.402003
vt 0.01592439 -0.3831334
vt 0.009398753 -0.379425
vt -0.00626747 -0.3955989
vt -0.08964751 -0.2926113
vt -0.07624907 -0.2745141
vt -0.08320647 -0.2716979
vt -0.09437183 -0.2867789
vt -0.1790153 -0.2446972
vt -0.1734758 -0.2267691
vt -0.1809314 -0.2259032
vt -0.1856599 -0.2412064
vt -0.208723 -0.3303239
vt -0.21173 -0.3145916
vt -0.2189913 -0.3164914
vt -0.2161731 -0.3312359
vt -0.1548402 -0.4358039
vt -0.1628918 -0.4231343
vt -0.1694821 -0.4267268
vt -0.1608911 -0.440245
vt -0.07729071 -0.4595845
vt -0.08815522 -0.4478155
vt -0.0945089 -0.4518114
vt -0.08178086 -0.4655991
vt 0.004613985 -0.3945881
vt -0.008441199 -0.3811098
vt -0.01496683 -0.3848183
vt 0.0006993794 -0.4009922
vt 0.09424186 -0.3186843
vt 0.09177914 -0.2963021
vt 0.08435009 -0.2952317
vt 0.08722328 -0.3213443
vt 0.1863649 -0.3475667
vt 0.1887806 -0.3214079
vt 0.1815592 -0.3193615
vt 0.1788908 -0.348256
vt 0.2199132 -0.3998211
vt 0.2273301 -0.3717676
vt 0.2202185 -0.3693673
vt 0.2125445 -0.398393
vt 0.1973722 -0.424823
vt 0.2077144 -0.3966375
vt 0.2005106 -0.3945298
vt 0.1905149 -0.4217712
vt 0.1311245 -0.4023817
vt 0.1413534 -0.3752269
vt 0.1339638 -0.3739113
vt 0.1247034 -0.3984951
vt 0.03013637 -0.3505654
vt 0.03732134 -0.3252969
vt 0.02981783 -0.3251142
vt 0.02365927 -0.3467728
vt -0.08653642 -0.3195321
vt -0.0840737 -0.2971499
vt -0.09150275 -0.2982203
vt -0.09355503 -0.3168721
vt -0.178412 -0.3430634
vt -0.1801375 -0.3243786
vt -0.1873589 -0.326425
vt -0.185886 -0.3423742
vt -0.2138799 -0.3915024
vt -0.2179739 -0.3760174
vt -0.2250855 -0.3784176
vt -0.2212486 -0.3929305
vt -0.1933685 -0.4153588
vt -0.1985396 -0.4012661
vt -0.2057433 -0.4033738
vt -0.2002259 -0.4184106
vt -0.1274036 -0.3940341
vt -0.1330498 -0.3790451
vt -0.1404394 -0.3803608
vt -0.1338248 -0.3979207
vt -0.02463843 -0.3451005
vt -0.02977057 -0.3270516
vt -0.03727409 -0.3272343
vt -0.03111553 -0.348893
vt 0.08736217 -0.339776
vt 0.09592576 -0.3189507
vt 0.08991805 -0.3144514
vt 0.07992719 -0.3387476
vt 0.1739817 -0.3954662
vt 0.1852293 -0.3717257
vt 0.1791489 -0.367325
vt 0.1667252 -0.3935483
vt 0.2199803 -0.3972624
vt 0.2309767 -0.3704092
vt 0.2242368 -0.3671059
vt 0.2128595 -0.3948897
vt 0.2169862 -0.3456329
vt 0.2240605 -0.3164552
vt 0.216664 -0.3151792
vt 0.2098266 -0.3433796
vt 0.1525173 -0.285903
vt 0.152825 -0.2568872
vt 0.1454319 -0.2581826
vt 0.1451533 -0.2844512
vt 0.03807213 -0.2815563
vt 0.03215465 -0.2559613
vt 0.02549669 -0.2594265
vt 0.03056882 -0.2813651
vt -0.08019277 -0.3368278
vt -0.08875635 -0.3160026
vt -0.09476405 -0.3205019
vt -0.08762772 -0.3378563
vt -0.1680577 -0.3885069
vt -0.1760916 -0.3715493
vt -0.182172 -0.37595
vt -0.1753143 -0.3904248
vt -0.2150781 -0.3882309
vt -0.2211479 -0.3734084
vt -0.2278877 -0.3767117
vt -0.222199 -0.3906036
vt -0.2119336 -0.3366845
vt -0.2154707 -0.3220957
vt -0.2228673 -0.3233716
vt -0.2190932 -0.3389377
vt -0.146162 -0.2793351
vt -0.1463318 -0.2633189
vt -0.153725 -0.2620236
vt -0.153526 -0.2807869
vt -0.03061815 -0.2794278
vt -0.02639137 -0.2611457
vt -0.03304933 -0.2576804
vt -0.03812145 -0.279619
vt 0.07691276 -0.3495148
vt 0.0943008 -0.335208
vt 0.09113234 -0.3284039
vt 0.07084627 -0.345095
vt 0.1451807 -0.4122949
vt 0.1648519 -0.3948832
vt 0.1609898 -0.3884474
vt 0.1392614 -0.4076799
vt 0.2066677 -0.3620032
vt 0.2240583 -0.3387745
vt 0.2183647 -0.3338838
vt 0.2003714 -0.3579175
vt 0.2296565 -0.2113628
vt 0.2350765 -0.1818331
vt 0.2276199 -0.1809757
vt 0.2223814 -0.2095163
vt 0.1371415 -0.1211358
vt 0.125518 -0.09454812
vt 0.1193071 -0.09876256
vt 0.1298302 -0.122833
vt 0.0162926 -0.2122691
vt -0.001880319 -0.193299
vt -0.005830175 -0.1996814
vt 0.009746618 -0.2159415
vt -0.07198747 -0.3435287
vt -0.08937552 -0.329222
vt -0.092544 -0.3360262
vt -0.07805396 -0.3479484
vt -0.1424677 -0.4035675
vt -0.1565185 -0.3911306
vt -0.1603807 -0.3975664
vt -0.148387 -0.4081824
vt -0.204192 -0.3520298
vt -0.2137913 -0.3392079
vt -0.219485 -0.3440987
vt -0.2104883 -0.3561155
vt -0.224108 -0.2027133
vt -0.226818 -0.1879485
vt -0.2342747 -0.1888059
vt -0.2313831 -0.2045598
vt -0.128651 -0.1177534
vt -0.1222351 -0.1030775
vt -0.1284459 -0.09886307
vt -0.1359624 -0.1160562
vt -0.008798378 -0.2142514
vt 0.004182286 -0.2007013
vt 0.0002324184 -0.1943189
vt -0.01534436 -0.210579
vt 0.07033519 -0.3610876
vt 0.08500636 -0.3582304
vt 0.08530681 -0.3532572
vt 0.06819044 -0.3565906
vt 0.09345741 -0.4301256
vt 0.1104873 -0.4263754
vt 0.1103244 -0.4213958
vt 0.09151353 -0.4255381
vt 0.1321092 -0.3718496
vt 0.1502241 -0.3653028
vt 0.1488483 -0.3605143
vt 0.1301057 -0.3672879
vt 0.2377447 -0.07822569
vt 0.2437858 -0.05923431
vt 0.2389474 -0.05804547
vt 0.2331087 -0.07640076
vt 0.01827719 0.03583026
vt 0.0006769974 0.04365596
vt -0.0004798659 0.03880987
vt 0.01545399 0.03172509
vt -0.04117245 -0.181759
vt -0.05815369 -0.1777942
vt -0.05803757 -0.1827752
vt -0.04348223 -0.1861735
vt -0.06935156 -0.3560368
vt -0.08402275 -0.3531797
vt -0.08372229 -0.3581529
vt -0.07149631 -0.3605338
vt -0.09470063 -0.4241876
vt -0.1068649 -0.4215089
vt -0.1070277 -0.4264885
vt -0.09664451 -0.428775
vt -0.1343714 -0.3654144
vt -0.1443705 -0.3618007
vt -0.1457462 -0.3665893
vt -0.1363749 -0.3699761
vt -0.2348152 -0.07206573
vt -0.2378358 -0.06257005
vt -0.2426741 -0.06375889
vt -0.2394512 -0.07389067
vt -0.01260193 0.0336865
vt -0.002886968 0.03800615
vt -0.004043828 0.04285225
vt -0.01542515 0.03779169
vt 0.04462205 -0.1855772
vt 0.05675151 -0.1827453
vt 0.05686762 -0.1777643
vt 0.04231229 -0.1811627
vt 0.05176979 -0.3557457
vt 0.06602041 -0.3602541
vt 0.06866308 -0.3560305
vt 0.05203734 -0.3507706
vt 0.009599181 -0.4366907
vt 0.02602834 -0.4425357
vt 0.02852921 -0.4382266
vt 0.01038192 -0.4317703
vt -0.05798849 -0.408985
vt -0.04131337 -0.418626
vt -0.03853626 -0.4144894
vt -0.05578927 -0.4045144
vt -0.2213202 -0.2081407
vt -0.2169226 -0.2275785
vt -0.2121477 -0.226156
vt -0.216398 -0.2073693
vt -0.167171 -0.03356498
vt -0.1826798 -0.04498798
vt -0.1790408 -0.04839104
vt -0.1650003 -0.03804953
vt -0.09456851 -0.1881193
vt -0.1108607 -0.1943358
vt -0.1079773 -0.1983988
vt -0.0940125 -0.1930704
vt -0.05332189 -0.3508397
vt -0.06757252 -0.3553482
vt -0.06492986 -0.3595719
vt -0.05305434 -0.3558148
vt -0.01380032 -0.4323141
vt -0.02553543 -0.4364891
vt -0.02303456 -0.4407982
vt -0.01301758 -0.4372345
vt 0.05160868 -0.406571
vt 0.04240432 -0.4118926
vt 0.04518141 -0.4160291
vt 0.0538079 -0.4110416
vt 0.2156766 -0.211972
vt 0.2134778 -0.2216909
vt 0.2182527 -0.2231134
vt 0.2205988 -0.2127434
vt 0.1681159 -0.03955766
vt 0.1766765 -0.04586295
vt 0.1803155 -0.0424599
vt 0.1702866 -0.03507311
vt 0.09529088 -0.193214
vt 0.1069282 -0.1976544
vt 0.1098116 -0.1935913
vt 0.09584688 -0.1882629
vt 0.03675402 -0.3393635
vt 0.04715315 -0.3500997
vt 0.05148482 -0.3476381
vt 0.03935251 -0.3351125
vt -0.05778446 -0.4181988
vt -0.04595618 -0.4310118
vt -0.04173866 -0.4283594
vt -0.05480393 -0.4142064
vt -0.1550365 -0.4150904
vt -0.1447054 -0.431347
vt -0.1403308 -0.4289623
vt -0.15102 -0.4121425
vt -0.2361208 -0.3168034
vt -0.2323794 -0.3363781
vt -0.2275594 -0.335117
vt -0.2311755 -0.3161979
vt -0.2262014 -0.2097457
vt -0.2318877 -0.2281488
vt -0.2269388 -0.2287236
vt -0.2217908 -0.2120629
vt -0.1368593 -0.2322402
vt -0.1472353 -0.2462551
vt -0.1426171 -0.2481245
vt -0.1337233 -0.2361117
vt -0.04045006 -0.3357835
vt -0.05084919 -0.3465196
vt -0.04651751 -0.3489813
vt -0.03785158 -0.3400345
vt 0.05203025 -0.4162771
vt 0.04358148 -0.4254293
vt 0.047799 -0.4280817
vt 0.0550108 -0.4202695
vt 0.1482633 -0.4158983
vt 0.1425607 -0.4248716
vt 0.1469353 -0.4272562
vt 0.1522799 -0.4188463
vt 0.2306093 -0.3208224
vt 0.2287386 -0.3306098
vt 0.2335586 -0.3318709
vt 0.2355546 -0.3214279
vt 0.2234006 -0.2151271
vt 0.2265394 -0.2252853
vt 0.2314884 -0.2247104
vt 0.2278112 -0.2128099
vt 0.1347229 -0.2369214
vt 0.1421344 -0.2469321
vt 0.1467526 -0.2450627
vt 0.1378589 -0.2330499
vt 0.02953348 -0.3116374
vt 0.0336215 -0.3260143
vt 0.0386023 -0.325893
vt 0.03383294 -0.3091199
vt -0.0939672 -0.3630133
vt -0.08782018 -0.3793319
vt -0.08291506 -0.3784586
vt -0.08970492 -0.3604334
vt -0.1892356 -0.3950396
vt -0.1826005 -0.4131223
vt -0.1778187 -0.4117233
vt -0.1846837 -0.3930139
vt -0.2421056 -0.3798412
vt -0.2370117 -0.3991083
vt -0.2322911 -0.397515
vt -0.2372144 -0.3788932
vt -0.2351953 -0.328696
vt -0.233424 -0.3478759
vt -0.2286305 -0.3465176
vt -0.2302341 -0.3291535
vt -0.157471 -0.2911106
vt -0.1593782 -0.3084439
vt -0.1544468 -0.3077334
vt -0.1528121 -0.2928763
vt -0.03448289 -0.3102301
vt -0.03857091 -0.324607
vt -0.03359011 -0.3247283
vt -0.03018343 -0.3127475
vt 0.08791248 -0.3633946
vt 0.08352175 -0.3750508
vt 0.08842687 -0.3759241
vt 0.09217475 -0.3659745
vt 0.1827895 -0.3972704
vt 0.179127 -0.4072518
vt 0.1839088 -0.4086508
vt 0.1873413 -0.3992962
vt 0.2363279 -0.3834671
vt 0.233781 -0.3931007
vt 0.2385016 -0.3946939
vt 0.2412192 -0.3844151
vt 0.230552 -0.3326003
vt 0.2295742 -0.3431873
vt 0.2343678 -0.3445457
vt 0.2355132 -0.3321427
vt 0.1532679 -0.2940792
vt 0.1546302 -0.3064602
vt 0.1595616 -0.3071706
vt 0.1579268 -0.2923135
vt 0.03272169 -0.276318
vt 0.02935484 -0.2908807
vt 0.03377435 -0.2931809
vt 0.03770234 -0.2761911
vt -0.1042994 -0.2617208
vt -0.1041146 -0.2791578
vt -0.09920705 -0.2800176
vt -0.09941129 -0.2607571
vt -0.2055649 -0.3170525
vt -0.2010263 -0.3357718
vt -0.1961166 -0.3349248
vt -0.2008124 -0.3155569
vt -0.2444917 -0.3803765
vt -0.2369394 -0.3988191
vt -0.2324656 -0.3966265
vt -0.2397649 -0.3788015
vt -0.2261304 -0.394492
vt -0.2178836 -0.4118989
vt -0.2138475 -0.4089777
vt -0.2213135 -0.3932189
vt -0.1558157 -0.3458463
vt -0.1491838 -0.3619739
vt -0.145196 -0.3589873
vt -0.1508804 -0.3451636
vt -0.0377351 -0.2774771
vt -0.03436825 -0.2920397
vt -0.02994874 -0.2897395
vt -0.03275444 -0.277604
vt 0.09874161 -0.2641532
vt 0.09860954 -0.2766081
vt 0.103517 -0.2757483
vt 0.1036298 -0.2651169
vt 0.1994139 -0.3200011
vt 0.1969087 -0.3303337
vt 0.2018184 -0.3311807
vt 0.2041664 -0.3214967
vt 0.2382921 -0.3832215
vt 0.234516 -0.3924429
vt 0.2389898 -0.3946356
vt 0.2430189 -0.3847965
vt 0.220429 -0.3965654
vt 0.2158769 -0.4061736
vt 0.219913 -0.4090948
vt 0.2252459 -0.3978385
vt 0.1507041 -0.3464379
vt 0.1459671 -0.3579576
vt 0.1499549 -0.3609442
vt 0.1556394 -0.3471206
vt 0.04696326 -0.2439815
vt 0.0366235 -0.2547748
vt 0.03924539 -0.2590114
vt 0.05130845 -0.2464192
vt -0.08344208 -0.1189886
vt -0.0904272 -0.1349664
vt -0.08630447 -0.1377639
vt -0.07858885 -0.1201152
vt -0.2166551 -0.1836682
vt -0.2131778 -0.2026133
vt -0.2082281 -0.2020441
vt -0.2118259 -0.1824425
vt -0.2344833 -0.3519434
vt -0.2225395 -0.3678968
vt -0.2187601 -0.3646504
vt -0.2303039 -0.3492313
vt -0.1932889 -0.4319202
vt -0.1788658 -0.4446866
vt -0.1763021 -0.4404145
vt -0.1893597 -0.4288568
vt -0.1341111 -0.387196
vt -0.1206454 -0.3982754
vt -0.1185421 -0.3937589
vt -0.1300842 -0.3842621
vt -0.05067901 -0.247541
vt -0.04033923 -0.2583343
vt -0.03771734 -0.2540978
vt -0.04633382 -0.2451033
vt 0.0793715 -0.1234869
vt 0.08436089 -0.1348996
vt 0.08848362 -0.1321021
vt 0.08422472 -0.1223604
vt 0.2106798 -0.1869583
vt 0.2087604 -0.1974156
vt 0.21371 -0.1979848
vt 0.2155089 -0.188184
vt 0.2277678 -0.3531396
vt 0.2217958 -0.3611163
vt 0.2255752 -0.3643627
vt 0.2319472 -0.3558517
vt 0.1872314 -0.4315866
vt 0.1792701 -0.4386334
vt 0.1818338 -0.4429055
vt 0.1911606 -0.43465
vt 0.1293267 -0.3853019
vt 0.1197083 -0.3932158
vt 0.1218115 -0.3977324
vt 0.1333536 -0.3882357
vt 0.06908907 -0.2301089
vt 0.05453373 -0.2335072
vt 0.0544176 -0.2384882
vt 0.07139884 -0.2345234
vt 0.01397789 0.008452579
vt -0.001955963 0.001367801
vt -0.0007991047 -0.003478291
vt 0.01680109 0.004347404
vt -0.2306628 -0.05541084
vt -0.224824 -0.07376613
vt -0.2199856 -0.07257726
vt -0.2260268 -0.05358591
vt -0.1551825 -0.3780404
vt -0.1364399 -0.3848141
vt -0.1350642 -0.3800256
vt -0.153179 -0.3734787
vt -0.119576 -0.4634083
vt -0.1007652 -0.4675507
vt -0.1006023 -0.4625711
vt -0.1176322 -0.4588209
vt -0.09644259 -0.4104378
vt -0.07932621 -0.4137712
vt -0.07962666 -0.408798
vt -0.09429784 -0.4059408
vt -0.07025899 -0.2351197
vt -0.05570365 -0.238518
vt -0.05581977 -0.2335372
vt -0.06794922 -0.2307051
vt -0.01394901 0.002385968
vt -0.0025677 -0.002674601
vt -0.001410825 0.002171501
vt -0.01112581 0.006491142
vt 0.2243202 -0.05792091
vt 0.2210973 -0.06805269
vt 0.2259357 -0.06924154
vt 0.2289563 -0.05974586
vt 0.1489133 -0.3753524
vt 0.139542 -0.3787393
vt 0.1409177 -0.3835278
vt 0.1509168 -0.3799141
vt 0.114445 -0.4601714
vt 0.1040618 -0.4624579
vt 0.1042247 -0.4674375
vt 0.1163889 -0.4647588
vt 0.09313671 -0.4064946
vt 0.08091073 -0.4088755
vt 0.08061028 -0.4138487
vt 0.09528146 -0.4109916
vt 0.09064936 -0.2438121
vt 0.07668459 -0.2384836
vt 0.07380112 -0.2425467
vt 0.09009335 -0.2487632
vt 0.1593381 -0.07514127
vt 0.1452976 -0.06479976
vt 0.1416586 -0.06820281
vt 0.1571674 -0.07962582
vt 0.2036681 -0.2242377
vt 0.2079185 -0.205451
vt 0.2031436 -0.2040285
vt 0.198746 -0.2234663
vt 0.04786415 -0.430623
vt 0.06511716 -0.4206479
vt 0.06234006 -0.4165114
vt 0.04566493 -0.4261524
vt -0.0141096 -0.4787571
vt 0.004037698 -0.4723008
vt 0.001536829 -0.4679917
vt -0.01489234 -0.4738367
vt -0.05109138 -0.411572
vt -0.03446564 -0.4063121
vt -0.03710829 -0.4020885
vt -0.05135893 -0.406597
vt -0.08881502 -0.2486195
vt -0.07485025 -0.2432911
vt -0.07773373 -0.239228
vt -0.08937103 -0.2436684
vt -0.1540518 -0.07811765
vt -0.1440229 -0.07073085
vt -0.1476619 -0.0673278
vt -0.1562224 -0.07363307
vt -0.1994673 -0.2188634
vt -0.2018135 -0.2084935
vt -0.2065883 -0.209916
vt -0.2043895 -0.2196349
vt -0.04984535 -0.4240958
vt -0.05847185 -0.4191083
vt -0.06124894 -0.4232449
vt -0.05204458 -0.4285665
vt 0.01147394 -0.4732929
vt 0.001456967 -0.4697292
vt -0.001043912 -0.4740383
vt 0.01069121 -0.4782133
vt 0.05007437 -0.4065278
vt 0.03819884 -0.4027708
vt 0.03555619 -0.4069944
vt 0.04980681 -0.4115029
vt 0.1035517 -0.2770469
vt 0.0946579 -0.2650341
vt 0.09003963 -0.2669035
vt 0.1004157 -0.2809184
vt 0.1951966 -0.2385315
vt 0.1900486 -0.2218708
vt 0.1850996 -0.2224457
vt 0.1907859 -0.2408487
vt 0.2190202 -0.3334848
vt 0.2226363 -0.3145657
vt 0.2178162 -0.3133047
vt 0.2140748 -0.3328794
vt 0.1560593 -0.4389579
vt 0.1667485 -0.422138
vt 0.162374 -0.4197534
vt 0.1520428 -0.4360099
vt 0.07334816 -0.4575396
vt 0.08641343 -0.4433866
vt 0.0821959 -0.4407341
vt 0.07036762 -0.4535471
vt -0.009640862 -0.3881684
vt 0.002491445 -0.3756429
vt -0.001840232 -0.3731813
vt -0.01223935 -0.3839174
vt -0.09941612 -0.2801087
vt -0.09052233 -0.2680959
vt -0.09514061 -0.2662266
vt -0.1025521 -0.2762372
vt -0.1891761 -0.2377845
vt -0.185499 -0.225884
vt -0.190448 -0.2253092
vt -0.1935868 -0.2354673
vt -0.2146409 -0.3282551
vt -0.216637 -0.3178121
vt -0.221457 -0.3190731
vt -0.2195863 -0.3288605
vt -0.1547995 -0.432254
vt -0.1601441 -0.4238441
vt -0.1645187 -0.4262287
vt -0.158816 -0.435202
vt -0.07314132 -0.4514764
vt -0.08035311 -0.4436642
vt -0.08457063 -0.4463167
vt -0.07612186 -0.4554688
vt 0.01114177 -0.3832465
vt 0.002475834 -0.3742997
vt -0.001855838 -0.3767613
vt 0.008543289 -0.3874975
vt 0.1061317 -0.3130496
vt 0.104497 -0.2981924
vt 0.09956561 -0.2974819
vt 0.1014728 -0.3148153
vt 0.1955484 -0.3434625
vt 0.197152 -0.3260984
vt 0.1923584 -0.32474
vt 0.1905872 -0.34392
vt 0.2238861 -0.3952928
vt 0.2288094 -0.3766711
vt 0.2240887 -0.3750778
vt 0.2189948 -0.3943449
vt 0.195314 -0.4181429
vt 0.2021791 -0.3994335
vt 0.1973973 -0.3980344
vt 0.1907622 -0.4161171
vt 0.1231727 -0.3936232
vt 0.1299625 -0.375598
vt 0.1250574 -0.3747247
vt 0.1189104 -0.3910433
vt 0.01743137 -0.341826
vt 0.02220071 -0.3250529
vt 0.01721993 -0.3249316
vt 0.01313191 -0.3393085
vt -0.1010169 -0.3136124
vt -0.09938216 -0.2987552
vt -0.1043135 -0.2994657
vt -0.1056758 -0.3118467
vt -0.1902693 -0.3404732
vt -0.1914147 -0.3280703
vt -0.1962082 -0.3294286
vt -0.1952305 -0.3400156
vt -0.2198813 -0.389771
vt -0.2225988 -0.3794922
vt -0.2273194 -0.3810855
vt -0.2247725 -0.390719
vt -0.1926565 -0.4118606
vt -0.196089 -0.402506
vt -0.2008708 -0.4039051
vt -0.1972083 -0.4138864
vt -0.1207028 -0.3880821
vt -0.1244507 -0.3781325
vt -0.1293558 -0.3790058
vt -0.1249651 -0.390662
vt -0.01378186 -0.3381984
vt -0.01718853 -0.3262176
vt -0.02216933 -0.3263389
vt -0.01808131 -0.3407158
vt 0.1002417 -0.3405016
vt 0.1059261 -0.3266779
vt 0.1019382 -0.3236913
vt 0.09530638 -0.3398189
vt 0.1838237 -0.3947534
vt 0.1912897 -0.3789945
vt 0.1872536 -0.3760734
vt 0.1790068 -0.3934803
vt 0.2244202 -0.3933318
vt 0.2317195 -0.3755069
vt 0.2272457 -0.3733142
vt 0.2196935 -0.3917569
vt 0.2142278 -0.3393161
vt 0.2189237 -0.3199481
vt 0.214014 -0.3191012
vt 0.2094754 -0.3378204
vt 0.1422237 -0.2804737
vt 0.1424279 -0.2612132
vt 0.1375204 -0.262073
vt 0.1373355 -0.27951
vt 0.02298328 -0.2800587
vt 0.0190553 -0.2630689
vt 0.01463578 -0.2653691
vt 0.01800263 -0.2799317
vt -0.09548266 -0.3385447
vt -0.1011671 -0.324721
vt -0.105155 -0.3277076
vt -0.1004179 -0.3392273
vt -0.1798913 -0.3901338
vt -0.1852242 -0.3788775
vt -0.1892602 -0.3817986
vt -0.1847082 -0.3914068
vt -0.2211662 -0.3873368
vt -0.2251953 -0.3774978
vt -0.2296691 -0.3796904
vt -0.225893 -0.3889118
vt -0.210874 -0.3333763
vt -0.213222 -0.3236923
vt -0.2181317 -0.3245393
vt -0.2156265 -0.3348719
vt -0.138005 -0.276114
vt -0.1381178 -0.2654825
vt -0.1430253 -0.2646227
vt -0.1428932 -0.2770777
vt -0.01803535 -0.2786457
vt -0.01522966 -0.2665101
vt -0.01964916 -0.2642099
vt -0.02301601 -0.2787726
vt 0.08765905 -0.3562243
vt 0.09920112 -0.3467276
vt 0.0970979 -0.342211
vt 0.08363215 -0.3532905
vt 0.1542821 -0.4155371
vt 0.1673397 -0.4039794
vt 0.1647761 -0.3997073
vt 0.1503529 -0.4124737
vt 0.2118006 -0.3594399
vt 0.2233444 -0.3440209
vt 0.2195651 -0.3407744
vt 0.2076212 -0.3567279
vt 0.2265579 -0.2054084
vt 0.2301557 -0.1858068
vt 0.225206 -0.1852376
vt 0.2217287 -0.2041827
vt 0.1257214 -0.1205316
vt 0.1180058 -0.1028829
vt 0.1138831 -0.1056804
vt 0.1208682 -0.1216582
vt 0.002821386 -0.2187124
vt -0.009241669 -0.2061201
vt -0.01186356 -0.2103567
vt -0.001523797 -0.2211501
vt -0.08438966 -0.3522508
vt -0.09593172 -0.3427541
vt -0.09803493 -0.3472707
vt -0.08841656 -0.3551846
vt -0.1524813 -0.4097439
vt -0.1618081 -0.4014884
vt -0.1643718 -0.4057605
vt -0.1564105 -0.4128073
vt -0.2101573 -0.3528197
vt -0.2165293 -0.3443086
vt -0.2203086 -0.347555
vt -0.2143367 -0.3555318
vt -0.2228749 -0.199667
vt -0.2246738 -0.1898662
vt -0.2296235 -0.1904353
vt -0.2277041 -0.2008927
vt -0.1200855 -0.1182865
vt -0.1158266 -0.1085447
vt -0.1199493 -0.1057472
vt -0.1249387 -0.1171599
vt 0.00215322 -0.2200281
vt 0.0107697 -0.2110337
vt 0.00814782 -0.2067971
vt -0.002191958 -0.2175904
vt -0.2225073 -0.395018
vt -0.2184956 -0.4073215
vt -0.1709587 -0.3918217
vt -0.1749704 -0.3795183
vt -0.2330821 -0.3544334
vt -0.2289524 -0.3666978
vt -0.1815666 -0.3507421
vt -0.1856962 -0.3384778
vt -0.2381844 -0.2752258
vt -0.2325706 -0.2868857
vt -0.1875202 -0.2651955
vt -0.1931341 -0.2535356
vt -0.1883117 -0.2761453
vt -0.1773506 -0.2830245
vt -0.1507714 -0.2406742
vt -0.1617325 -0.233795
vt 0.1153026 -0.3558359
vt 0.1244994 -0.3467316
vt 0.08932306 -0.3111981
vt 0.08012633 -0.3203024
vt 0.1969579 -0.3893024
vt 0.2020392 -0.3774007
vt 0.1560549 -0.3577681
vt 0.1509736 -0.3696698
vt 0.2184956 -0.4073215
vt 0.2225073 -0.3950181
vt 0.1749704 -0.3795183
vt 0.1709587 -0.3918217
vt 0.2289524 -0.3666977
vt 0.233082 -0.3544334
vt 0.1856962 -0.3384777
vt 0.1815666 -0.3507421
vt 0.2325706 -0.2868858
vt 0.2381844 -0.2752258
vt 0.1931341 -0.2535356
vt 0.1875202 -0.2651955
vt 0.1773506 -0.2830245
vt 0.1883117 -0.2761453
vt 0.1617325 -0.233795
vt 0.1507715 -0.2406742
vt -0.1244994 -0.3467316
vt -0.1153026 -0.3558359
vt -0.08012633 -0.3203024
vt -0.08932307 -0.3111981
vt -0.2020393 -0.3774008
vt -0.196958 -0.3893024
vt -0.1509736 -0.3696698
vt -0.1560549 -0.3577681
vt 0.08264565 -0.284584
vt 0.07036877 -0.2804917
vt 0.05769055 -0.2830861
vt 0.04800808 -0.291672
vt 0.0439158 -0.3039489
vt 0.0465102 -0.3166271
vt 0.05509613 -0.3263096
vt 0.067373 -0.3304019
vt 0.08005123 -0.3278075
vt 0.08973368 -0.3192216
vt 0.09382598 -0.3069447
vt 0.09123157 -0.2942664
vt -0.09123157 -0.2942664
vt -0.09382598 -0.3069447
vt -0.08973369 -0.3192216
vt -0.08005123 -0.3278075
vt -0.06737299 -0.3304019
vt -0.05509614 -0.3263096
vt -0.0465102 -0.3166271
vt -0.04391579 -0.3039489
vt -0.04800809 -0.2916721
vt -0.05769054 -0.2830861
vt -0.07036877 -0.2804917
vt -0.08264565 -0.284584
vt 0.07577892 -0.3717774
vt 0.08397192 -0.3701818
vt 0.0841397 -0.3674046
vt 0.07458121 -0.3692661
vt 0.09925874 -0.4385682
vt 0.1087689 -0.4364739
vt 0.108678 -0.4336931
vt 0.09817319 -0.4360064
vt 0.1377482 -0.3749408
vt 0.1478643 -0.3712848
vt 0.147096 -0.3686106
vt 0.1366293 -0.3723933
vt 0.2379252 -0.07366709
vt 0.2412989 -0.06306153
vt 0.238597 -0.06239762
vt 0.2353363 -0.07264796
vt 0.01140938 0.03085118
vt 0.001580707 0.03522137
vt 0.0009346611 0.03251511
vt 0.00983279 0.02855868
vt -0.04766346 -0.1926273
vt -0.05714649 -0.1904132
vt -0.05708164 -0.1931947
vt -0.04895333 -0.1950925
vt -0.07522962 -0.3689568
vt -0.08342262 -0.3673612
vt -0.08325484 -0.3701385
vt -0.07642733 -0.3714681
vt -0.099953 -0.4352522
vt -0.106746 -0.4337563
vt -0.106837 -0.4365371
vt -0.1010385 -0.437814
vt -0.1390114 -0.3713471
vt -0.1445953 -0.369329
vt -0.1453636 -0.3720032
vt -0.1401303 -0.3738945
vt -0.2362893 -0.07022621
vt -0.2379761 -0.06492341
vt -0.2406781 -0.06558732
vt -0.2388783 -0.07124533
vt -0.008240085 0.02965409
vt -0.00281484 0.03206637
vt -0.003460881 0.03477263
vt -0.00981669 0.0319466
vt 0.04958989 -0.1947597
vt 0.05636349 -0.1931782
vt 0.05642833 -0.1903966
vt 0.04830002 -0.1922944
vt 0.05143716 -0.3677371
vt 0.0593953 -0.3702548
vt 0.06087106 -0.3678962
vt 0.05158657 -0.3649589
vt 0.01004455 -0.4469247
vt 0.01921927 -0.4501888
vt 0.02061586 -0.4477824
vt 0.01048166 -0.444177
vt -0.05672135 -0.4152896
vt -0.04740926 -0.4206735
vt -0.04585842 -0.4183635
vt -0.05549321 -0.412793
vt -0.219169 -0.2121651
vt -0.2167132 -0.22302
vt -0.2140467 -0.2222256
vt -0.2164202 -0.2117343
vt -0.166242 -0.04199688
vt -0.1749028 -0.04837595
vt -0.1728706 -0.05027635
vt -0.1650298 -0.04450125
vt -0.09386636 -0.2007589
vt -0.1029646 -0.2042304
vt -0.1013544 -0.2064994
vt -0.09355586 -0.2035238
vt -0.05230392 -0.3649974
vt -0.06026205 -0.3675151
vt -0.05878628 -0.3698738
vt -0.0521545 -0.3677757
vt -0.01239062 -0.4444807
vt -0.01894398 -0.4468122
vt -0.0175474 -0.4492186
vt -0.01195351 -0.4472284
vt 0.05315859 -0.4139415
vt 0.0480185 -0.4169133
vt 0.04956935 -0.4192233
vt 0.05438673 -0.4164381
vt 0.2160174 -0.2143047
vt 0.2147895 -0.2197321
vt 0.217456 -0.2205265
vt 0.2187661 -0.2147355
vt 0.1667698 -0.04534334
vt 0.1715503 -0.04886446
vt 0.1735825 -0.04696405
vt 0.167982 -0.04283897
vt 0.09426972 -0.2036041
vt 0.1007685 -0.2060837
vt 0.1023787 -0.2038148
vt 0.09458022 -0.2008392
vt 0.03076564 -0.349758
vt 0.03657294 -0.3557535
vt 0.03899194 -0.3543788
vt 0.03221675 -0.347384
vt -0.06214803 -0.4274666
vt -0.05554263 -0.4346219
vt -0.05318739 -0.4331407
vt -0.06048358 -0.425237
vt -0.1568268 -0.4212667
vt -0.1510574 -0.4303451
vt -0.1486145 -0.4290134
vt -0.1545838 -0.4196205
vt -0.2341062 -0.3208979
vt -0.2320168 -0.3318292
vt -0.2293251 -0.331125
vt -0.2313445 -0.3205598
vt -0.220444 -0.2159755
vt -0.2236195 -0.2262526
vt -0.2208558 -0.2265736
vt -0.2179809 -0.2172695
vt -0.1294578 -0.2425101
vt -0.1352522 -0.2503366
vt -0.1326732 -0.2513806
vt -0.1277065 -0.2446721
vt -0.03282966 -0.3477588
vt -0.03863696 -0.3537543
vt -0.03621798 -0.355129
vt -0.03137856 -0.3501327
vt 0.05893471 -0.4263934
vt 0.05421656 -0.4315043
vt 0.05657179 -0.4329856
vt 0.06059916 -0.4286229
vt 0.1530443 -0.4217179
vt 0.1498598 -0.426729
vt 0.1523027 -0.4280607
vt 0.1552873 -0.4233642
vt 0.2310283 -0.3231422
vt 0.2299837 -0.3286079
vt 0.2326754 -0.3293121
vt 0.23379 -0.3234803
vt 0.2188799 -0.2189808
vt 0.2206328 -0.2246536
vt 0.2233965 -0.2243325
vt 0.221343 -0.2176868
vt 0.1282647 -0.2451243
vt 0.1324036 -0.2507147
vt 0.1349826 -0.2496707
vt 0.130016 -0.2429623
vt 0.01934244 -0.3179659
vt 0.02162536 -0.3259946
vt 0.02440684 -0.3259268
vt 0.02174344 -0.3165601
vt -0.1014933 -0.3699624
vt -0.0980606 -0.3790753
vt -0.09532138 -0.3785877
vt -0.09911312 -0.3685217
vt -0.1922992 -0.4006936
vt -0.1885939 -0.4107917
vt -0.1859236 -0.4100104
vt -0.1897573 -0.3995623
vt -0.2398111 -0.3837857
vt -0.2369664 -0.3945452
vt -0.2343302 -0.3936555
vt -0.2370796 -0.3832563
vt -0.2274954 -0.3322555
vt -0.2265062 -0.3429664
vt -0.2238293 -0.3422078
vt -0.2247248 -0.332511
vt -0.1459049 -0.2962564
vt -0.1469699 -0.305936
vt -0.1442161 -0.3055393
vt -0.1433031 -0.2972424
vt -0.02210644 -0.31718
vt -0.02438936 -0.3252086
vt -0.02160788 -0.3252764
vt -0.01970544 -0.3185858
vt 0.09811224 -0.3701753
vt 0.09566028 -0.3766846
vt 0.0983995 -0.3771723
vt 0.1004925 -0.3716161
vt 0.1886994 -0.4019393
vt 0.1866542 -0.4075133
vt 0.1893245 -0.4082946
vt 0.1912414 -0.4030706
vt 0.2365846 -0.3858105
vt 0.2351623 -0.3911903
vt 0.2377985 -0.39208
vt 0.2393161 -0.3863399
vt 0.2249023 -0.3344359
vt 0.2243564 -0.3403481
vt 0.2270333 -0.3411066
vt 0.2276729 -0.3341803
vt 0.1435576 -0.2979141
vt 0.1443184 -0.3048282
vt 0.1470723 -0.305225
vt 0.1461594 -0.2969281
vt 0.02074149 -0.2769351
vt 0.01886131 -0.2850675
vt 0.02132935 -0.286352
vt 0.02352289 -0.2768642
vt -0.1137507 -0.2656711
vt -0.1136474 -0.2754087
vt -0.1109069 -0.2758888
vt -0.1110209 -0.265133
vt -0.2092509 -0.3223222
vt -0.2067164 -0.3327757
vt -0.2039746 -0.3323027
vt -0.2065969 -0.3214869
vt -0.2417044 -0.3839896
vt -0.2374869 -0.3942887
vt -0.2349885 -0.3930642
vt -0.2390648 -0.38311
vt -0.2176764 -0.3951924
vt -0.2130711 -0.4049131
vt -0.2108171 -0.4032819
vt -0.2149865 -0.3944815
vt -0.1431982 -0.3448206
vt -0.1394947 -0.3538269
vt -0.1372677 -0.352159
vt -0.1404421 -0.3444393
vt -0.02354113 -0.2775824
vt -0.02166094 -0.2857148
vt -0.0191929 -0.2844302
vt -0.02075972 -0.2776533
vt 0.1106471 -0.2670295
vt 0.1105733 -0.2739848
vt 0.1133139 -0.2735047
vt 0.1133768 -0.2675676
vt 0.2058158 -0.3239686
vt 0.2044168 -0.3297388
vt 0.2071586 -0.3302118
vt 0.2084698 -0.3248039
vt 0.2382423 -0.3855785
vt 0.2361336 -0.390728
vt 0.238632 -0.3919525
vt 0.240882 -0.386458
vt 0.2144926 -0.3963503
vt 0.2119505 -0.4017159
vt 0.2142044 -0.4033473
vt 0.2171825 -0.3970613
vt 0.1403436 -0.3451509
vt 0.1376983 -0.351584
vt 0.1399253 -0.3532518
vt 0.1430997 -0.3455321
vt 0.03635206 -0.2383859
vt 0.03057789 -0.2444134
vt 0.03204206 -0.2467793
vt 0.03877858 -0.2397472
vt -0.0936821 -0.1187137
vt -0.09758289 -0.1276363
vt -0.0952806 -0.1291986
vt -0.09097187 -0.1193428
vt -0.2206319 -0.1887218
vt -0.21869 -0.1993016
vt -0.215926 -0.1989837
vt -0.2179351 -0.1880374
vt -0.2308776 -0.3547404
vt -0.2242077 -0.3636494
vt -0.2220971 -0.3618365
vt -0.2285437 -0.3532258
vt -0.1852396 -0.4292426
vt -0.1771852 -0.4363719
vt -0.1757535 -0.4339861
vt -0.1830454 -0.4275319
vt -0.1234759 -0.3803296
vt -0.1159561 -0.3865168
vt -0.1147816 -0.3839946
vt -0.1212271 -0.3786912
vt -0.03842707 -0.2403738
vt -0.03265292 -0.2464012
vt -0.03118875 -0.2440353
vt -0.03600053 -0.2390124
vt 0.09140902 -0.1212257
vt 0.09419528 -0.1275991
vt 0.0964976 -0.1260368
vt 0.09411927 -0.1205966
vt 0.217295 -0.1905591
vt 0.2162232 -0.1963989
vt 0.2189872 -0.1967168
vt 0.2199918 -0.1912436
vt 0.2271274 -0.3554084
vt 0.2237924 -0.359863
vt 0.225903 -0.3616759
vt 0.2294614 -0.356923
vt 0.1818569 -0.4290563
vt 0.177411 -0.4329915
vt 0.1788427 -0.4353772
vt 0.1840512 -0.430767
vt 0.1208041 -0.3792718
vt 0.1154328 -0.3836913
vt 0.1166073 -0.3862135
vt 0.1230529 -0.3809102
vt 0.06325326 -0.2196279
vt 0.05512495 -0.2215256
vt 0.0550601 -0.2243072
vt 0.06454314 -0.2220931
vt 0.006603266 0.01556223
vt -0.002294863 0.0116058
vt -0.001648818 0.008899543
vt 0.008179859 0.01326973
vt -0.2339705 -0.06092583
vt -0.2307098 -0.07117619
vt -0.2280079 -0.07051227
vt -0.2313816 -0.05990671
vt -0.1506332 -0.3783981
vt -0.1401666 -0.3821808
vt -0.1393983 -0.3795066
vt -0.1495144 -0.3758506
vt -0.1138444 -0.4571547
vt -0.1033397 -0.4594679
vt -0.1032487 -0.4566871
vt -0.1127589 -0.4545929
vt -0.09035837 -0.3993366
vt -0.08079989 -0.4011981
vt -0.08096766 -0.3984209
vt -0.08916067 -0.3968253
vt -0.0639066 -0.2224261
vt -0.05577829 -0.2243239
vt -0.05584314 -0.2215423
vt -0.06261674 -0.2199608
vt -0.006587094 0.0121746
vt -0.0002312841 0.009348576
vt 0.0004147617 0.01205483
vt -0.005010488 0.01446711
vt 0.2304285 -0.06232684
vt 0.2286287 -0.06798486
vt 0.2313306 -0.06864876
vt 0.2330174 -0.06334596
vt 0.1471322 -0.376897
vt 0.1418989 -0.3787884
vt 0.1426671 -0.3814625
vt 0.148251 -0.3794444
vt 0.1109791 -0.455347
vt 0.1051806 -0.4566239
vt 0.1052716 -0.4594047
vt 0.1120646 -0.4579088
vt 0.08851222 -0.3971345
vt 0.08168472 -0.3984641
vt 0.08151694 -0.4012414
vt 0.08970993 -0.3996458
vt 0.09167774 -0.23186
vt 0.08387925 -0.2288844
vt 0.082269 -0.2311534
vt 0.09136724 -0.234625
vt 0.1618679 -0.06521474
vt 0.1540271 -0.05943962
vt 0.1519949 -0.06134003
vt 0.1606557 -0.0677191
vt 0.2093113 -0.2211545
vt 0.2116849 -0.2106632
vt 0.2090184 -0.2098689
vt 0.2065626 -0.2207237
vt 0.05106755 -0.4273731
vt 0.06070234 -0.4218026
vt 0.05915149 -0.4194926
vt 0.04983941 -0.4248765
vt -0.01256334 -0.4704164
vt -0.002429137 -0.4668109
vt -0.003825725 -0.4644045
vt -0.01300044 -0.4676686
vt -0.05105831 -0.3989128
vt -0.04177381 -0.3959755
vt -0.04324958 -0.3936169
vt -0.05120772 -0.3961346
vt -0.09065338 -0.2345447
vt -0.08285488 -0.2315691
vt -0.08446513 -0.2293001
vt -0.09096389 -0.2317798
vt -0.1589158 -0.06687689
vt -0.1533152 -0.06275181
vt -0.1553474 -0.0608514
vt -0.160128 -0.06437252
vt -0.2069655 -0.2181532
vt -0.2082756 -0.2123621
vt -0.2109421 -0.2131565
vt -0.2097142 -0.2185839
vt -0.0521739 -0.4237281
vt -0.0569913 -0.4209429
vt -0.05854214 -0.4232529
vt -0.05340205 -0.4262247
vt 0.01109143 -0.4673649
vt 0.005497543 -0.4653748
vt 0.00410095 -0.4677812
vt 0.01065432 -0.4701127
vt 0.05049037 -0.3960959
vt 0.04385859 -0.3939978
vt 0.04238283 -0.3963565
vt 0.05034096 -0.3988742
vt 0.1108574 -0.2675321
vt 0.1058908 -0.2608236
vt 0.1033117 -0.2618676
vt 0.1091062 -0.2696941
vt 0.2031296 -0.2320508
vt 0.2002548 -0.2227467
vt 0.1974911 -0.2230677
vt 0.2006666 -0.2333448
vt 0.2245565 -0.3302135
vt 0.2265759 -0.3196483
vt 0.2238841 -0.3189441
vt 0.2217948 -0.3298754
vt 0.1573979 -0.4345954
vt 0.1633672 -0.4252025
vt 0.1609243 -0.4238708
vt 0.155155 -0.4329491
vt 0.07083942 -0.4494361
vt 0.07813561 -0.4415325
vt 0.07578038 -0.4400513
vt 0.06917497 -0.4472066
vt -0.01562454 -0.3770127
vt -0.008849354 -0.3700179
vt -0.01126834 -0.3686432
vt -0.01707564 -0.3746387
vt -0.108548 -0.2692419
vt -0.1035813 -0.2625334
vt -0.1061603 -0.2614895
vt -0.1102992 -0.2670799
vt -0.1997676 -0.2316336
vt -0.1977141 -0.2249878
vt -0.2004779 -0.2246668
vt -0.2022307 -0.2303396
vt -0.2221109 -0.3272929
vt -0.2232256 -0.3214611
vt -0.2259173 -0.3221653
vt -0.2248726 -0.327631
vt -0.1566944 -0.4308517
vt -0.1596791 -0.4261552
vt -0.162122 -0.4274869
vt -0.1589374 -0.4324979
vt -0.07072399 -0.4460502
vt -0.07475135 -0.4416875
vt -0.0771066 -0.4431688
vt -0.07238845 -0.4482797
vt 0.01646275 -0.374264
vt 0.01162333 -0.3692678
vt 0.009204349 -0.3706424
vt 0.01501165 -0.376638
vt 0.1172349 -0.308508
vt 0.116322 -0.3002111
vt 0.1135681 -0.2998144
vt 0.1146332 -0.309494
vt 0.2053549 -0.3405017
vt 0.2062504 -0.3308049
vt 0.2035735 -0.3300463
vt 0.2025844 -0.3407572
vt 0.2296365 -0.3924145
vt 0.2323859 -0.3820153
vt 0.2297497 -0.3811256
vt 0.2269051 -0.3918851
vt 0.1956937 -0.4135953
vt 0.1995274 -0.4031473
vt 0.196857 -0.402366
vt 0.1931517 -0.4124641
vt 0.117803 -0.3870562
vt 0.1215947 -0.3769902
vt 0.1188555 -0.3765025
vt 0.1154227 -0.3856155
vt 0.006884662 -0.3348245
vt 0.009548066 -0.3254577
vt 0.006766585 -0.3253899
vt 0.004483665 -0.3334186
vt -0.1143786 -0.3088223
vt -0.1134657 -0.3005254
vt -0.1162195 -0.3009222
vt -0.1169803 -0.3078362
vt -0.2024069 -0.3388324
vt -0.2030465 -0.3319061
vt -0.2057234 -0.3326647
vt -0.2051775 -0.3385769
vt -0.2274001 -0.3893309
vt -0.2289177 -0.3835907
vt -0.2315539 -0.3844804
vt -0.2301316 -0.3898602
vt -0.1942095 -0.4100871
vt -0.1961264 -0.4048631
vt -0.1987968 -0.4056444
vt -0.1967515 -0.4112183
vt -0.1164237 -0.3839618
vt -0.1185167 -0.3784055
vt -0.1212559 -0.3788933
vt -0.1188039 -0.3854025
vt -0.004846566 -0.3327986
vt -0.006748997 -0.326108
vt -0.009530477 -0.3261758
vt -0.007247557 -0.3342045
vt 0.1121633 -0.3418358
vt 0.1153377 -0.3341161
vt 0.1131108 -0.3324482
vt 0.1094072 -0.3414546
vt 0.1940507 -0.3953384
vt 0.19822 -0.386538
vt 0.1959661 -0.3849067
vt 0.1913607 -0.3946275
vt 0.2304957 -0.3912244
vt 0.2345719 -0.3812703
vt 0.2320735 -0.3800458
vt 0.227856 -0.3903449
vt 0.2140886 -0.3347549
vt 0.216711 -0.323939
vt 0.2139691 -0.323466
vt 0.2114346 -0.3339196
vt 0.1349293 -0.2761436
vt 0.1350433 -0.2653877
vt 0.1323028 -0.2658679
vt 0.1321995 -0.2756054
vt 0.0103665 -0.2790241
vt 0.008172953 -0.2695363
vt 0.005704912 -0.2708208
vt 0.007585096 -0.2789532
vt -0.1095057 -0.340743
vt -0.1126801 -0.3330233
vt -0.1149071 -0.3346911
vt -0.1122618 -0.3411242
vt -0.1918547 -0.3927586
vt -0.1948328 -0.3864726
vt -0.1970867 -0.3881039
vt -0.1945446 -0.3934696
vt -0.2286785 -0.3878766
vt -0.2309285 -0.3823821
vt -0.2334269 -0.3836066
vt -0.2313181 -0.3887561
vt -0.2122157 -0.3314379
vt -0.2135268 -0.32603
vt -0.2162687 -0.3265029
vt -0.2148696 -0.3322731
vt -0.1325734 -0.2737089
vt -0.1326363 -0.2677719
vt -0.1353769 -0.2672917
vt -0.1353031 -0.2742471
vt -0.007603351 -0.2782351
vt -0.006036536 -0.2714581
vt -0.008504571 -0.2701735
vt -0.01038475 -0.2783059
vt 0.09753513 -0.3630337
vt 0.1039807 -0.3577303
vt 0.1028062 -0.3552081
vt 0.09528635 -0.3613954
vt 0.1634567 -0.4200935
vt 0.1707486 -0.4136392
vt 0.1693169 -0.4112535
vt 0.1612625 -0.4183828
vt 0.2182107 -0.3589268
vt 0.2246572 -0.3503161
vt 0.2225467 -0.3485032
vt 0.2158767 -0.3574122
vt 0.226162 -0.2008624
vt 0.2281711 -0.1899161
vt 0.225407 -0.1895982
vt 0.2234652 -0.2001779
vt 0.1172927 -0.1195753
vt 0.112984 -0.1097195
vt 0.1106817 -0.1112818
vt 0.1145824 -0.1202044
vt -0.008550222 -0.2242746
vt -0.01528674 -0.2172426
vt -0.01675091 -0.2196085
vt -0.01097675 -0.2256359
vt -0.09570938 -0.3608147
vt -0.102155 -0.3555114
vt -0.1033295 -0.3580336
vt -0.09795817 -0.3624531
vt -0.162451 -0.4168584
vt -0.1676595 -0.4122482
vt -0.1690912 -0.4146339
vt -0.1646452 -0.4185691
vt -0.2172929 -0.3552298
vt -0.2208513 -0.3504768
vt -0.2229619 -0.3522898
vt -0.2196269 -0.3567443
vt -0.2241052 -0.1976561
vt -0.2251098 -0.1921829
vt -0.2278739 -0.1925008
vt -0.226802 -0.1983406
vt -0.1141453 -0.1183215
vt -0.111767 -0.1128813
vt -0.1140693 -0.1113191
vt -0.1168556 -0.1176924
vt 0.0113283 -0.2250094
vt 0.01614009 -0.2199866
vt 0.01467592 -0.2176207
vt 0.00890177 -0.2236481
vt -0.2231596 -0.1981156
vt -0.2719058 -0.02057178
vt -0.30254 -0.08407611
vt -0.2356816 -0.1918546
vt 0.2231596 -0.1981156
vt 0.2356816 -0.1918547
vt 0.30254 -0.08407613
vt 0.2719058 -0.02057179
vt 0.1618913 -0.07557912
vt -0.04042765 -0.2796974
vt -0.01500062 -0.2887785
vt 0.03107746 -0.1597598
vt 0.005650419 -0.1506787
vt -0.03876778 -0.05601927
vt -0.08339586 0.06270139
vt -0.1086692 0.05320093
vt -0.06404112 -0.06551974
vt -0.1100865 0.05777511
vt -0.1182239 0.06916739
vt -0.1401947 0.05347395
vt -0.1320573 0.04208168
vt 0.1100864 0.05777509
vt 0.1320572 0.04208166
vt 0.2035494 0.1421709
vt 0.1815786 0.1578644
vt -0.2231596 -0.1981156
vt -0.1618913 -0.07557911
vt -0.2719058 -0.02057178
vt 0.01647187 -0.2139764
vt -0.007096039 -0.1475248
vt -0.032543 -0.1565499
vt -0.008975091 -0.2230015
vt -0.2240541 -0.1931963
vt -0.2728003 -0.01565249
vt -0.3034344 -0.07915682
vt -0.236576 -0.1869354
vt 0.2240541 -0.1931964
vt 0.2365761 -0.1869354
vt 0.3034345 -0.07915682
vt 0.2728003 -0.0156525
vt 0.1627858 -0.07065983
vt 0.2001201 -0.3613599
vt 0.2255471 -0.370441
vt 0.2716252 -0.2414223
vt 0.2461982 -0.2323412
vt -0.2781611 -0.1410396
vt -0.3227892 -0.02231894
vt -0.3480626 -0.0318194
vt -0.3034345 -0.1505401
vt -0.3185186 -0.08741815
vt -0.3266559 -0.07602589
vt -0.3486267 -0.09171931
vt -0.3404894 -0.1031116
vt 0.3185185 -0.08741806
vt 0.3404893 -0.1031115
vt 0.4119815 -0.00302219
vt 0.3900107 0.01267123
vt -0.2240541 -0.1931964
vt -0.1627857 -0.07065983
vt -0.2728003 -0.0156525
vt -0.2242691 -0.2950696
vt -0.247837 -0.2286181
vt -0.273284 -0.2376432
vt -0.2497161 -0.3040947
vt -0.2549772 -0.1540186
vt -0.2384957 -0.084958
vt -0.2686547 -0.0798166
vt 0.2795087 -0.0939149
vt 0.3034346 -0.07915682
vt 0.2728005 -0.01565247
vt -0.007197638 -0.2193586
vt 0.2216457 -0.3010884
vt 0.01668224 -0.1524949
vt -0.03630006 -0.1573694
vt -0.2520118 -0.2282387
vt -0.2288159 -0.294821
vt -0.1552669 0.1262815
vt -0.3774704 0.0239835
vt -0.3628578 -3.165312E-05
vt 0.0632197 -0.1137395
vt 0.2655483 -0.2418378
vt 0.2999201 -0.1759243
vt -0.2668167 -0.08234941
vt -0.2816579 -0.1512769
vt -0.2523847 -0.1564083
vt -0.2288158 -0.2948211
vt -0.01310408 -0.2239518
vt -0.0363 -0.1573695
vt -0.1877659 0.1350849
vt -0.2158557 0.1447914
vt -0.3955655 0.006016682
vt 0.3952975 -0.004204526
vt 0.2183707 0.1381013
vt 0.189441 0.1281478
vt 0.07196923 -0.06289567
vt 0.03400018 -0.1268046
vt 0.04882026 -0.1379565
vt 0.3699527 -0.2003141
vt 0.3736765 -0.1821446
vt 0.2456299 0.02021674
vt -0.08720215 0.1970607
vt -0.1055006 0.2006918
vt -0.1030778 0.1899619
vt 0.1433907 0.1694749
vt 0.1471132 0.1798259
vt 0.1289226 0.1846342
vt 0.2784995 -0.1112628
vt 0.2878505 -0.1170558
vt 0.2936435 -0.1077048
vt 0.2842925 -0.1019118
vt -0.2835334 -0.1019647
vt -0.2933721 -0.09704533
vt -0.2982915 -0.106884
vt -0.2884528 -0.1118034
vt -0.03351011 -0.2193736
vt -0.03717615 -0.2297447
vt -0.02056532 -0.2321703
vt 0.1388416 -0.1643032
vt 0.1626624 -0.1723395
vt 0.1574249 -0.1626664
vt -0.03066612 0.06292158
vt -0.01565146 0.05580558
vt -0.01367488 0.06662656
vt -0.193176 -0.2382545
vt -0.1858298 -0.2300671
vt -0.1999912 -0.2213762
vt -0.02362921 0.05905326
vt -0.02087874 0.04840265
vt -0.004290926 0.05098088
vt 0.006699744 -0.2982205
vt 0.008487432 -0.3090742
vt 0.02682534 -0.3132861
vt 0.1203164 0.09962414
vt 0.1169453 0.1843687
vt 0.0780023 0.1298485
vt -0.1203164 0.09962415
vt -0.07800225 0.1298486
vt -0.1169452 0.1843687
vt -0.1598406 0.154958
vt 0.2321039 -0.1265614
vt 0.2374704 -0.1372946
vt 0.2982915 -0.106884
vt 0.2933722 -0.09704532
vt -0.2321039 -0.1265614
vt -0.2920305 -0.09659808
vt -0.2973971 -0.1073312
vt -0.2374704 -0.1372945
vt -0.03531534 -0.2178114
vt -0.08428591 -0.2003219
vt -0.08832195 -0.2116228
vt -0.03935139 -0.2291124
vt 0.02979619 -0.2204317
vt 0.08253501 -0.213752
vt 0.07859642 -0.2024167
vt 0.02979619 -0.2204317
vt 0.03340655 -0.2308223
vt 0.08253501 -0.213752
vt 0.129281 0.09485537
vt 0.1709471 0.1486042
vt 0.1292205 0.1796669
vt 0.05342758 -0.100059
vt 0.04333666 -0.09175621
vt 0.03981605 -0.09432115
vt 0.0515888 -0.1040077
vt 0.0436755 -0.1104661
vt 0.0322596 -0.1003615
vt 0.02882439 -0.1030397
vt 0.04143415 -0.1142011
vt 0.02444452 -0.1150111
vt 0.01435207 -0.1015305
vt 0.01069812 -0.1039017
vt 0.02114031 -0.1178493
vt -0.01224892 -0.1110453
vt -0.01539439 -0.09390814
vt -0.01961639 -0.09497973
vt -0.01657627 -0.1115429
vt -0.04796535 -0.09550086
vt -0.04121981 -0.08007102
vt -0.04546285 -0.07908611
vt -0.05156975 -0.09305507
vt -0.05605238 -0.09298366
vt -0.04550597 -0.0819746
vt -0.04930485 -0.07984338
vt -0.05834464 -0.08927972
vt -0.05056925 -0.1035329
vt -0.04047832 -0.09523017
vt -0.04399893 -0.09266524
vt -0.05240803 -0.09958417
vt -0.0388393 -0.1126439
vt -0.03068509 -0.1054264
vt -0.03412029 -0.1027481
vt -0.04108065 -0.108909
vt -0.01848632 -0.1147595
vt -0.01291547 -0.1073185
vt -0.01656942 -0.1049474
vt -0.02179053 -0.1119213
vt 0.01704175 -0.1074963
vt 0.01861446 -0.0989277
vt 0.01439246 -0.09785611
vt 0.01271439 -0.1069987
vt 0.04987052 -0.09055091
vt 0.04614711 -0.08203393
vt 0.04190405 -0.08301887
vt 0.04626613 -0.0929967
vt 0.0573883 -0.08868784
vt 0.04985514 -0.08082424
vt 0.04605626 -0.08295545
vt 0.05509604 -0.09239179
vt 0.04188205 -0.0876248
vt 0.03691228 -0.07553913
vt 0.03259749 -0.07613597
vt 0.03839555 -0.09023593
vt 0.02514195 -0.09659448
vt 0.0186146 -0.08281696
vt 0.01440335 -0.08393
vt 0.02161331 -0.09914835
vt 0.003509054 -0.1053853
vt -0.002872506 -0.08980141
vt -0.007005011 -0.09117836
vt -0.0004022977 -0.1073023
vt -0.02014353 -0.1069032
vt -0.02424901 -0.0899703
vt -0.02840396 -0.09127793
vt -0.024436 -0.1076437
vt -0.03977766 -0.09928228
vt -0.03995622 -0.08244333
vt -0.04422982 -0.08328588
vt -0.04406817 -0.09853055
vt -0.04633204 -0.0899325
vt -0.04289791 -0.07507877
vt -0.04725236 -0.07518973
vt -0.0501959 -0.08792149
vt -0.03772136 -0.08933572
vt -0.0327516 -0.07725004
vt -0.03706638 -0.0766532
vt -0.04120786 -0.0867246
vt -0.01983901 -0.09669685
vt -0.01517662 -0.08685575
vt -0.01938788 -0.08574272
vt -0.02336765 -0.09414297
vt 0.002194865 -0.1036447
vt 0.00571737 -0.09504271
vt 0.001584865 -0.09366576
vt -0.00171649 -0.1017277
vt 0.02512848 -0.1036297
vt 0.02718122 -0.09516328
vt 0.02302626 -0.09385564
vt 0.02083602 -0.1028892
vt 0.0435459 -0.09554973
vt 0.04364447 -0.08625495
vt 0.03937085 -0.0854124
vt 0.03925539 -0.09630147
vt 0.04967666 -0.08692386
vt 0.04722371 -0.07631405
vt 0.04286927 -0.07620309
vt 0.04581281 -0.08893485
vt 0.03646559 -0.06927793
vt 0.03789481 -0.05628872
vt 0.03382166 -0.05474501
vt 0.03215424 -0.06989907
vt 0.01508723 -0.06485038
vt 0.01368528 -0.04966945
vt 0.009347817 -0.04926944
vt 0.01089639 -0.06603798
vt -0.008749619 -0.07136726
vt -0.01305392 -0.05508675
vt -0.01733021 -0.05591552
vt -0.01287675 -0.07276022
vt -0.02830549 -0.08180952
vt -0.03430741 -0.06545244
vt -0.03828698 -0.06722347
vt -0.03248609 -0.0830327
vt -0.0405915 -0.08662993
vt -0.04652771 -0.07087101
vt -0.0502541 -0.07312656
vt -0.04487993 -0.08739346
vt -0.04284251 -0.08075994
vt -0.04701223 -0.06609572
vt -0.05077114 -0.06829668
vt -0.0471971 -0.08086602
vt -0.03199386 -0.06878588
vt -0.03342307 -0.05579668
vt -0.03749623 -0.05734039
vt -0.0363052 -0.06816472
vt -0.01007127 -0.06312639
vt -0.009069886 -0.05228286
vt -0.01340734 -0.05268287
vt -0.01426212 -0.06193879
vt 0.01417923 -0.06890084
vt 0.01655512 -0.0599143
vt 0.01227882 -0.05908553
vt 0.0100521 -0.06750788
vt 0.03362996 -0.07912341
vt 0.03663092 -0.07094487
vt 0.03265135 -0.06917383
vt 0.02944937 -0.07790022
vt 0.04541038 -0.08441409
vt 0.04868705 -0.07571546
vt 0.04496066 -0.07345991
vt 0.04112195 -0.08365054
vt 0.04722448 -0.07974167
vt 0.05020287 -0.06926723
vt 0.04644396 -0.06706626
vt 0.04286992 -0.07963561
vt 0.03932726 -0.05045144
vt 0.04710288 -0.03994896
vt 0.04436118 -0.03656418
vt 0.03528963 -0.04881707
vt 0.01553643 -0.0238873
vt 0.02003716 -0.009321255
vt 0.01618107 -0.007295402
vt 0.01120966 -0.02338475
vt -0.01810543 -0.02283837
vt -0.0212669 -0.006297902
vt -0.02559049 -0.006827229
vt -0.02231946 -0.02394089
vt -0.03975395 -0.04816123
vt -0.04909923 -0.03345603
vt -0.05261077 -0.03603336
vt -0.04357849 -0.05024604
vt -0.04687099 -0.06917221
vt -0.05829362 -0.05679863
vt -0.06089942 -0.06028909
vt -0.05055825 -0.07149117
vt -0.04556643 -0.06952415
vt -0.0561734 -0.05857342
vt -0.0584452 -0.06228996
vt -0.0493535 -0.0716763
vt -0.03571161 -0.04777455
vt -0.04348723 -0.03727207
vt -0.04622891 -0.04065685
vt -0.03974925 -0.04940891
vt -0.0115588 -0.02037877
vt -0.0147736 -0.009974456
vt -0.0186297 -0.0120003
vt -0.01588557 -0.02088133
vt 0.02335033 -0.02000025
vt 0.02509539 -0.01087021
vt 0.02077181 -0.0103409
vt 0.0191363 -0.01889773
vt 0.04552807 -0.04666975
vt 0.05020071 -0.03931715
vt 0.04668918 -0.03673982
vt 0.04170352 -0.04458494
vt 0.05216933 -0.06892945
vt 0.05847442 -0.06209946
vt 0.05586861 -0.05860899
vt 0.04848207 -0.06661049
vt 0.0499092 -0.07069848
vt 0.05748559 -0.06287653
vt 0.05521382 -0.05916001
vt 0.04612212 -0.06854635
vt 0.0504964 -0.03858447
vt 0.06270543 -0.03392599
vt 0.06221933 -0.02959732
vt 0.04797545 -0.03503222
vt 0.03578056 0.005944469
vt 0.04805578 0.01498578
vt 0.04615803 0.01890651
vt 0.0325991 0.008919673
vt -0.03040778 0.02545509
vt -0.03412374 0.04187986
vt -0.03842708 0.04120543
vt -0.03458234 0.02421146
vt -0.05578715 -0.03406484
vt -0.07087101 -0.02534393
vt -0.07279374 -0.02925247
vt -0.05821509 -0.03768129
vt -0.05515307 -0.06093553
vt -0.07101878 -0.05529098
vt -0.0717031 -0.05959275
vt -0.05733951 -0.06470289
vt -0.05300612 -0.0603465
vt -0.06754158 -0.05574792
vt -0.06777549 -0.06009751
vt -0.05531653 -0.06403914
vt -0.04889264 -0.03438129
vt -0.06110167 -0.02972281
vt -0.06158778 -0.03405146
vt -0.05141357 -0.03793354
vt -0.03466616 0.0111299
vt -0.04343419 0.01758798
vt -0.04533192 0.01366724
vt -0.03784763 0.008154695
vt 0.03574516 0.02811523
vt 0.03779629 0.03718141
vt 0.03349295 0.03785583
vt 0.03157059 0.02935884
vt 0.06159689 -0.03541096
vt 0.06913882 -0.03105051
vt 0.0672161 -0.02714197
vt 0.05916895 -0.03179451
vt 0.05995687 -0.06318389
vt 0.06871445 -0.0600682
vt 0.06803013 -0.05576642
vt 0.05777041 -0.05941652
vt 0.05626997 -0.06344261
vt 0.06665244 -0.06015791
vt 0.06641853 -0.05580834
vt 0.05395957 -0.05974998
vt 0.06611079 -0.03918162
vt 0.07883615 -0.04215275
vt 0.08085552 -0.03829325
vt 0.06600928 -0.03482693
vt 0.06835404 -0.02397494
vt 0.08228458 -0.03016901
vt 0.08475284 -0.02657996
vt 0.06936546 -0.01973813
vt 0.008928993 -0.07776757
vt 0.003824231 -0.0938151
vt 0.007877368 -0.0954106
vt 0.01315903 -0.07880696
vt -0.05009543 -0.07060207
vt -0.0664816 -0.07652414
vt -0.06473 -0.0805123
vt -0.04889265 -0.07478859
vt -0.05820394 -0.06770094
vt -0.07464981 -0.07132251
vt -0.07295033 -0.07533316
vt -0.05806152 -0.07205447
vt -0.06272474 -0.0556132
vt -0.07768914 -0.05852749
vt -0.07581405 -0.06245911
vt -0.06298741 -0.05996115
vt -0.06713365 -0.03480073
vt -0.079859 -0.03777185
vt -0.07783963 -0.04163136
vt -0.06723518 -0.03915541
vt -0.07230899 -0.02044087
vt -0.08225937 -0.02486521
vt -0.07979111 -0.02845425
vt -0.07129756 -0.02467768
vt -0.01218763 -0.08276242
vt -0.009369967 -0.09162039
vt -0.005316815 -0.0900249
vt -0.007957583 -0.08172306
vt 0.05280756 -0.07591332
vt 0.06100064 -0.07887436
vt 0.06275225 -0.07488619
vt 0.05401032 -0.07172681
vt 0.06108611 -0.07215342
vt 0.07016392 -0.07415245
vt 0.0718634 -0.07014181
vt 0.06122854 -0.06779987
vt 0.06411005 -0.05989333
vt 0.0747989 -0.06197497
vt 0.076674 -0.05804336
vt 0.06384737 -0.0555454
vt 0.07999165 -0.05044615
vt 0.08903144 -0.05988249
vt 0.09283032 -0.05775127
vt 0.0822839 -0.04674221
vt 0.07207664 -0.06745119
vt 0.07818354 -0.08142015
vt 0.08242659 -0.08043523
vt 0.07568105 -0.06500539
vt 0.02709228 -0.09635185
vt 0.02405217 -0.1129151
vt 0.02827417 -0.1139866
vt 0.03141963 -0.09684946
vt -0.02374076 -0.09413702
vt -0.03418297 -0.1080847
vt -0.030529 -0.1104558
vt -0.02043655 -0.09697528
vt -0.05375234 -0.07487689
vt -0.0663621 -0.08603825
vt -0.0629269 -0.08871649
vt -0.051511 -0.07861185
vt -0.07217578 -0.05499196
vt -0.08394853 -0.06467849
vt -0.08042792 -0.06724343
vt -0.07033699 -0.05894069
vt -0.08324025 -0.04733408
vt -0.09228004 -0.05677043
vt -0.08848115 -0.05890163
vt -0.080948 -0.05103803
vt -0.07738025 -0.06750954
vt -0.08174232 -0.07748736
vt -0.07749926 -0.0784723
vt -0.07377584 -0.06995531
vt -0.03095442 -0.100896
vt -0.02927635 -0.1100386
vt -0.02505435 -0.108967
vt -0.02662707 -0.1003984
vt 0.02309073 -0.1000651
vt 0.02831183 -0.1070389
vt 0.03196579 -0.1046678
vt 0.02639494 -0.09722681
vt 0.05410587 -0.08016903
vt 0.06106623 -0.08632989
vt 0.06450143 -0.08365165
vt 0.05634721 -0.07643407
vt 0.07135655 -0.05941548
vt 0.07976566 -0.06633441
vt 0.08328626 -0.06376948
vt 0.07319533 -0.05546675
vt 0.08865582 -0.0656174
vt 0.09159937 -0.07834916
vt 0.09595381 -0.07846011
vt 0.09251969 -0.06360639
vt 0.07327406 -0.08359388
vt 0.07311241 -0.09883855
vt 0.07738601 -0.09968109
vt 0.07756458 -0.08284216
vt 0.03579073 -0.0930689
vt 0.03182277 -0.1094346
vt 0.03597772 -0.1107422
vt 0.0400832 -0.09380938
vt -0.008072716 -0.08500407
vt -0.01467542 -0.101128
vt -0.01054292 -0.1025049
vt -0.004161359 -0.08692106
vt -0.04839226 -0.06782715
vt -0.05560222 -0.0830455
vt -0.05139097 -0.08415855
vt -0.04486362 -0.07038103
vt -0.07970121 -0.05676644
vt -0.08549926 -0.0708664
vt -0.08118446 -0.07146324
vt -0.07621472 -0.05937757
vt -0.09303893 -0.06460406
vt -0.09598246 -0.07733582
vt -0.09162801 -0.07722487
vt -0.08917506 -0.06661505
vt -0.07808688 -0.08582295
vt -0.07797141 -0.09671201
vt -0.0736978 -0.09586946
vt -0.07379636 -0.08657468
vt -0.03939077 -0.09782331
vt -0.03720052 -0.1068569
vt -0.03304557 -0.1055493
vt -0.0350983 -0.09708281
vt 0.005953977 -0.0905786
vt 0.009255333 -0.09864058
vt 0.01338784 -0.09726363
vt 0.009865332 -0.08866161
vt 0.04663797 -0.0728325
vt 0.05061774 -0.08123274
vt 0.054829 -0.08011971
vt 0.05016661 -0.07027861
vt 0.07688889 -0.06027777
vt 0.08103035 -0.07034917
vt 0.08534513 -0.06975234
vt 0.08037537 -0.05766665
vt 0.09164642 -0.07991943
vt 0.08807237 -0.09248877
vt 0.09183128 -0.09468973
vt 0.09600099 -0.0800255
vt 0.07743552 -0.08336549
vt 0.07206134 -0.09763239
vt 0.07578774 -0.09988795
vt 0.08172394 -0.08412903
vt 0.04542245 -0.06984171
vt 0.03962155 -0.08565094
vt 0.04360113 -0.08742197
vt 0.04960304 -0.07106489
vt 0.001578594 -0.05175105
vt -0.002874866 -0.06859574
vt 0.001401426 -0.06942452
vt 0.005705728 -0.05314401
vt -0.04679897 -0.04581086
vt -0.04834754 -0.0625794
vt -0.04401008 -0.06217939
vt -0.04260812 -0.04699846
vt -0.08444685 -0.06031538
vt -0.08277942 -0.07546945
vt -0.07870628 -0.07392573
vt -0.08013549 -0.06093653
vt -0.0959736 -0.08114986
vt -0.09239955 -0.0937192
vt -0.08864065 -0.09151823
vt -0.09161902 -0.08104379
vt -0.08119348 -0.08710839
vt -0.07735477 -0.09729902
vt -0.07362838 -0.09504347
vt -0.07690506 -0.08634485
vt -0.04845941 -0.0749743
vt -0.04525742 -0.08370069
vt -0.04127785 -0.08192965
vt -0.04427881 -0.07375111
vt -0.004402945 -0.05700328
vt -0.002176222 -0.06542563
vt 0.002100077 -0.06459687
vt -0.0002758116 -0.05561032
vt 0.04343315 -0.04991
vt 0.04428793 -0.05916592
vt 0.04862539 -0.05956593
vt 0.047624 -0.04872241
vt 0.08029587 -0.06204971
vt 0.07910485 -0.07287404
vt 0.08317799 -0.07441776
vt 0.08460721 -0.06142855
vt 0.0889694 -0.09185598
vt 0.07987772 -0.1012423
vt 0.08214952 -0.1049588
vt 0.09275649 -0.09400812
vt 0.08224171 -0.07999118
vt 0.07190055 -0.09119325
vt 0.07450634 -0.09468372
vt 0.08592898 -0.08231015
vt 0.05902562 -0.04011004
vt 0.04999335 -0.05432271
vt 0.0535049 -0.05690004
vt 0.06285016 -0.04219484
vt 0.009587387 -0.003768484
vt 0.006316347 -0.02088214
vt 0.01063993 -0.02141147
vt 0.01380141 -0.004871001
vt -0.05211535 -0.01839869
vt -0.04714392 -0.03448803
vt -0.04328783 -0.03246218
vt -0.04778857 -0.01789613
vt -0.08529438 -0.0668695
vt -0.07622282 -0.07912238
vt -0.07348113 -0.0757376
vt -0.08125675 -0.06523513
vt -0.09220079 -0.09498593
vt -0.0831091 -0.1043723
vt -0.08083732 -0.1006557
vt -0.08841372 -0.09283379
vt -0.08431788 -0.08487185
vt -0.07693134 -0.09287333
vt -0.07432552 -0.08938287
vt -0.08063061 -0.08255289
vt -0.06090079 -0.04577143
vt -0.05591513 -0.05361655
vt -0.05240359 -0.05103921
vt -0.05707624 -0.04368662
vt -0.01277017 -0.008811509
vt -0.01113467 -0.01736834
vt -0.006811084 -0.01683903
vt -0.008556141 -0.007708994
vt 0.04743935 -0.02090214
vt 0.04469522 -0.02978316
vt 0.04855133 -0.03180901
vt 0.05176613 -0.02140469
vt 0.08083475 -0.06627765
vt 0.07435509 -0.07502971
vt 0.07709677 -0.07841448
vt 0.08487238 -0.067912
vt 0.08059363 -0.1006138
vt 0.06813467 -0.1045555
vt 0.06836857 -0.1089051
vt 0.08290404 -0.1043065
vt 0.08143899 -0.08695843
vt 0.06707539 -0.09206858
vt 0.06775971 -0.09637035
vt 0.08362542 -0.09072579
vt 0.07659809 -0.03583253
vt 0.06201945 -0.04426136
vt 0.06394217 -0.0481699
vt 0.07902604 -0.03944897
vt 0.02253586 0.04480068
vt 0.0186911 0.02780669
vt 0.02299444 0.02713226
vt 0.02671042 0.04355704
vt -0.06846288 -0.01137642
vt -0.05490392 -0.02136325
vt -0.05300618 -0.01744251
vt -0.06528142 -0.008401208
vt -0.0803757 -0.07718182
vt -0.06613181 -0.08261672
vt -0.06564571 -0.07828806
vt -0.07785475 -0.07362957
vt -0.08195059 -0.104903
vt -0.06949163 -0.1088447
vt -0.06925772 -0.1044951
vt -0.0796402 -0.1012104
vt -0.08100808 -0.09224482
vt -0.07074835 -0.09589493
vt -0.07006404 -0.09159314
vt -0.07882162 -0.08847746
vt -0.07564427 -0.04171947
vt -0.06759712 -0.04637202
vt -0.0656744 -0.04246348
vt -0.07321633 -0.03810302
vt -0.02554742 0.03965341
vt -0.02362505 0.03115642
vt -0.01932171 0.03183085
vt -0.02137286 0.04089703
vt 0.06321441 -0.01061155
vt 0.05573011 -0.01612409
vt 0.05762785 -0.02004484
vt 0.06639589 -0.01358676
vt 0.07693758 -0.07428043
vt 0.06676336 -0.07816251
vt 0.06724946 -0.08249116
vt 0.07945851 -0.07783267
vt 0.06769071 -0.1041711
vt 0.05486409 -0.1016731
vt 0.05298899 -0.1056047
vt 0.06795338 -0.108519
vt 0.06670374 -0.1036994
vt 0.05181494 -0.1004208
vt 0.05011547 -0.1044314
vt 0.06656131 -0.108053
vt 0.06214653 -0.08766052
vt 0.04630922 -0.0819368
vt 0.04455761 -0.08592496
vt 0.06094376 -0.09184703
vt 0.007648891 -0.0904717
vt 0.002367226 -0.07386806
vt -0.001685911 -0.07546356
vt 0.003418854 -0.0915111
vt -0.06947217 -0.06094643
vt -0.0540848 -0.0541046
vt -0.05655305 -0.05051555
vt -0.07048358 -0.05670961
vt -0.0692756 -0.08789005
vt -0.05442937 -0.08442374
vt -0.05644875 -0.08056425
vt -0.06917409 -0.08353537
vt -0.06683074 -0.1085868
vt -0.05400412 -0.1060889
vt -0.05587922 -0.1021573
vt -0.06656807 -0.1042389
vt -0.06353669 -0.107954
vt -0.05290183 -0.1056121
vt -0.0546013 -0.1016014
vt -0.06367911 -0.1036005
vt -0.05702896 -0.09072235
vt -0.04828704 -0.08756297
vt -0.05003864 -0.08357481
vt -0.05823172 -0.08653583
vt -0.002446548 -0.0875555
vt 0.0001942415 -0.07925366
vt -0.003858907 -0.07765816
vt -0.006676591 -0.08651612
vt 0.06754006 -0.05600696
vt 0.05904653 -0.0522304
vt 0.05657827 -0.05581943
vt 0.06652863 -0.06024378
vt 0.06804971 -0.08356158
vt 0.05744527 -0.08108564
vt 0.05542589 -0.08494513
vt 0.06815123 -0.08791626
vt 0.05614018 -0.09331267
vt 0.0494419 -0.08780138
vt 0.04710494 -0.08950397
vt 0.05491961 -0.09593382
vt 0.04499708 -0.105114
vt 0.03741929 -0.09840659
vt 0.03513902 -0.1001844
vt 0.04350929 -0.1075932
vt 0.02393865 -0.1118598
vt 0.01723936 -0.1029115
vt 0.01481388 -0.1044854
vt 0.02174534 -0.1137438
vt -0.01512066 -0.1085997
vt -0.0172086 -0.09722412
vt -0.02001113 -0.09793544
vt -0.01799313 -0.10893
vt -0.0522449 -0.09054591
vt -0.04776724 -0.08030369
vt -0.05058375 -0.0796499
vt -0.05463747 -0.08892241
vt -0.06020139 -0.08546696
vt -0.05320075 -0.07815921
vt -0.05572242 -0.07674453
vt -0.06172296 -0.0830083
vt -0.05424283 -0.09561867
vt -0.04754455 -0.09010738
vt -0.0498815 -0.08840479
vt -0.0554634 -0.09299754
vt -0.04178684 -0.1065596
vt -0.03637413 -0.1017686
vt -0.03865439 -0.0999908
vt -0.04327463 -0.1040803
vt -0.01998368 -0.1116928
vt -0.01628578 -0.1067535
vt -0.01871126 -0.1051796
vt -0.02217699 -0.1098088
vt 0.0183022 -0.1062438
vt 0.01934615 -0.1005561
vt 0.01654362 -0.09984476
vt 0.01542973 -0.1059135
vt 0.05350956 -0.08726016
vt 0.05103798 -0.08160666
vt 0.04822147 -0.08226044
vt 0.05111698 -0.08888366
vt 0.06108814 -0.08261543
vt 0.05608768 -0.07739562
vt 0.05356602 -0.0788103
vt 0.05956656 -0.08507408
vt 0.04755517 -0.08308319
vt 0.04425628 -0.07506079
vt 0.04139215 -0.07545698
vt 0.04524086 -0.08481643
vt 0.02855073 -0.09231391
vt 0.02421792 -0.08316849
vt 0.02142252 -0.08390732
vt 0.02620845 -0.09400915
vt 0.003877458 -0.1023417
vt -0.0003585776 -0.09199725
vt -0.003101702 -0.09291126
vt 0.001281124 -0.1036142
vt -0.0231237 -0.1047703
vt -0.02584888 -0.09353037
vt -0.02860692 -0.09439836
vt -0.025973 -0.1052618
vt -0.0457413 -0.0966684
vt -0.04585982 -0.08549082
vt -0.04869661 -0.08605009
vt -0.04858932 -0.0961694
vt -0.05381466 -0.08573008
vt -0.05153511 -0.07587028
vt -0.05442557 -0.07594393
vt -0.05637947 -0.08439519
vt -0.04479333 -0.08421887
vt -0.04149444 -0.07619648
vt -0.04435857 -0.07580031
vt -0.04710764 -0.08248563
vt -0.02503065 -0.09238186
vt -0.02193579 -0.08584942
vt -0.02473119 -0.08511059
vt -0.02737294 -0.09068662
vt -9.132391E-05 -0.1011863
vt 0.002246891 -0.09547637
vt -0.0004962376 -0.09456236
vt -0.002687656 -0.09991384
vt 0.02643276 -0.1025974
vt 0.02779535 -0.09697742
vt 0.02503731 -0.09610942
vt 0.02358345 -0.1021059
vt 0.04824263 -0.09419077
vt 0.04830805 -0.08802096
vt 0.04547126 -0.08746168
vt 0.04539461 -0.09468976
vt 0.0560348 -0.08373296
vt 0.05440655 -0.07669025
vt 0.05151609 -0.07661659
vt 0.05346999 -0.08506785
vt 0.0437161 -0.06812884
vt 0.04466481 -0.05950669
vt 0.04196107 -0.05848198
vt 0.04085425 -0.06854115
vt 0.01984504 -0.06209991
vt 0.01891444 -0.05202291
vt 0.01603526 -0.05175739
vt 0.01706319 -0.06288823
vt -0.007934679 -0.0684942
vt -0.01079184 -0.0576873
vt -0.01363042 -0.05823744
vt -0.01067424 -0.06941883
vt -0.03149773 -0.08013953
vt -0.03548176 -0.0692818
vt -0.03812338 -0.07045741
vt -0.03427278 -0.08095146
vt -0.04712415 -0.08634512
vt -0.05106456 -0.07588446
vt -0.05353812 -0.07738169
vt -0.04997078 -0.08685195
vt -0.05149797 -0.08082857
vt -0.0542658 -0.07109456
vt -0.05676094 -0.07255554
vt -0.05438851 -0.08089899
vt -0.04074778 -0.06780221
vt -0.04169649 -0.05918007
vt -0.04440021 -0.06020477
vt -0.04360963 -0.0673899
vt -0.01651547 -0.06095554
vt -0.01585075 -0.05375768
vt -0.01872993 -0.0540232
vt -0.01929732 -0.06016722
vt 0.01153876 -0.06685699
vt 0.01311585 -0.06089178
vt 0.01027728 -0.06034165
vt 0.008799193 -0.06593235
vt 0.03503213 -0.07835652
vt 0.03702415 -0.07292767
vt 0.03438253 -0.07175206
vt 0.03225708 -0.07754458
vt 0.05032289 -0.08487426
vt 0.05249792 -0.07910018
vt 0.05002437 -0.07760295
vt 0.04747626 -0.08436744
vt 0.05440669 -0.08015265
vt 0.05638371 -0.07319978
vt 0.05388859 -0.07173879
vt 0.05151615 -0.08008223
vt 0.04626404 -0.053226
vt 0.05142544 -0.04625452
vt 0.04960552 -0.04400773
vt 0.04358388 -0.05214111
vt 0.02107261 -0.02322856
vt 0.02406018 -0.01355972
vt 0.02150052 -0.01221497
vt 0.01820053 -0.02289497
vt -0.0170486 -0.02005874
vt -0.01914716 -0.009079292
vt -0.02201713 -0.009430652
vt -0.01984584 -0.02079059
vt -0.04324009 -0.04726065
vt -0.04944342 -0.03749944
vt -0.05177435 -0.03921026
vt -0.04577879 -0.04864454
vt -0.05308314 -0.07146131
vt -0.06066541 -0.06324781
vt -0.06239513 -0.06556475
vt -0.05553073 -0.07300062
vt -0.05323897 -0.07380424
vt -0.06027981 -0.06653522
vt -0.0617878 -0.06900223
vt -0.0557528 -0.07523282
vt -0.04386399 -0.0514491
vt -0.04902539 -0.04447762
vt -0.05084531 -0.04672441
vt -0.04654414 -0.05253397
vt -0.01843228 -0.02089959
vt -0.02056625 -0.01399328
vt -0.0231259 -0.01533803
vt -0.02130437 -0.02123319
vt 0.02053009 -0.01817479
vt 0.02168845 -0.01211434
vt 0.01881849 -0.01176299
vt 0.01773285 -0.01744295
vt 0.04707293 -0.04627065
vt 0.0501746 -0.04139005
vt 0.04784366 -0.03967923
vt 0.04453422 -0.04488677
vt 0.05660016 -0.07130015
vt 0.06078543 -0.06676646
vt 0.05905572 -0.0644495
vt 0.05415257 -0.06976084
vt 0.05612165 -0.07458374
vt 0.06115083 -0.06939159
vt 0.05964283 -0.06692459
vt 0.05360783 -0.07315517
vt 0.05493632 -0.04477807
vt 0.0630406 -0.0416858
vt 0.06271792 -0.03881247
vt 0.05326294 -0.04242012
vt 0.04072049 0.003126596
vt 0.04886869 0.009128145
vt 0.04760898 0.0117307
vt 0.03860865 0.005101519
vt -0.02941812 0.02831839
vt -0.03188477 0.03922103
vt -0.03474129 0.03877335
vt -0.03218916 0.02749288
vt -0.05935037 -0.03488844
vt -0.06936292 -0.02909955
vt -0.07063922 -0.03169401
vt -0.06096201 -0.037289
vt -0.05966362 -0.06593347
vt -0.07019517 -0.06218665
vt -0.07064941 -0.06504214
vt -0.06111496 -0.06843422
vt -0.05780889 -0.06788115
vt -0.06745742 -0.06482865
vt -0.06761269 -0.06771587
vt -0.05934252 -0.0703323
vt -0.05387176 -0.04198804
vt -0.06197603 -0.03889577
vt -0.0622987 -0.0417691
vt -0.05554513 -0.04434599
vt -0.03998071 0.006568713
vt -0.04580086 0.01085554
vt -0.04706056 0.00825298
vt -0.04209254 0.00459379
vt 0.0329609 0.03008426
vt 0.03432243 0.03610233
vt 0.0314659 0.03655001
vt 0.03018985 0.03090976
vt 0.06320683 -0.03578206
vt 0.06821311 -0.03288762
vt 0.06693682 -0.03029316
vt 0.06159518 -0.03338149
vt 0.06285235 -0.06742588
vt 0.06866558 -0.06535771
vt 0.06821133 -0.06250222
vt 0.061401 -0.06492513
vt 0.0599754 -0.06993631
vt 0.06686722 -0.06775595
vt 0.06671195 -0.06486873
vt 0.05844178 -0.06748516
vt 0.06640946 -0.04692554
vt 0.07485647 -0.04889776
vt 0.07619692 -0.04633585
vt 0.06634207 -0.04403494
vt 0.06842078 -0.02977547
vt 0.07766778 -0.03388705
vt 0.07930619 -0.03150466
vt 0.06909215 -0.0269631
vt 0.006567071 -0.07983456
vt 0.003178554 -0.0904868
vt 0.005868994 -0.09154589
vt 0.009374941 -0.0805245
vt -0.05185578 -0.07392152
vt -0.06273281 -0.07785254
vt -0.06157011 -0.08049986
vt -0.05105739 -0.07670049
vt -0.05947291 -0.07442663
vt -0.07038955 -0.0768306
vt -0.06926146 -0.07949285
vt -0.05937837 -0.07731648
vt -0.06342786 -0.06465035
vt -0.07336114 -0.06658483
vt -0.07211645 -0.06919461
vt -0.06360222 -0.06753648
vt -0.06708843 -0.04401752
vt -0.07553543 -0.04598974
vt -0.07419498 -0.04855164
vt -0.06715582 -0.04690813
vt -0.07104604 -0.02742956
vt -0.07765104 -0.0303664
vt -0.07601263 -0.03274878
vt -0.07037467 -0.03024193
vt -0.008730297 -0.08315009
vt -0.006859939 -0.08902995
vt -0.004169487 -0.08797088
vt -0.005922419 -0.08246017
vt 0.05365608 -0.07744709
vt 0.05909459 -0.07941259
vt 0.0602573 -0.07676528
vt 0.05445447 -0.0746681
vt 0.06138608 -0.07738216
vt 0.06741186 -0.07870911
vt 0.06853996 -0.07604687
vt 0.06148061 -0.07449232
vt 0.06434742 -0.06749147
vt 0.07144261 -0.06887324
vt 0.07268728 -0.06626347
vt 0.06417306 -0.06460534
vt 0.0760921 -0.05723087
vt 0.08209264 -0.06349464
vt 0.08461432 -0.06207996
vt 0.07761368 -0.05477221
vt 0.06824981 -0.0719267
vt 0.07230354 -0.0811992
vt 0.07512005 -0.08054541
vt 0.0706424 -0.07030319
vt 0.02497349 -0.09884626
vt 0.02295548 -0.1098408
vt 0.02575801 -0.1105521
vt 0.02784595 -0.09917657
vt -0.02347146 -0.09800376
vt -0.03040292 -0.1072621
vt -0.02797744 -0.1088361
vt -0.02127815 -0.09988778
vt -0.05168606 -0.08149002
vt -0.06005634 -0.08889885
vt -0.05777607 -0.09067665
vt -0.05019828 -0.08396927
vt -0.06858511 -0.06339753
vt -0.07639977 -0.06982738
vt -0.07406281 -0.07152996
vt -0.06736453 -0.06601867
vt -0.07824851 -0.05516509
vt -0.08424905 -0.06142886
vt -0.08172739 -0.06284355
vt -0.07672693 -0.05762374
vt -0.0717703 -0.07196546
vt -0.07466581 -0.07858868
vt -0.0718493 -0.07924247
vt -0.06937772 -0.07358895
vt -0.02753726 -0.1018626
vt -0.02642336 -0.1079314
vt -0.02362083 -0.1072201
vt -0.02466479 -0.1015323
vt 0.02304003 -0.1019387
vt 0.02650576 -0.1065679
vt 0.02893123 -0.104994
vt 0.02523334 -0.1000547
vt 0.05192069 -0.08500293
vt 0.05654093 -0.08909247
vt 0.05882119 -0.08731467
vt 0.05340848 -0.08252369
vt 0.0680413 -0.06633382
vt 0.07362321 -0.07092657
vt 0.07596016 -0.06922398
vt 0.06926187 -0.06371268
vt 0.0819089 -0.06958988
vt 0.0838628 -0.07804114
vt 0.08675326 -0.07811479
vt 0.0844737 -0.068255
vt 0.06797604 -0.08625452
vt 0.06786875 -0.09637384
vt 0.07070553 -0.0969331
vt 0.07082405 -0.08575554
vt 0.03351012 -0.09558718
vt 0.03087621 -0.1064506
vt 0.03363424 -0.1073186
vt 0.03635942 -0.09607872
vt -0.006906695 -0.08881284
vt -0.01128952 -0.0995158
vt -0.008546388 -0.1004298
vt -0.004310361 -0.09008532
vt -0.0439842 -0.07321832
vt -0.04877011 -0.08332015
vt -0.04597472 -0.08405898
vt -0.04164191 -0.07491355
vt -0.07265925 -0.06259961
vt -0.07650796 -0.07195906
vt -0.07364384 -0.07235525
vt -0.07034494 -0.06433286
vt -0.08481836 -0.06891723
vt -0.08677228 -0.07736848
vt -0.08388181 -0.07729483
vt -0.08225356 -0.07025212
vt -0.07117067 -0.08773421
vt -0.07109403 -0.09496228
vt -0.06825725 -0.09440301
vt -0.06832267 -0.0882332
vt -0.03589995 -0.09874314
vt -0.03444609 -0.1047396
vt -0.03168805 -0.1038716
vt -0.03305065 -0.0982516
vt 0.005500481 -0.09251314
vt 0.007691899 -0.09786461
vt 0.01043503 -0.09695061
vt 0.008096813 -0.09124065
vt 0.04281962 -0.07654089
vt 0.04546136 -0.08211692
vt 0.04825677 -0.08137809
vt 0.04516191 -0.07484566
vt 0.07079248 -0.06493041
vt 0.07354154 -0.07161573
vt 0.07640568 -0.07121956
vt 0.07310678 -0.06319717
vt 0.08389366 -0.08027063
vt 0.08152123 -0.08861407
vt 0.08401637 -0.09007506
vt 0.0867842 -0.08034104
vt 0.07158096 -0.08417822
vt 0.06801362 -0.0936485
vt 0.07048719 -0.09514572
vt 0.07442759 -0.08468505
vt 0.04285985 -0.07219537
vt 0.03900926 -0.08268942
vt 0.04165087 -0.08386503
vt 0.0456349 -0.0730073
vt 0.003174612 -0.0554731
vt 0.0002184356 -0.06665449
vt 0.003057011 -0.06720462
vt 0.005914179 -0.05639773
vt -0.04089511 -0.04946161
vt -0.04192304 -0.06059246
vt -0.03904387 -0.06032693
vt -0.03811326 -0.05024993
vt -0.07556571 -0.06217954
vt -0.07445889 -0.07223871
vt -0.07175516 -0.07121401
vt -0.07270387 -0.06259187
vt -0.08676602 -0.08108738
vt -0.08439358 -0.08943082
vt -0.08189845 -0.08796983
vt -0.08387547 -0.08101697
vt -0.07407545 -0.08666272
vt -0.07152735 -0.0934272
vt -0.06905378 -0.09192999
vt -0.07122882 -0.08615589
vt -0.04487581 -0.07560238
vt -0.04275035 -0.0813949
vt -0.04010874 -0.0802193
vt -0.04210076 -0.07479044
vt -0.005049326 -0.05895948
vt -0.003571241 -0.06455018
vt -0.0007326657 -0.06400004
vt -0.002309762 -0.05803484
vt 0.0386609 -0.0521826
vt 0.03922829 -0.05832662
vt 0.04210747 -0.05859215
vt 0.04144274 -0.05139429
vt 0.07281031 -0.06333078
vt 0.07201973 -0.0705159
vt 0.07472345 -0.0715406
vt 0.07567216 -0.06291846
vt 0.08204956 -0.08862792
vt 0.07601456 -0.09485851
vt 0.07752256 -0.09732552
vt 0.0845634 -0.0900565
vt 0.076562 -0.07864286
vt 0.0696976 -0.08607872
vt 0.07142732 -0.08839567
vt 0.07900959 -0.08018217
vt 0.05603248 -0.04191631
vt 0.05003693 -0.05135059
vt 0.05236786 -0.0530614
vt 0.05857119 -0.04330019
vt 0.01139443 -0.00740028
vt 0.009223136 -0.01876021
vt 0.0120931 -0.01911157
vt 0.01419167 -0.008132128
vt -0.04535348 -0.01958529
vt -0.04205347 -0.03026528
vt -0.03949382 -0.02892053
vt -0.04248139 -0.01925169
vt -0.0767767 -0.06412418
vt -0.07075505 -0.07225756
vt -0.06893514 -0.07001077
vt -0.07409653 -0.0630393
vt -0.08419453 -0.09070557
vt -0.07815953 -0.09693616
vt -0.07665154 -0.09446916
vt -0.0816807 -0.08927701
vt -0.07794014 -0.0818826
vt -0.07303701 -0.08719393
vt -0.07130729 -0.08487698
vt -0.07549255 -0.08034328
vt -0.05727725 -0.04567437
vt -0.05396781 -0.05088191
vt -0.05163687 -0.04917109
vt -0.05473854 -0.04429049
vt -0.01350703 -0.01074779
vt -0.01242139 -0.01642776
vt -0.009551425 -0.0160764
vt -0.01070978 -0.01001595
vt 0.04224957 -0.02124703
vt 0.04042803 -0.02714219
vt 0.04298768 -0.02848694
vt 0.04512165 -0.02158063
vt 0.07381642 -0.06373131
vt 0.06951526 -0.06954087
vt 0.07133517 -0.07178766
vt 0.07649657 -0.06481618
vt 0.07612129 -0.0946103
vt 0.06785111 -0.09722674
vt 0.06800638 -0.100114
vt 0.07765491 -0.09706146
vt 0.07711203 -0.08320727
vt 0.06757759 -0.08659936
vt 0.06803183 -0.08945484
vt 0.07856338 -0.08570803
vt 0.0731645 -0.0360617
vt 0.06348729 -0.0416567
vt 0.06476358 -0.04425116
vt 0.07477615 -0.03846227
vt 0.02419303 0.04115979
vt 0.02164087 0.02987932
vt 0.02449739 0.02943162
vt 0.02696408 0.04033428
vt -0.06241477 -0.008370905
vt -0.05341442 -0.01500009
vt -0.05215473 -0.01239754
vt -0.06030294 -0.006395984
vt -0.07477 -0.07039874
vt -0.06531502 -0.07400639
vt -0.06499234 -0.07113305
vt -0.07309662 -0.06804078
vt -0.07702203 -0.09745745
vt -0.06875186 -0.1000739
vt -0.06859659 -0.09718666
vt -0.0754884 -0.0950063
vt -0.07682599 -0.0867163
vt -0.07001567 -0.08913922
vt -0.06956141 -0.08628373
vt -0.07537465 -0.08421555
vt -0.07253139 -0.0399697
vt -0.06718975 -0.04305803
vt -0.06591345 -0.04046357
vt -0.07091974 -0.03756913
vt -0.02619151 0.03774331
vt -0.02491547 0.03210306
vt -0.02205894 0.03255073
vt -0.02342046 0.03856881
vt 0.05893085 -0.007863091
vt 0.05396282 -0.01152228
vt 0.05522252 -0.01412484
vt 0.06104268 -0.009838014
vt 0.07248779 -0.06847282
vt 0.06573422 -0.07104972
vt 0.06605689 -0.07392305
vt 0.07416117 -0.07083078
vt 0.06672424 -0.09688272
vt 0.05821002 -0.09522459
vt 0.05696534 -0.09783437
vt 0.06689861 -0.09976885
vt 0.065115 -0.09832221
vt 0.05523192 -0.09614584
vt 0.05410381 -0.09880809
vt 0.06502046 -0.1012121
vt 0.05985521 -0.08524479
vt 0.04934251 -0.08144543
vt 0.04817981 -0.08409274
vt 0.05905682 -0.08802377
vt 0.004437213 -0.08826745
vt 0.0009312698 -0.07724608
vt -0.001759176 -0.07830517
vt 0.001629341 -0.0889574
vt -0.06916298 -0.05431692
vt -0.05894896 -0.04977535
vt -0.06058737 -0.04739297
vt -0.06983436 -0.05150455
vt -0.06851025 -0.07925788
vt -0.05865541 -0.07695696
vt -0.05999586 -0.07439505
vt -0.06844285 -0.07636726
vt -0.06615341 -0.09981388
vt -0.05763918 -0.09815575
vt -0.05888386 -0.09554597
vt -0.06597905 -0.09692775
vt -0.06301274 -0.1011464
vt -0.05595339 -0.09959181
vt -0.0570815 -0.09692957
vt -0.06310727 -0.09825651
vt -0.05645821 -0.08727725
vt -0.05065539 -0.08518007
vt -0.05181809 -0.08253276
vt -0.0572566 -0.08449827
vt -0.0009835466 -0.08633169
vt 0.0007693748 -0.08082099
vt -0.001921077 -0.07976191
vt -0.003791425 -0.08564176
vt 0.06788047 -0.05103811
vt 0.06224253 -0.04853125
vt 0.06060411 -0.05091363
vt 0.0672091 -0.05385048
vt 0.0676965 -0.07638463
vt 0.06065734 -0.07474113
vt 0.0593169 -0.07730303
vt 0.06776389 -0.07927524
vt -0.03234752 -0.03118047
vt -0.03529638 -0.02427352
vt -0.0619828 -0.03566705
vt -0.05903395 -0.042574
vt -0.05454182 -0.005095318
vt -0.05987902 0.0001882432
vt -0.08029313 -0.02043315
vt -0.07495593 -0.02571672
vt -0.04196195 -0.07591331
vt -0.04832307 -0.07990557
vt -0.03289815 -0.104483
vt -0.02653705 -0.1004907
vt -0.003494418 -0.1040588
vt -0.006752339 -0.1108254
vt 0.01939205 -0.1234131
vt 0.02264998 -0.1166464
vt 0.01167813 -0.09690958
vt 0.009281559 -0.104027
vt 0.03678131 -0.1132867
vt 0.03917789 -0.1061692
vt 0.02245824 -0.066584
vt 0.02013014 -0.07372415
vt 0.04771756 -0.08271926
vt 0.05004567 -0.07557911
vt 0.03529638 -0.02427351
vt 0.03234752 -0.03118047
vt 0.05903395 -0.042574
vt 0.06198281 -0.03566704
vt 0.05987904 0.0001882314
vt 0.05454183 -0.005095327
vt 0.07495593 -0.02571673
vt 0.08029314 -0.02043318
vt 0.04832308 -0.07990555
vt 0.04196198 -0.0759133
vt 0.02653708 -0.1004907
vt 0.03289819 -0.104483
vt 0.006752342 -0.1108254
vt 0.003494418 -0.1040588
vt -0.02264997 -0.1166464
vt -0.01939205 -0.1234131
vt -0.009281557 -0.104027
vt -0.01167814 -0.09690958
vt -0.03917789 -0.1061692
vt -0.03678131 -0.1132867
vt -0.02013014 -0.07372414
vt -0.02245825 -0.06658399
vt -0.05004568 -0.0755791
vt -0.04771756 -0.08271925
vt 0.05150359 -0.07571475
vt 0.0538785 -0.08283948
vt 0.05949759 -0.08782221
vt 0.06685524 -0.08932785
vt 0.07397996 -0.08695295
vt 0.07896269 -0.08133385
vt 0.08046832 -0.07397621
vt 0.07809342 -0.0668515
vt 0.07247434 -0.06186876
vt 0.06511669 -0.06036312
vt 0.05799197 -0.06273803
vt 0.05300923 -0.06835712
vt -0.05300923 -0.06835712
vt -0.05799196 -0.06273802
vt -0.06511669 -0.06036312
vt -0.07247433 -0.06186876
vt -0.07809342 -0.0668515
vt -0.08046833 -0.07397622
vt -0.07896269 -0.08133386
vt -0.07397995 -0.08695294
vt -0.06685524 -0.08932785
vt -0.05949759 -0.08782221
vt -0.0538785 -0.08283948
vt -0.05150359 -0.07571475
vt 0.05891398 -0.08692736
vt 0.05517337 -0.08384962
vt 0.05386832 -0.08480042
vt 0.05823236 -0.08839111
vt 0.04697537 -0.09950798
vt 0.04274362 -0.0957623
vt 0.04147022 -0.0967551
vt 0.04614453 -0.1008925
vt 0.0247006 -0.1082065
vt 0.02095943 -0.1032094
vt 0.01960494 -0.1040883
vt 0.02347576 -0.1092586
vt -0.01627244 -0.106215
vt -0.01743843 -0.09986237
vt -0.01900348 -0.1002596
vt -0.01787655 -0.1063994
vt -0.05515931 -0.08657832
vt -0.05265881 -0.08085866
vt -0.05423165 -0.08049355
vt -0.05649542 -0.0856717
vt -0.0637096 -0.07901213
vt -0.05980015 -0.07493118
vt -0.06120836 -0.07414116
vt -0.06455932 -0.07763912
vt -0.05785442 -0.08821511
vt -0.05411382 -0.08513738
vt -0.05541887 -0.08418658
vt -0.05853604 -0.08675136
vt -0.04518266 -0.1003153
vt -0.04215997 -0.09763978
vt -0.04343336 -0.09664698
vt -0.0460135 -0.09893075
vt -0.02249186 -0.1081132
vt -0.0204268 -0.1053549
vt -0.02178129 -0.104476
vt -0.02371669 -0.1070611
vt 0.018049 -0.1048994
vt 0.01863199 -0.1017231
vt 0.01706694 -0.1013259
vt 0.0164449 -0.1047149
vt 0.05586558 -0.08474342
vt 0.05448534 -0.08158626
vt 0.05291248 -0.08195136
vt 0.05452947 -0.08565004
vt 0.0642048 -0.07741972
vt 0.06141234 -0.07450476
vt 0.06000413 -0.07529478
vt 0.06335509 -0.07879274
vt 0.05301709 -0.0787665
vt 0.05117486 -0.07428647
vt 0.04957541 -0.07450771
vt 0.05172468 -0.07973442
vt 0.0325726 -0.08793614
vt 0.03015299 -0.08282895
vt 0.02859192 -0.08324154
vt 0.03126458 -0.08888283
vt 0.00553288 -0.09899703
vt 0.0031673 -0.09322025
vt 0.001635422 -0.09373066
vt 0.004082979 -0.09970764
vt -0.02440792 -0.1024542
vt -0.02592977 -0.09617738
vt -0.02746997 -0.09666211
vt -0.02599909 -0.1027287
vt -0.05002687 -0.09424581
vt -0.05009306 -0.08800378
vt -0.05167724 -0.0883161
vt -0.05161731 -0.09396715
vt -0.06013011 -0.08197676
vt -0.05885711 -0.07647064
vt -0.06047127 -0.07651178
vt -0.06156241 -0.08123131
vt -0.05147476 -0.07940073
vt -0.04963253 -0.07492068
vt -0.05123197 -0.07469944
vt -0.05276717 -0.07843281
vt -0.0306069 -0.08797408
vt -0.02887859 -0.08432609
vt -0.03043966 -0.0839135
vt -0.03191492 -0.08702739
vt -0.003418472 -0.09835183
vt -0.002112717 -0.09516315
vt -0.003644594 -0.09465273
vt -0.004868372 -0.09764121
vt 0.02625576 -0.1012408
vt 0.02701668 -0.09810238
vt 0.02547649 -0.09761765
vt 0.02466459 -0.1009663
vt 0.05142376 -0.09286217
vt 0.05146029 -0.08941669
vt 0.04987611 -0.08910437
vt 0.04983331 -0.09314083
vt 0.06136993 -0.08086149
vt 0.06046065 -0.07692855
vt 0.0588465 -0.07688741
vt 0.05993764 -0.08160695
vt 0.05057858 -0.06695727
vt 0.05110838 -0.0621423
vt 0.04959851 -0.06157006
vt 0.04898041 -0.06718753
vt 0.02512519 -0.05936851
vt 0.02460551 -0.0537411
vt 0.02299765 -0.05359282
vt 0.02357169 -0.05980874
vt -0.005859018 -0.06539272
vt -0.007454576 -0.0593577
vt -0.009039754 -0.05966492
vt -0.007388904 -0.06590907
vt -0.03303666 -0.07798432
vt -0.03526152 -0.07192092
vt -0.0367367 -0.07257742
vt -0.03458637 -0.07843774
vt -0.05198034 -0.08553719
vt -0.05418082 -0.07969552
vt -0.05556216 -0.08053163
vt -0.05357 -0.08582022
vt -0.0588408 -0.08059365
vt -0.06038647 -0.07515778
vt -0.06177986 -0.07597364
vt -0.060455 -0.08063297
vt -0.04892094 -0.06677487
vt -0.04945074 -0.0619599
vt -0.05096061 -0.06253214
vt -0.05051912 -0.06654461
vt -0.02326586 -0.05872945
vt -0.02289466 -0.05470987
vt -0.02450251 -0.05485816
vt -0.02481936 -0.05828923
vt 0.007871782 -0.06447844
vt 0.0087525 -0.06114722
vt 0.00716732 -0.06084
vt 0.006341895 -0.06396209
vt 0.03501036 -0.07698856
vt 0.03612279 -0.07395686
vt 0.0346476 -0.07330035
vt 0.03346066 -0.07653514
vt 0.05376667 -0.08471581
vt 0.0549813 -0.08149131
vt 0.05359995 -0.0806552
vt 0.05217699 -0.08443277
vt 0.06046515 -0.08021618
vt 0.0615692 -0.07633342
vt 0.06017582 -0.07551754
vt 0.05885096 -0.08017687
vt 0.0527829 -0.05566947
vt 0.05566524 -0.05177631
vt 0.05464892 -0.0505216
vt 0.0512862 -0.05506362
vt 0.02699565 -0.02272023
vt 0.02866402 -0.01732075
vt 0.02723461 -0.01656978
vt 0.02539175 -0.02253393
vt -0.01476227 -0.01710913
vt -0.01593419 -0.01097775
vt -0.0175369 -0.01117396
vt -0.01632437 -0.01751782
vt -0.0452024 -0.0454823
vt -0.0486666 -0.04003124
vt -0.04996829 -0.04098663
vt -0.04662012 -0.04625512
vt -0.05788706 -0.0725373
vt -0.06212131 -0.06795054
vt -0.06308725 -0.06924442
vt -0.05925389 -0.07339692
vt -0.05982047 -0.07706862
vt -0.06375237 -0.0730093
vt -0.06459449 -0.07438697
vt -0.0612243 -0.07786639
vt -0.05144262 -0.05467717
vt -0.05432495 -0.050784
vt -0.05534127 -0.05203871
vt -0.05293933 -0.055283
vt -0.02552123 -0.02141966
vt -0.02671293 -0.01756289
vt -0.02814234 -0.01831385
vt -0.02712512 -0.02160595
vt 0.01670659 -0.01605712
vt 0.01735347 -0.01267271
vt 0.01575076 -0.01247649
vt 0.01514449 -0.01564843
vt 0.04734275 -0.04492936
vt 0.04907485 -0.04220382
vt 0.04777316 -0.04124844
vt 0.04592503 -0.04415654
vt 0.05985112 -0.07244733
vt 0.06218835 -0.06991553
vt 0.0612224 -0.06862164
vt 0.05848428 -0.07158771
vt 0.06143028 -0.07750392
vt 0.06423877 -0.07460441
vt 0.06339665 -0.07322673
vt 0.06002646 -0.07670615
vt 0.05911164 -0.05034878
vt 0.06363741 -0.04862193
vt 0.06345721 -0.04701734
vt 0.05817715 -0.049032
vt 0.0457865 1.598763E-05
vt 0.0503368 0.003367506
vt 0.04963333 0.00482088
vt 0.04460717 0.001118868
vt -0.02723212 0.03134333
vt -0.02860958 0.03743182
vt -0.03020478 0.03718182
vt -0.02877959 0.03088233
vt -0.06191245 -0.03421846
vt -0.06750388 -0.03098571
vt -0.06821661 -0.03243456
vt -0.06281246 -0.03555904
vt -0.06341656 -0.06911948
vt -0.06929781 -0.06702711
vt -0.06955148 -0.06862172
vt -0.06422704 -0.07051601
vt -0.0620501 -0.07387985
vt -0.06743825 -0.0721752
vt -0.06752495 -0.07378756
vt -0.06290655 -0.07524867
vt -0.05851714 -0.0487907
vt -0.06304291 -0.04706385
vt -0.06322309 -0.04866844
vt -0.05945163 -0.05010748
vt -0.04537342 0.00193815
vt -0.04862363 0.004332087
vt -0.0493271 0.002878712
vt -0.04655275 0.0008352717
vt 0.02921094 0.03232924
vt 0.02997129 0.03568997
vt 0.02837608 0.03593997
vt 0.02766347 0.03279024
vt 0.06406604 -0.03471732
vt 0.06686175 -0.03310095
vt 0.06614902 -0.03165209
vt 0.06316603 -0.03337675
vt 0.06519728 -0.06995294
vt 0.06844362 -0.06879799
vt 0.06818996 -0.06720336
vt 0.06438679 -0.06855641
vt 0.06325997 -0.07502753
vt 0.06710865 -0.07380992
vt 0.06702194 -0.07219758
vt 0.06240353 -0.0736587
vt 0.06675259 -0.05387885
vt 0.07146975 -0.05498022
vt 0.07221831 -0.05354954
vt 0.06671496 -0.05226461
vt 0.06822411 -0.03571703
vt 0.07338802 -0.03801311
vt 0.07430298 -0.03668268
vt 0.06859903 -0.03414649
vt 0.003151506 -0.08133774
vt 0.001259235 -0.08728641
vt 0.002761694 -0.08787784
vt 0.00471954 -0.08172303
vt -0.05401852 -0.07544987
vt -0.06009271 -0.07764512
vt -0.0594434 -0.07912349
vt -0.05357267 -0.07700177
vt -0.060967 -0.07911737
vt -0.06706331 -0.08045985
vt -0.06643333 -0.08194656
vt -0.06091421 -0.08073118
vt -0.0642831 -0.07194699
vt -0.06983024 -0.07302728
vt -0.06913516 -0.07448469
vt -0.06438046 -0.07355872
vt -0.06713174 -0.05225487
vt -0.07184891 -0.05335624
vt -0.07110034 -0.05478691
vt -0.06716938 -0.05386911
vt -0.06969015 -0.03440697
vt -0.07337867 -0.03604702
vt -0.07246371 -0.03737744
vt -0.06931524 -0.03597751
vt -0.004359113 -0.08318935
vt -0.003314607 -0.0864729
vt -0.001812152 -0.08588146
vt -0.002791082 -0.08280405
vt 0.05502383 -0.0774187
vt 0.05806093 -0.07851632
vt 0.05871023 -0.07703795
vt 0.05546969 -0.0758668
vt 0.06203539 -0.08076786
vt 0.06540044 -0.08150889
vt 0.06603042 -0.08002217
vt 0.06208818 -0.07915405
vt 0.06479661 -0.07353357
vt 0.06875886 -0.07430521
vt 0.06945394 -0.07284781
vt 0.06469925 -0.07192184
vt 0.07258364 -0.06324391
vt 0.0759346 -0.06674187
vt 0.0773428 -0.06595185
vt 0.07343335 -0.0618709
vt 0.06409713 -0.07618059
vt 0.0663609 -0.08135875
vt 0.06793375 -0.08099364
vt 0.06543325 -0.07527396
vt 0.02177472 -0.1007682
vt 0.02064779 -0.106908
vt 0.02221284 -0.1073053
vt 0.02337883 -0.1009527
vt -0.02443969 -0.1004687
vt -0.02831051 -0.1056389
vt -0.02695603 -0.1065179
vt -0.02321486 -0.1015208
vt -0.05071078 -0.08631539
vt -0.05538509 -0.09045278
vt -0.0541117 -0.09144558
vt -0.04987994 -0.0876999
vt -0.06586373 -0.0702215
vt -0.07022776 -0.0738122
vt -0.06892271 -0.07476299
vt -0.06518211 -0.07168526
vt -0.07378787 -0.0620903
vt -0.07713883 -0.06558826
vt -0.07573061 -0.06637828
vt -0.07293815 -0.06346332
vt -0.06606312 -0.07620222
vt -0.0676801 -0.0799009
vt -0.06610724 -0.08026601
vt -0.06472701 -0.07710885
vt -0.02320627 -0.1024527
vt -0.02258423 -0.1058418
vt -0.02101917 -0.1054446
vt -0.02160217 -0.1022683
vt 0.02419868 -0.1026662
vt 0.02613409 -0.1052513
vt 0.02748857 -0.1043724
vt 0.02542352 -0.101614
vt 0.05084181 -0.08827713
vt 0.05342194 -0.0905609
vt 0.05469535 -0.08956811
vt 0.05167266 -0.08689262
vt 0.06556007 -0.07186122
vt 0.06867723 -0.07442601
vt 0.06998229 -0.0734752
vt 0.06624169 -0.07039747
vt 0.0758191 -0.07296342
vt 0.07691024 -0.07768296
vt 0.07852439 -0.07772408
vt 0.0772514 -0.07221796
vt 0.06244364 -0.08843029
vt 0.06238371 -0.09408133
vt 0.06396789 -0.09439365
vt 0.06403409 -0.08815163
vt 0.03020819 -0.097326
vt 0.02873731 -0.1033926
vt 0.03027751 -0.1038773
vt 0.03179936 -0.09760048
vt -0.007224581 -0.09144191
vt -0.009672132 -0.09741889
vt -0.008140255 -0.09792931
vt -0.00577468 -0.09215252
vt -0.04119128 -0.07727238
vt -0.04386393 -0.08291367
vt -0.04230286 -0.08332626
vt -0.03988325 -0.07821907
vt -0.06703626 -0.06732763
vt -0.06918554 -0.07255433
vt -0.06758609 -0.07277558
vt -0.06574386 -0.06829555
vt -0.07744388 -0.0725878
vt -0.07853501 -0.07730733
vt -0.07692086 -0.07726619
vt -0.07601158 -0.07333325
vt -0.06422771 -0.08925657
vt -0.0641849 -0.09329303
vt -0.06260072 -0.09298071
vt -0.06263726 -0.08953522
vt -0.03154263 -0.09908842
vt -0.03073072 -0.1024371
vt -0.02919053 -0.1019523
vt -0.02995146 -0.09881392
vt 0.006439152 -0.09350834
vt 0.007662931 -0.09649683
vt 0.009194808 -0.09598641
vt 0.007889053 -0.09279773
vt 0.04054099 -0.07912781
vt 0.04201625 -0.0822417
vt 0.04357732 -0.0818291
vt 0.04184902 -0.07818112
vt 0.06599377 -0.06862924
vt 0.06752897 -0.0723626
vt 0.06912841 -0.07214136
vt 0.06728618 -0.06766132
vt 0.07693189 -0.08028208
vt 0.07560703 -0.0849414
vt 0.07700041 -0.08575727
vt 0.07854609 -0.08032139
vt 0.06563802 -0.08432709
vt 0.06364587 -0.08961569
vt 0.06502721 -0.0904518
vt 0.06722769 -0.08461013
vt 0.03938178 -0.07354799
vt 0.03723145 -0.0794083
vt 0.03870663 -0.08006482
vt 0.04093148 -0.07400142
vt 0.00320077 -0.05812119
vt 0.001549918 -0.06436535
vt 0.003135099 -0.06467257
vt 0.004730657 -0.05863755
vt -0.03688041 -0.05231076
vt -0.03745445 -0.05852669
vt -0.03584661 -0.05837841
vt -0.03532691 -0.05275099
vt -0.06836472 -0.06363492
vt -0.06774663 -0.06925239
vt -0.06623675 -0.06868015
vt -0.06676655 -0.06386518
vt -0.07853594 -0.08073818
vt -0.07721107 -0.0853975
vt -0.0758177 -0.08458164
vt -0.07692175 -0.08069886
vt -0.06703107 -0.08571456
vt -0.06560811 -0.08949213
vt -0.06422677 -0.08865602
vt -0.0654414 -0.08543153
vt -0.04050747 -0.07545052
vt -0.03932053 -0.07868531
vt -0.03784534 -0.07802881
vt -0.03895777 -0.0749971
vt -0.004247826 -0.06006814
vt -0.0034224 -0.06319022
vt -0.001837221 -0.062883
vt -0.002717938 -0.05955179
vt 0.03563281 -0.05383027
vt 0.03594967 -0.05726134
vt 0.03755752 -0.05740963
vt 0.03718631 -0.05339004
vt 0.06682602 -0.06427784
vt 0.06638452 -0.06829031
vt 0.06789438 -0.06886254
vt 0.06842418 -0.06404758
vt 0.0759095 -0.08534678
vt 0.07253931 -0.08882619
vt 0.07338144 -0.09020388
vt 0.07731332 -0.08614455
vt 0.07099861 -0.07654776
vt 0.06716525 -0.08070026
vt 0.06813119 -0.08199415
vt 0.07236545 -0.07740738
vt 0.05234625 -0.04249784
vt 0.04899808 -0.04776633
vt 0.05029977 -0.04872172
vt 0.05376397 -0.04327066
vt 0.01160468 -0.01004011
vt 0.01039215 -0.01638397
vt 0.01199486 -0.01658018
vt 0.01316678 -0.0104488
vt -0.04055506 -0.02068566
vt -0.03871221 -0.02664981
vt -0.03728279 -0.02589884
vt -0.03895118 -0.02049936
vt -0.06982244 -0.06175547
vt -0.0664597 -0.06629749
vt -0.06544338 -0.06504278
vt -0.06832572 -0.06114962
vt -0.07710734 -0.08650703
vt -0.07373715 -0.08998645
vt -0.07289502 -0.08860877
vt -0.07570352 -0.08570926
vt -0.07176824 -0.07835701
vt -0.06903012 -0.08132307
vt -0.06806418 -0.0800292
vt -0.07040141 -0.07749739
vt -0.05304127 -0.04459639
vt -0.05119314 -0.04750449
vt -0.04989145 -0.0465491
vt -0.05162355 -0.04382357
vt -0.01278462 -0.01190958
vt -0.01217835 -0.01508151
vt -0.01057564 -0.01488529
vt -0.01122252 -0.01150089
vt 0.03882179 -0.02161371
vt 0.03780457 -0.0249058
vt 0.03923399 -0.02565677
vt 0.04042569 -0.0218
vt 0.0681693 -0.06153608
vt 0.06576736 -0.06478038
vt 0.06678367 -0.06603508
vt 0.06966601 -0.06214192
vt 0.07227651 -0.08880652
vt 0.0676581 -0.09026764
vt 0.06774481 -0.09187999
vt 0.07313295 -0.09017535
vt 0.07316048 -0.07876585
vt 0.06783604 -0.08066013
vt 0.06808971 -0.08225475
vt 0.07397097 -0.08016238
vt 0.06962685 -0.03487372
vt 0.06422269 -0.0379982
vt 0.06493543 -0.03944705
vt 0.07052686 -0.0362143
vt 0.02431414 0.03851449
vt 0.02288893 0.03221499
vt 0.02448414 0.03196499
vt 0.02586161 0.03805349
vt -0.05790146 -0.006404585
vt -0.05287529 -0.0101066
vt -0.05217182 -0.008653228
vt -0.05672212 -0.005301705
vt -0.07018758 -0.06465644
vt -0.06490752 -0.0666711
vt -0.06472734 -0.06506652
vt -0.0692531 -0.06333967
vt -0.07277952 -0.09039649
vt -0.06816112 -0.09185761
vt -0.0680744 -0.09024526
vt -0.07192308 -0.08902766
vt -0.07300074 -0.08072548
vt -0.06919757 -0.08207853
vt -0.0689439 -0.08048391
vt -0.07219025 -0.07932895
vt -0.06927327 -0.03705592
vt -0.06629027 -0.03878058
vt -0.06557754 -0.03733172
vt -0.06837325 -0.03571535
vt -0.02543053 0.03660642
vt -0.02471793 0.03345667
vt -0.02312273 0.03370668
vt -0.02388306 0.03706742
vt 0.05595593 -0.006121156
vt 0.05318158 -0.008164601
vt 0.05388505 -0.00961798
vt 0.05713527 -0.007224037
vt 0.06891312 -0.06358093
vt 0.06514164 -0.06501998
vt 0.06532183 -0.06662457
vt 0.0698476 -0.06489771
vt 0.06612393 -0.08994687
vt 0.06136923 -0.0890209
vt 0.06067415 -0.09047832
vt 0.0662213 -0.09155861
vt 0.06411777 -0.09246165
vt 0.05859865 -0.09124627
vt 0.05796866 -0.09273298
vt 0.06406497 -0.09407546
vt 0.05848573 -0.0817733
vt 0.05261499 -0.07965158
vt 0.05196569 -0.08112995
vt 0.05803987 -0.0833252
vt 0.002993643 -0.08604704
vt 0.001035804 -0.07989223
vt -0.0004666549 -0.08048367
vt 0.001425608 -0.08643233
vt -0.06863858 -0.04942202
vt -0.06293464 -0.04688581
vt -0.06384961 -0.04555539
vt -0.06901351 -0.04785147
vt -0.06792575 -0.07193457
vt -0.06242241 -0.07064963
vt -0.06317098 -0.06921896
vt -0.06788813 -0.07032032
vt -0.06580515 -0.09158376
vt -0.06105046 -0.09065779
vt -0.06174554 -0.08920038
vt -0.06570778 -0.08997202
vt -0.06294377 -0.09403878
vt -0.05900155 -0.09317066
vt -0.05963153 -0.09168395
vt -0.06299657 -0.09242497
vt -0.05658864 -0.0829083
vt -0.05334811 -0.08173715
vt -0.05399742 -0.08025878
vt -0.0570345 -0.0813564
vt -0.001065321 -0.08496606
vt -8.640139E-05 -0.08188867
vt -0.00158886 -0.08129723
vt -0.002633353 -0.08458078
vt 0.06792238 -0.04759102
vt 0.06477391 -0.04619109
vt 0.06385895 -0.04752151
vt 0.06754746 -0.04916157
vt 0.06747133 -0.07033004
vt 0.06354036 -0.06941223
vt 0.0627918 -0.07084291
vt 0.06750896 -0.07194427
vt 0.1592642 0.1418162
vt 0.1525659 0.1473275
vt 0.1502289 0.1456248
vt 0.1580436 0.139195
vt 0.1107578 0.07443207
vt 0.10318 0.08113945
vt 0.1008997 0.07936166
vt 0.10927 0.07195283
vt 0.03340213 -0.01763045
vt 0.02670283 -0.008682174
vt 0.02427736 -0.0102561
vt 0.03120881 -0.01951447
vt -0.09113578 -0.05162663
vt -0.09322373 -0.04025109
vt -0.09602626 -0.04096241
vt -0.09400825 -0.05195694
vt -0.1877183 0.04481492
vt -0.1832407 0.05505713
vt -0.1860572 0.05571091
vt -0.1901109 0.04643841
vt -0.1904579 0.1359203
vt -0.1834572 0.143228
vt -0.1859789 0.1446427
vt -0.1919795 0.1383789
vt -0.1573668 0.1395102
vt -0.1506685 0.1450214
vt -0.1530055 0.146724
vt -0.1585874 0.1421313
vt -0.1075475 0.07298641
vt -0.1021348 0.07777739
vt -0.1044151 0.0795552
vt -0.1090353 0.07546566
vt -0.02944743 -0.01746317
vt -0.02574954 -0.01252389
vt -0.02817501 -0.01094997
vt -0.03164075 -0.01557915
vt 0.09431772 -0.04927071
vt 0.09536168 -0.04358293
vt 0.09255914 -0.04287162
vt 0.09144525 -0.04894041
vt 0.188983 0.04810064
vt 0.1865114 0.05375414
vt 0.1836949 0.05310035
vt 0.1865904 0.04647714
vt 0.1913446 0.1387718
vt 0.1863442 0.1439916
vt 0.1838225 0.1425769
vt 0.1898231 0.1363132
vt 0.1426221 0.1599924
vt 0.1393232 0.1680148
vt 0.1364591 0.1676186
vt 0.1403078 0.1582591
vt 0.06519227 0.1338026
vt 0.06085947 0.142948
vt 0.05806407 0.1422092
vt 0.06284999 0.1321073
vt -0.02439804 0.08993988
vt -0.02863408 0.1002843
vt -0.0313772 0.09937033
vt -0.02699437 0.08866738
vt -0.1133807 0.06746765
vt -0.1161059 0.07870757
vt -0.1188639 0.07783957
vt -0.11623 0.06697612
vt -0.1779798 0.09059541
vt -0.1780983 0.101773
vt -0.1809351 0.1012137
vt -0.1808278 0.09109439
vt -0.1871678 0.1387324
vt -0.1848882 0.1485922
vt -0.1877787 0.1485186
vt -0.1897326 0.1400673
vt -0.1398602 0.1588567
vt -0.1365614 0.1668791
vt -0.1394255 0.1672752
vt -0.1421746 0.1605899
vt -0.06167212 0.1337346
vt -0.05857726 0.140267
vt -0.06137267 0.1410059
vt -0.06401441 0.1354298
vt 0.02818387 0.09109543
vt 0.03052209 0.09680539
vt 0.02777896 0.09771939
vt 0.02558754 0.09236792
vt 0.11669 0.06964053
vt 0.1180526 0.07526049
vt 0.1152946 0.0761285
vt 0.1138407 0.07013206
vt 0.1804811 0.09307301
vt 0.1805465 0.09924283
vt 0.1777097 0.09980209
vt 0.1776331 0.09257402
vt 0.1893879 0.1407295
vt 0.1877597 0.1477723
vt 0.1848692 0.1478459
vt 0.1868231 0.1393947
vt 0.1367328 0.1801884
vt 0.1376815 0.1888105
vt 0.1349778 0.1898352
vt 0.1338709 0.179776
vt 0.04297544 0.1981306
vt 0.04204484 0.2082076
vt 0.03916567 0.2084731
vt 0.04019359 0.1973423
vt -0.05740273 0.1842584
vt -0.0602599 0.1950653
vt -0.06309848 0.1945152
vt -0.06014229 0.1833338
vt -0.1361853 0.1552032
vt -0.1401693 0.1660609
vt -0.1428109 0.1648853
vt -0.1389603 0.1543912
vt -0.1819674 0.1374907
vt -0.1859079 0.1479513
vt -0.1883814 0.1464541
vt -0.1848141 0.1369838
vt -0.1847137 0.1484806
vt -0.1874816 0.1582146
vt -0.1899767 0.1567536
vt -0.1876042 0.1484102
vt -0.1337644 0.180515
vt -0.1347131 0.1891371
vt -0.1374169 0.1881124
vt -0.1366263 0.1809273
vt -0.03964576 0.199275
vt -0.03898104 0.2064728
vt -0.04186022 0.2062073
vt -0.04242761 0.2000633
vt 0.06100649 0.1858957
vt 0.0625836 0.1918609
vt 0.05974501 0.1924111
vt 0.05826693 0.1868204
vt 0.1397198 0.1569861
vt 0.1417119 0.162415
vt 0.1390702 0.1635906
vt 0.1369448 0.157798
vt 0.1851662 0.1389615
vt 0.1873412 0.1447356
vt 0.1848677 0.1462328
vt 0.1823196 0.1394684
vt 0.1876224 0.1491565
vt 0.1895994 0.1561093
vt 0.1871043 0.1575703
vt 0.1847319 0.1492269
vt 0.1448051 0.1929447
vt 0.1499665 0.1999161
vt 0.1481466 0.2021629
vt 0.142125 0.1940295
vt 0.05033212 0.2361784
vt 0.05331968 0.2458472
vt 0.05076003 0.247192
vt 0.04746003 0.236512
vt -0.0825805 0.2285419
vt -0.08467906 0.2395214
vt -0.08754903 0.23917
vt -0.08537774 0.2278101
vt -0.1662378 0.1784674
vt -0.1724412 0.1882286
vt -0.1747721 0.1865178
vt -0.1687765 0.1770835
vt -0.1915643 0.1497625
vt -0.1991465 0.157976
vt -0.2008762 0.155659
vt -0.1940118 0.1482231
vt -0.1834436 0.1571526
vt -0.1904844 0.1644216
vt -0.1919924 0.1619546
vt -0.1859574 0.155724
vt -0.1424051 0.1947216
vt -0.1475665 0.201693
vt -0.1493864 0.1994462
vt -0.1450852 0.1936367
vt -0.04769175 0.2385073
vt -0.04982572 0.2454137
vt -0.05238537 0.2440689
vt -0.05056383 0.2381738
vt 0.08606175 0.2304259
vt 0.08722011 0.2364864
vt 0.08435014 0.2368377
vt 0.08326451 0.2311577
vt 0.1700708 0.1794574
vt 0.1731724 0.184338
vt 0.1708415 0.1860488
vt 0.1675321 0.1808413
vt 0.1950813 0.1499236
vt 0.1992666 0.1544573
vt 0.1975368 0.1567742
vt 0.1926337 0.1514629
vt 0.1863262 0.1563731
vt 0.1913554 0.1615653
vt 0.1898474 0.1640323
vt 0.1838124 0.1578017
vt 0.1650473 0.191874
vt 0.1731516 0.1949663
vt 0.1728289 0.1978396
vt 0.1633739 0.194232
vt 0.1136568 0.2198298
vt 0.121805 0.2258314
vt 0.1205453 0.2284339
vt 0.1115449 0.2218048
vt -0.1170513 0.2004652
vt -0.1195179 0.2113678
vt -0.1223745 0.2109201
vt -0.1198223 0.1996396
vt -0.197897 0.09956629
vt -0.2079095 0.1053552
vt -0.2091858 0.1027607
vt -0.1995086 0.09716571
vt -0.1921941 0.1201621
vt -0.2027256 0.1239089
vt -0.2031799 0.1210534
vt -0.1936454 0.1176614
vt -0.1815126 0.1618637
vt -0.1911611 0.1649162
vt -0.1913164 0.1620289
vt -0.1830462 0.1594125
vt -0.1639827 0.1946641
vt -0.172087 0.1977564
vt -0.1724096 0.194883
vt -0.1656561 0.1923061
vt -0.112917 0.223272
vt -0.1187371 0.2275588
vt -0.1199968 0.2249562
vt -0.1150288 0.221297
vt 0.1205936 0.2022313
vt 0.1219552 0.2082494
vt 0.1190986 0.208697
vt 0.1178226 0.2030568
vt 0.2017535 0.09867276
vt 0.2067597 0.1015672
vt 0.2054834 0.1041617
vt 0.2001418 0.1010733
vt 0.1953828 0.1186697
vt 0.201196 0.1207378
vt 0.2007418 0.1235933
vt 0.1939315 0.1211704
vt 0.1836791 0.1598085
vt 0.1905709 0.1619889
vt 0.1904156 0.1648761
vt 0.1821455 0.1622597
vt 0.1887813 0.1788737
vt 0.1972283 0.1769014
vt 0.1985687 0.1794634
vt 0.1887139 0.1817643
vt 0.203006 0.1059633
vt 0.212253 0.1018517
vt 0.2138914 0.1042341
vt 0.2036774 0.1087756
vt 0.04757641 -0.1640566
vt 0.04418788 -0.1747089
vt 0.04687833 -0.175768
vt 0.05038428 -0.1647466
vt -0.1374591 -0.03661759
vt -0.1483361 -0.04054862
vt -0.1471734 -0.04319594
vt -0.1366607 -0.03939658
vt -0.164078 0.08520238
vt -0.1749946 0.08279841
vt -0.1738665 0.08013617
vt -0.1639834 0.08231254
vt -0.1773332 0.1654076
vt -0.1872665 0.1634731
vt -0.1860218 0.1608633
vt -0.1775076 0.1625215
vt -0.1894602 0.1817817
vt -0.1979072 0.1798094
vt -0.1965668 0.1772475
vt -0.1895276 0.178891
vt -0.2056313 0.1083091
vt -0.2122363 0.1053723
vt -0.2105978 0.1029899
vt -0.2049599 0.1054967
vt -0.04974062 -0.167372
vt -0.04787026 -0.1732518
vt -0.04517981 -0.1721928
vt -0.04693275 -0.166682
vt 0.1392595 -0.04014283
vt 0.144698 -0.04210834
vt 0.1458607 -0.03946102
vt 0.1400579 -0.03736385
vt 0.1659911 0.08224677
vt 0.1720169 0.08091982
vt 0.173145 0.08358207
vt 0.1660856 0.08513662
vt 0.1782528 0.1625665
vt 0.185348 0.1611847
vt 0.1865926 0.1637944
vt 0.1780784 0.1654526
vt 0.2063486 0.1641563
vt 0.2123491 0.1578926
vt 0.2148708 0.1593073
vt 0.2078702 0.166615
vt 0.2037233 0.06343418
vt 0.207777 0.05416166
vt 0.2105935 0.05481545
vt 0.2061158 0.06505767
vt 0.1009886 -0.04187325
vt 0.09897057 -0.05286779
vt 0.1017731 -0.0535791
vt 0.103861 -0.04220356
vt -0.03293493 -0.003774448
vt -0.03986638 -0.01303282
vt -0.0374409 -0.01460675
vt -0.03074161 -0.005658468
vt -0.1174468 0.09805614
vt -0.1258171 0.09064731
vt -0.1235368 0.08886951
vt -0.115959 0.0955769
vt -0.1717091 0.1717313
vt -0.1795238 0.1653015
vt -0.1771868 0.1635989
vt -0.1704885 0.1691102
vt -0.208505 0.1662221
vt -0.2145056 0.1599583
vt -0.2119839 0.1585437
vt -0.2069834 0.1637635
vt -0.2072437 0.06339531
vt -0.2101392 0.05677209
vt -0.2073227 0.0561183
vt -0.2048511 0.0617718
vt -0.1035526 -0.04488948
vt -0.1024387 -0.05095826
vt -0.09963619 -0.05024695
vt -0.1006802 -0.04455917
vt 0.03250368 -0.007709168
vt 0.03596941 -0.01233835
vt 0.03839488 -0.01076443
vt 0.03469699 -0.005825148
vt 0.1176814 0.09454316
vt 0.1223016 0.09045362
vt 0.1245819 0.09223142
vt 0.1191692 0.09702241
vt 0.1711653 0.168795
vt 0.1767472 0.1642023
vt 0.1790842 0.1659049
vt 0.1723859 0.1714161
vt 0.215262 0.1548726
vt 0.2172159 0.1464213
vt 0.2201064 0.1463477
vt 0.2178268 0.1562075
vt 0.2002145 0.1010093
vt 0.2001072 0.09088998
vt 0.202944 0.09033071
vt 0.2030626 0.1015083
vt 0.1237671 0.07665078
vt 0.1211332 0.06578733
vt 0.1238912 0.06491934
vt 0.1266164 0.07615925
vt 0.02136886 0.1034688
vt 0.01698604 0.09276587
vt 0.01972916 0.09185185
vt 0.0239652 0.1021963
vt -0.08062581 0.1528982
vt -0.08541174 0.1427964
vt -0.08261633 0.1420576
vt -0.07828353 0.151203
vt -0.1677262 0.1804759
vt -0.1715749 0.1711165
vt -0.1687108 0.1707203
vt -0.1654119 0.1787427
vt -0.2181715 0.1555452
vt -0.2201254 0.147094
vt -0.2172349 0.1471677
vt -0.2156067 0.1542104
vt -0.2034092 0.09952955
vt -0.2033325 0.09230147
vt -0.2004957 0.09286074
vt -0.2005611 0.09903056
vt -0.1261572 0.07349479
vt -0.1247033 0.06749836
vt -0.1219453 0.06836636
vt -0.1233079 0.07398632
vt -0.02277476 0.09976858
vt -0.02058334 0.09441711
vt -0.01784021 0.09533111
vt -0.02017843 0.1010411
vt 0.07946114 0.1495756
vt 0.08210289 0.1439996
vt 0.08489829 0.1447384
vt 0.08180343 0.1512708
vt 0.1658594 0.1781451
vt 0.1686085 0.1714598
vt 0.1714726 0.171856
vt 0.1681738 0.1798784
vt 0.2171094 0.1490385
vt 0.214737 0.1406951
vt 0.2172321 0.139234
vt 0.2199999 0.1489681
vt 0.2064243 0.1396576
vt 0.2028569 0.1301873
vt 0.2053305 0.1286901
vt 0.2092709 0.1391508
vt 0.1475474 0.1631473
vt 0.1436968 0.1526533
vt 0.1463384 0.1514777
vt 0.1503224 0.1623354
vt 0.05264267 0.1972796
vt 0.04968649 0.1860982
vt 0.05252507 0.185548
vt 0.05538223 0.1963549
vt -0.06402555 0.2107689
vt -0.06505346 0.1996381
vt -0.06217429 0.1999036
vt -0.06124369 0.2099806
vt -0.1685824 0.1861376
vt -0.1674756 0.1760785
vt -0.1647718 0.1771032
vt -0.1657206 0.1857253
vt -0.2199817 0.1482217
vt -0.2176093 0.1398783
vt -0.2151142 0.1413393
vt -0.2170912 0.1482922
vt -0.2089187 0.1371731
vt -0.2063706 0.1304086
vt -0.2038971 0.1319058
vt -0.2060721 0.1376799
vt -0.1495635 0.1597402
vt -0.1474381 0.1539477
vt -0.1447965 0.1551233
vt -0.1467885 0.1605522
vt -0.05451707 0.1937933
vt -0.05303898 0.1882025
vt -0.0502004 0.1887527
vt -0.0517775 0.1947179
vt 0.06179125 0.2080479
vt 0.06235865 0.2019039
vt 0.06523782 0.2016384
vt 0.0645731 0.2088363
vt 0.165827 0.1849864
vt 0.1650364 0.1778013
vt 0.1677401 0.1767766
vt 0.1686888 0.1853987
vt 0.2122541 0.1423289
vt 0.2062191 0.1360983
vt 0.2077271 0.1336313
vt 0.214768 0.1409003
vt 0.2150431 0.1425809
vt 0.2081787 0.135145
vt 0.2099084 0.132828
vt 0.2174907 0.1410415
vt 0.1790302 0.1838118
vt 0.1730346 0.1743775
vt 0.1753656 0.1726667
vt 0.1815689 0.1824279
vt 0.07692645 0.2412003
vt 0.07475515 0.2298404
vt 0.07762512 0.229489
vt 0.07972369 0.2404685
vt -0.07461308 0.2398216
vt -0.07131308 0.2291416
vt -0.06875344 0.2304864
vt -0.07174099 0.2401552
vt -0.1753178 0.1820465
vt -0.1692962 0.1739131
vt -0.1674763 0.1761599
vt -0.1726376 0.1831314
vt -0.2143991 0.1402512
vt -0.2083641 0.1340207
vt -0.2068561 0.1364877
vt -0.2118853 0.1416798
vt -0.2164212 0.1393411
vt -0.2115181 0.1340298
vt -0.2097884 0.1363468
vt -0.2139737 0.1408805
vt -0.1802751 0.1800537
vt -0.1769657 0.1748461
vt -0.1746347 0.1765569
vt -0.1777364 0.1814375
vt -0.07903863 0.237853
vt -0.077953 0.232173
vt -0.07508303 0.2325244
vt -0.07624139 0.2385848
vt 0.07150909 0.2381599
vt 0.06968755 0.2322648
vt 0.07224719 0.23092
vt 0.07438116 0.2378263
vt 0.1723575 0.1824394
vt 0.1680564 0.1766298
vt 0.1698763 0.174383
vt 0.1750377 0.1813545
vt 0.199825 0.1351345
vt 0.1915548 0.1325181
vt 0.19171 0.1296309
vt 0.2013586 0.1326834
vt 0.2096425 0.1028883
vt 0.200108 0.09949625
vt 0.2005623 0.09664075
vt 0.2110938 0.1003876
vt 0.2117111 0.09839292
vt 0.2020339 0.09279792
vt 0.2033102 0.09020345
vt 0.2133228 0.09599234
vt 0.1118265 0.2133063
vt 0.1092744 0.2020259
vt 0.1121309 0.2015782
vt 0.1145976 0.2124808
vt -0.1353511 0.2083323
vt -0.1263508 0.2017032
vt -0.1250911 0.2043057
vt -0.1332393 0.2103073
vt -0.184881 0.1662534
vt -0.175426 0.1626457
vt -0.1751033 0.165519
vt -0.1832076 0.1686113
vt -0.2007257 0.1322874
vt -0.1924555 0.1296709
vt -0.1923003 0.1325581
vt -0.1991921 0.1347385
vt -0.2093565 0.09937922
vt -0.2025461 0.09695631
vt -0.2020919 0.0998118
vt -0.2079051 0.10188
vt -0.211078 0.09448513
vt -0.2057364 0.0913968
vt -0.2044601 0.09399126
vt -0.2094664 0.0968857
vt -0.1138241 0.2098905
vt -0.1125481 0.2042502
vt -0.1096915 0.2046979
vt -0.111053 0.210716
vt 0.1318671 0.2088402
vt 0.1268991 0.205181
vt 0.1281588 0.2025784
vt 0.133979 0.2068652
vt 0.1825987 0.1681793
vt 0.1758452 0.1656024
vt 0.1761678 0.1627291
vt 0.1842721 0.1658213
vt 0.1806296 0.1331752
vt 0.1721154 0.1348334
vt 0.1708707 0.1322236
vt 0.1808039 0.1302891
vt 0.16972 0.06130682
vt 0.1598369 0.06348319
vt 0.1587088 0.06082094
vt 0.1696255 0.05841696
vt 0.1454585 -0.04794102
vt 0.1349458 -0.04414165
vt 0.1337831 -0.04678897
vt 0.1446601 -0.05072
vt -0.0365721 -0.1724895
vt -0.04007806 -0.1614681
vt -0.0427685 -0.1625272
vt -0.03937998 -0.1731794
vt -0.2037482 0.08142173
vt -0.1935342 0.0859633
vt -0.1951726 0.08834568
vt -0.2044196 0.08423409
vt -0.190882 0.1465413
vt -0.1810272 0.1488422
vt -0.1823677 0.1514042
vt -0.1908146 0.1494319
vt -0.1800587 0.130244
vt -0.1715445 0.1319022
vt -0.1727892 0.1345119
vt -0.1798844 0.1331302
vt -0.1676177 0.05848249
vt -0.1605584 0.06003704
vt -0.1616865 0.06269929
vt -0.1677123 0.06137234
vt -0.1420616 -0.04997288
vt -0.1362588 -0.04787571
vt -0.1374215 -0.0452284
vt -0.14286 -0.0471939
vt 0.04002699 -0.1705535
vt 0.04177991 -0.1650428
vt 0.03908946 -0.1639837
vt 0.03721911 -0.1698636
vt 0.2024657 0.0847005
vt 0.1968278 0.08720736
vt 0.1951893 0.08482496
vt 0.2017943 0.08188812
vt 0.1900683 0.1494146
vt 0.1830291 0.151058
vt 0.1816887 0.1484962
vt 0.1901357 0.1465239
vt 0.1565516 0.13507
vt 0.1464607 0.1433727
vt 0.1429401 0.1408078
vt 0.1547129 0.1311212
vt 0.1094362 0.06907983
vt 0.09802026 0.07918447
vt 0.09458505 0.07650624
vt 0.1071948 0.06534487
vt 0.03390805 -0.02078171
vt 0.0238156 -0.007301182
vt 0.02016165 -0.009672295
vt 0.03060384 -0.02361997
vt -0.08826406 -0.0540723
vt -0.09140953 -0.03693512
vt -0.09563153 -0.03800671
vt -0.0925914 -0.05456992
vt -0.1834387 0.0398598
vt -0.1766932 0.05528964
vt -0.1809363 0.05627456
vt -0.1870431 0.04230558
vt -0.1863089 0.1284037
vt -0.1757625 0.1394127
vt -0.1795613 0.141544
vt -0.1886011 0.1321076
vt -0.1536933 0.131596
vt -0.1436024 0.1398987
vt -0.147123 0.1424637
vt -0.1555321 0.1355447
vt -0.1046 0.06690199
vt -0.09644578 0.07411958
vt -0.09988098 0.07679781
vt -0.1068413 0.07063694
vt -0.02795013 -0.02052987
vt -0.02237928 -0.01308888
vt -0.02603324 -0.01071777
vt -0.03125435 -0.0176916
vt 0.09305723 -0.05052324
vt 0.09462995 -0.04195464
vt 0.09040795 -0.04088306
vt 0.08872987 -0.05002565
vt 0.1853439 0.04480959
vt 0.1816205 0.05332658
vt 0.1773775 0.05234165
vt 0.1817395 0.04236381
vt 0.1876448 0.1326995
vt 0.1801116 0.1405631
vt 0.1763127 0.1384319
vt 0.1853525 0.1289956
vt 0.1369491 0.1554508
vt 0.1319793 0.1675365
vt 0.1276645 0.1669396
vt 0.1334626 0.1528396
vt 0.06178343 0.129522
vt 0.05525608 0.1432995
vt 0.05104482 0.1421865
vt 0.05825479 0.1269682
vt -0.02476631 0.08689641
vt -0.03114787 0.1024803
vt -0.03528037 0.1011033
vt -0.02867766 0.08497941
vt -0.1104006 0.06533477
vt -0.1145061 0.08226764
vt -0.1186611 0.08096001
vt -0.1146931 0.06459428
vt -0.1720161 0.08798148
vt -0.1721947 0.1048204
vt -0.1764683 0.1039779
vt -0.1763066 0.0887332
vt -0.1796851 0.1345301
vt -0.176251 0.1493838
vt -0.1806055 0.1492728
vt -0.183549 0.1365411
vt -0.1327883 0.1537399
vt -0.1278186 0.1658255
vt -0.1321334 0.1664224
vt -0.1362748 0.156351
vt -0.05648052 0.1294197
vt -0.05181812 0.1392608
vt -0.0560294 0.1403738
vt -0.06000916 0.1319736
vt 0.03047011 0.08863705
vt 0.03399261 0.09723908
vt 0.02986011 0.09861603
vt 0.02655875 0.09055404
vt 0.1153857 0.06860823
vt 0.1174384 0.07707468
vt 0.1132835 0.07838231
vt 0.1110932 0.06934872
vt 0.1757844 0.09171404
vt 0.175883 0.1010088
vt 0.1716093 0.1018514
vt 0.1714939 0.09096232
vt 0.1830298 0.1375387
vt 0.1805768 0.1481485
vt 0.1762224 0.1482595
vt 0.1791659 0.1355277
vt 0.1294824 0.1790393
vt 0.1309116 0.1920285
vt 0.1268384 0.1935722
vt 0.125171 0.1784181
vt 0.0382176 0.1953802
vt 0.03681566 0.2105611
vt 0.03247819 0.2109611
vt 0.03402676 0.1941926
vt -0.05821765 0.1813854
vt -0.06252195 0.1976659
vt -0.06679825 0.1968372
vt -0.06234478 0.1799925
vt -0.132993 0.1535332
vt -0.138995 0.1698903
vt -0.1429745 0.1681193
vt -0.1371736 0.15231
vt -0.1754348 0.1372059
vt -0.181371 0.1529648
vt -0.1850974 0.1507092
vt -0.1797232 0.1364423
vt -0.1760582 0.1485492
vt -0.180228 0.1632135
vt -0.1839869 0.1610125
vt -0.1804128 0.1484432
vt -0.1250106 0.1795313
vt -0.1264398 0.1925205
vt -0.130513 0.1909768
vt -0.1293219 0.1801525
vt -0.03320158 0.1971042
vt -0.03220019 0.2079477
vt -0.03653765 0.2075477
vt -0.03739243 0.1982918
vt 0.06364699 0.1838519
vt 0.06602287 0.1928385
vt 0.06174657 0.1936672
vt 0.05951985 0.1852449
vt 0.1383177 0.1562193
vt 0.1413187 0.1643978
vt 0.1373391 0.1661688
vt 0.1341371 0.1574424
vt 0.1802537 0.1394217
vt 0.1835303 0.1481204
vt 0.1798039 0.1503759
vt 0.1759652 0.1401853
vt 0.1804402 0.1495675
vt 0.1834186 0.160042
vt 0.1796597 0.1622429
vt 0.1760857 0.1496736
vt 0.1378684 0.1957192
vt 0.1456441 0.2062217
vt 0.1429024 0.2096065
vt 0.1338308 0.1973536
vt 0.04479587 0.2355197
vt 0.0492966 0.2500857
vt 0.04544051 0.2521116
vt 0.04046909 0.2360222
vt -0.08363733 0.2257623
vt -0.0867988 0.2423028
vt -0.09112239 0.2417735
vt -0.08785136 0.2246598
vt -0.1627517 0.1775669
vt -0.172097 0.1922721
vt -0.1756085 0.1896947
vt -0.1665763 0.1754821
vt -0.1853521 0.1520516
vt -0.1967748 0.1644251
vt -0.1993805 0.1609347
vt -0.1890394 0.1497326
vt -0.175771 0.1614328
vt -0.186378 0.1723835
vt -0.1886498 0.168667
vt -0.1795581 0.1592806
vt -0.1342528 0.1983961
vt -0.1420284 0.2088986
vt -0.1447701 0.2055138
vt -0.1382904 0.1967618
vt -0.04081824 0.2390282
vt -0.04403303 0.2494325
vt -0.04788914 0.2474067
vt -0.04514501 0.2385257
vt 0.08888195 0.2286005
vt 0.09062701 0.2377306
vt 0.08630343 0.2382599
vt 0.08466793 0.2297031
vt 0.1685259 0.1790583
vt 0.1731986 0.1864109
vt 0.169687 0.1889883
vt 0.1647014 0.1811431
vt 0.1906505 0.1522944
vt 0.1969556 0.1591243
vt 0.1943497 0.1626148
vt 0.1869632 0.1546133
vt 0.1801138 0.1602584
vt 0.1876902 0.1680804
vt 0.1854184 0.1717969
vt 0.1763267 0.1624106
vt 0.1606074 0.1980677
vt 0.1728164 0.2027262
vt 0.1723303 0.2070548
vt 0.1580864 0.2016199
vt 0.1087167 0.2226477
vt 0.1209919 0.231689
vt 0.1190942 0.2356097
vt 0.1055353 0.2256229
vt -0.1180408 0.197602
vt -0.1217567 0.2140268
vt -0.1260601 0.2133523
vt -0.1222153 0.1963584
vt -0.1943338 0.10039
vt -0.2094177 0.1091109
vt -0.2113404 0.1052023
vt -0.1967618 0.09677351
vt -0.1876836 0.1251599
vt -0.2035493 0.1308045
vt -0.2042336 0.1265027
vt -0.18987 0.1213926
vt -0.1767098 0.1693984
vt -0.1912453 0.173997
vt -0.1914792 0.1696474
vt -0.1790202 0.1657058
vt -0.1590036 0.2022709
vt -0.1712127 0.2069293
vt -0.1716988 0.2026007
vt -0.1615246 0.1987186
vt -0.1076025 0.2278331
vt -0.1163705 0.2342912
vt -0.1182682 0.2303705
vt -0.1107839 0.2248579
vt 0.1233779 0.2002623
vt 0.1254291 0.2093285
vt 0.1211257 0.2100029
vt 0.1192034 0.2015059
vt 0.2001435 0.09904388
vt 0.2076855 0.1034043
vt 0.2057627 0.1073129
vt 0.1977156 0.1026603
vt 0.1924874 0.1229117
vt 0.2012449 0.1260274
vt 0.2005606 0.1303292
vt 0.1903009 0.1266791
vt 0.1799737 0.1663023
vt 0.1903562 0.169587
vt 0.1901222 0.1739365
vt 0.1776633 0.1699949
vt 0.1884826 0.1866177
vt 0.201208 0.1836465
vt 0.2032273 0.187506
vt 0.1883811 0.1909723
vt 0.2029393 0.1117636
vt 0.2168698 0.1055695
vt 0.2193381 0.1091585
vt 0.2039507 0.1160004
vt 0.04993848 -0.1619896
vt 0.04483371 -0.1780372
vt 0.04888685 -0.1796327
vt 0.05416852 -0.163029
vt -0.1356988 -0.03329813
vt -0.1520849 -0.0392202
vt -0.1503333 -0.04320836
vt -0.134496 -0.03748465
vt -0.162809 0.0919279
vt -0.1792548 0.08830633
vt -0.1775554 0.08429568
vt -0.1626666 0.08757438
vt -0.1766301 0.1744448
vt -0.1915945 0.1715305
vt -0.1897194 0.1675989
vt -0.1768928 0.1700968
vt -0.1895055 0.1909985
vt -0.2022308 0.1880274
vt -0.2002115 0.1841679
vt -0.189607 0.1866438
vt -0.2068943 0.1152976
vt -0.2168446 0.1108733
vt -0.2143764 0.1072842
vt -0.2058829 0.1110608
vt -0.05319814 -0.1669842
vt -0.05038047 -0.1758422
vt -0.04632732 -0.1742467
vt -0.0489681 -0.1659449
vt 0.138411 -0.03860895
vt 0.1466041 -0.04156997
vt 0.1483557 -0.03758181
vt 0.1396137 -0.03442243
vt 0.1656911 0.08747538
vt 0.1747689 0.08547635
vt 0.1764684 0.089487
vt 0.1658335 0.09182893
vt 0.1780154 0.1701647
vt 0.1887043 0.168083
vt 0.1905794 0.1720146
vt 0.1777528 0.1745126
vt 0.2102482 0.1709412
vt 0.219288 0.1615048
vt 0.2230868 0.163636
vt 0.2125404 0.1746451
vt 0.2075501 0.06790955
vt 0.213657 0.05394058
vt 0.2179 0.05492549
vt 0.2111545 0.07035533
vt 0.1031075 -0.0393788
vt 0.1000674 -0.05594202
vt 0.1042894 -0.05701361
vt 0.1074349 -0.03987641
vt -0.03320437 9.246038E-05
vt -0.04364658 -0.01385522
vt -0.03999262 -0.01622633
vt -0.02990016 -0.00274581
vt -0.119513 0.1046692
vt -0.1321228 0.09350779
vt -0.1286876 0.09082957
vt -0.1172717 0.1009342
vt -0.1752999 0.1801369
vt -0.1870726 0.1704504
vt -0.183552 0.1678855
vt -0.173461 0.1761882
vt -0.2134968 0.1740532
vt -0.2225366 0.1646169
vt -0.2187377 0.1624856
vt -0.2112045 0.1703493
vt -0.2128537 0.06785109
vt -0.2172157 0.05787325
vt -0.2129727 0.05688832
vt -0.2092493 0.06540531
vt -0.1069699 -0.0439229
vt -0.1052918 -0.05306549
vt -0.1010698 -0.0519939
vt -0.1026425 -0.0434253
vt 0.03255447 -0.005835481
vt 0.03777557 -0.01280932
vt 0.04142953 -0.0104382
vt 0.03585868 -0.002997212
vt 0.1198666 0.09937694
vt 0.1268269 0.09321608
vt 0.1302622 0.0958943
vt 0.1221079 0.1031119
vt 0.1744806 0.1757134
vt 0.1828897 0.1687945
vt 0.1864103 0.1713594
vt 0.1763194 0.1796622
vt 0.2220089 0.1588452
vt 0.2249525 0.1461134
vt 0.2293069 0.1460025
vt 0.2258728 0.1608562
vt 0.2055126 0.1036699
vt 0.2053509 0.08842519
vt 0.2096245 0.08758265
vt 0.2098031 0.1044216
vt 0.1260479 0.07916906
vt 0.1220799 0.06280335
vt 0.1262349 0.06149571
vt 0.1303404 0.07842858
vt 0.02020259 0.1072777
vt 0.01359988 0.09115376
vt 0.01773239 0.08977681
vt 0.02411395 0.1053607
vt -0.08503374 0.1582894
vt -0.09224371 0.143071
vt -0.08803245 0.141958
vt -0.0815051 0.1557355
vt -0.1747683 0.1863091
vt -0.1805663 0.1722092
vt -0.1762515 0.1716123
vt -0.1712818 0.183698
vt -0.2263921 0.1598585
vt -0.2293356 0.1471267
vt -0.2249812 0.1472376
vt -0.2225282 0.1578474
vt -0.2103254 0.1014408
vt -0.2102099 0.09055178
vt -0.2059363 0.09139432
vt -0.2060349 0.1006891
vt -0.129648 0.07441466
vt -0.1274577 0.06538107
vt -0.1233028 0.0666887
vt -0.1253555 0.07515515
vt -0.02232132 0.1017032
vt -0.01901996 0.0936412
vt -0.01488746 0.09501814
vt -0.01840996 0.1036202
vt 0.08327951 0.1532841
vt 0.08725928 0.1448838
vt 0.09147054 0.1459969
vt 0.08680816 0.1558379
vt 0.1719559 0.1827978
vt 0.1760974 0.1727264
vt 0.1804121 0.1733232
vt 0.1754424 0.1854089
vt 0.2248621 0.1493897
vt 0.2212881 0.1368204
vt 0.225047 0.1346194
vt 0.2292167 0.1492837
vt 0.2122788 0.1404703
vt 0.2069046 0.1262034
vt 0.210631 0.1239479
vt 0.2165672 0.1397068
vt 0.15011 0.165501
vt 0.1443091 0.1496918
vt 0.1482887 0.1479207
vt 0.1542906 0.1642778
vt 0.05104663 0.2010016
vt 0.04659317 0.184157
vt 0.05086946 0.1833282
vt 0.05517376 0.1996087
vt -0.06992935 0.2144197
vt -0.07147791 0.1976512
vt -0.06714045 0.1980512
vt -0.06573851 0.2132321
vt -0.1774636 0.1880018
vt -0.1757962 0.1728477
vt -0.171723 0.1743914
vt -0.1731523 0.1873806
vt -0.2291894 0.1481593
vt -0.2256153 0.13559
vt -0.2218564 0.1377909
vt -0.2248348 0.1482654
vt -0.2160368 0.1367274
vt -0.212198 0.1265368
vt -0.2084717 0.1287923
vt -0.2117483 0.137491
vt -0.1531471 0.1603684
vt -0.1499451 0.1516419
vt -0.1459656 0.153413
vt -0.1489665 0.1615915
vt -0.0538707 0.1957495
vt -0.05164398 0.1873271
vt -0.04736768 0.1881559
vt -0.04974357 0.1971424
vt 0.06656344 0.2103206
vt 0.06741823 0.2010647
vt 0.07175568 0.2006646
vt 0.0707543 0.2115082
vt 0.1733126 0.1862675
vt 0.1721216 0.1754431
vt 0.1761948 0.1738994
vt 0.177624 0.1868886
vt 0.219174 0.1391009
vt 0.2100823 0.1297146
vt 0.2123541 0.125998
vt 0.2229611 0.1369488
vt 0.2207228 0.1412326
vt 0.2103817 0.1300305
vt 0.2129875 0.12654
vt 0.2244101 0.1389136
vt 0.1820233 0.1856181
vt 0.1729911 0.1714054
vt 0.1765026 0.1688281
vt 0.1858479 0.1835333
vt 0.07511938 0.2448322
vt 0.07184834 0.2277185
vt 0.07617192 0.2271892
vt 0.07933341 0.2437297
vt -0.08137487 0.2410083
vt -0.07640345 0.2249189
vt -0.07254736 0.2269448
vt -0.07704809 0.2415108
vt -0.1838356 0.1793012
vt -0.174764 0.1670483
vt -0.1720223 0.170433
vt -0.1797979 0.1809355
vt -0.2224054 0.135971
vt -0.2133137 0.1265846
vt -0.2110419 0.1303011
vt -0.2186183 0.1381231
vt -0.222799 0.1363519
vt -0.2154125 0.1283505
vt -0.2128067 0.1318409
vt -0.2191117 0.1386709
vt -0.1838987 0.1799566
vt -0.178913 0.1721115
vt -0.1754015 0.1746888
vt -0.1800741 0.1820414
vt -0.0783018 0.2397892
vt -0.0766663 0.2312324
vt -0.07234272 0.2317618
vt -0.07408778 0.2408918
vt 0.07669877 0.2385049
vt 0.07395465 0.2296238
vt 0.07781075 0.227598
vt 0.08102556 0.2380023
vt 0.1793759 0.179893
vt 0.1728963 0.1711409
vt 0.1756379 0.1677562
vt 0.1834136 0.1782586
vt 0.2042973 0.129131
vt 0.1918384 0.1251894
vt 0.1920723 0.1208398
vt 0.2066077 0.1254384
vt 0.2139695 0.09913719
vt 0.1996059 0.09402705
vt 0.2002902 0.08972526
vt 0.2161559 0.09536982
vt 0.2151448 0.09862229
vt 0.2005661 0.09019347
vt 0.2024888 0.08628492
vt 0.2175727 0.09500585
vt 0.1101689 0.2169475
vt 0.1063242 0.1999536
vt 0.1106275 0.1992791
vt 0.1143435 0.2157039
vt -0.1413992 0.2053268
vt -0.1278403 0.19534
vt -0.1259425 0.1992607
vt -0.1382178 0.208302
vt -0.1904867 0.1594703
vt -0.1762428 0.1540354
vt -0.1757567 0.1583641
vt -0.1879658 0.1630226
vt -0.2056543 0.1248418
vt -0.1931953 0.1209002
vt -0.1929614 0.1252498
vt -0.2033439 0.1285345
vt -0.2135386 0.09385079
vt -0.2032788 0.09020068
vt -0.2025945 0.09450247
vt -0.2113521 0.09761816
vt -0.2141909 0.09273531
vt -0.2061438 0.08808276
vt -0.2042211 0.09199129
vt -0.211763 0.09635176
vt -0.1131804 0.2118003
vt -0.111258 0.2033033
vt -0.1069547 0.2039777
vt -0.1090058 0.2130439
vt 0.1361508 0.2060917
vt 0.1286665 0.2005791
vt 0.1305642 0.1966584
vt 0.1393322 0.2031165
vt 0.1870485 0.1623717
vt 0.1768743 0.1584896
vt 0.1773604 0.154161
vt 0.1895695 0.1588195
vt 0.1815961 0.1258869
vt 0.1687694 0.1283849
vt 0.1668943 0.1244533
vt 0.1818587 0.121539
vt 0.1713088 0.05592966
vt 0.15642 0.05920834
vt 0.1547205 0.05519769
vt 0.1711664 0.05157611
vt 0.1477498 -0.05035679
vt 0.1319124 -0.04463305
vt 0.1301608 -0.04862121
vt 0.146547 -0.0545433
vt -0.03336059 -0.1746936
vt -0.03864226 -0.15809
vt -0.0426954 -0.1596855
vt -0.03759063 -0.175733
vt -0.2040574 0.07479225
vt -0.1886701 0.08163409
vt -0.1911383 0.08522314
vt -0.2050689 0.07902907
vt -0.1916474 0.1379092
vt -0.1768012 0.1413755
vt -0.1788206 0.145235
vt -0.1915459 0.1422639
vt -0.1807361 0.1214711
vt -0.1679095 0.1239691
vt -0.1697846 0.1279007
vt -0.1804734 0.1258191
vt -0.1681417 0.05167483
vt -0.1575068 0.05401676
vt -0.1592063 0.05802741
vt -0.1682841 0.05602838
vt -0.1426323 -0.0534181
vt -0.1338904 -0.05025872
vt -0.135642 -0.04627056
vt -0.1438351 -0.04923159
vt 0.03856362 -0.1717774
vt 0.04120442 -0.1634755
vt 0.03715127 -0.16188
vt 0.03433358 -0.170738
vt 0.2021254 0.07973153
vt 0.1936318 0.0835081
vt 0.1911635 0.07991906
vt 0.2011139 0.07549471
vt 0.1904215 0.1422377
vt 0.1798171 0.1447136
vt 0.1777977 0.1408541
vt 0.1905231 0.137883
vt -0.1332614 0.2046161
vt -0.1362102 0.2115231
vt -0.1628967 0.2001295
vt -0.1599478 0.1932226
vt -0.1877652 0.126475
vt -0.1931025 0.1317585
vt -0.2135165 0.1111371
vt -0.2081794 0.1058536
vt -0.09929372 -0.1121583
vt -0.1056548 -0.1161506
vt -0.09022992 -0.140728
vt -0.08386882 -0.1367358
vt 0.02696868 -0.04130137
vt 0.02371076 -0.04806804
vt 0.04985515 -0.06065568
vt 0.05311307 -0.05388902
vt 0.07209191 0.08181112
vt 0.06969534 0.07469366
vt 0.09719509 0.06543399
vt 0.09959167 0.07255147
vt 0.1023396 0.1776873
vt 0.1000115 0.1705472
vt 0.1275989 0.161552
vt 0.129927 0.1686922
vt 0.1362102 0.2115231
vt 0.1332614 0.2046161
vt 0.1599478 0.1932226
vt 0.1628966 0.2001295
vt 0.1931025 0.1317584
vt 0.1877653 0.1264748
vt 0.2081794 0.1058534
vt 0.2135166 0.111137
vt 0.1056549 -0.1161506
vt 0.09929378 -0.1121583
vt 0.08386888 -0.1367358
vt 0.09022998 -0.140728
vt -0.02371076 -0.04806804
vt -0.02696868 -0.04130138
vt -0.05311307 -0.05388903
vt -0.04985515 -0.0606557
vt -0.06969534 0.07469366
vt -0.07209192 0.08181113
vt -0.09959167 0.07255147
vt -0.09719509 0.06543401
vt -0.1000115 0.1705472
vt -0.1023396 0.1776873
vt -0.129927 0.1686922
vt -0.1275989 0.1615521
vt 0.169478 0.1624702
vt 0.1718529 0.1553455
vt 0.177472 0.1503627
vt 0.1848296 0.1488571
vt 0.1919543 0.151232
vt 0.1969371 0.1568511
vt 0.1984427 0.1642087
vt 0.1960678 0.1713334
vt 0.1904487 0.1763162
vt 0.1830911 0.1778218
vt 0.1759664 0.1754469
vt 0.1709836 0.1698278
vt -0.1709836 0.1698278
vt -0.1759664 0.1754469
vt -0.1830911 0.1778218
vt -0.1904487 0.1763162
vt -0.1960678 0.1713334
vt -0.1984427 0.1642087
vt -0.1969371 0.1568511
vt -0.1919543 0.151232
vt -0.1848296 0.1488571
vt -0.177472 0.1503627
vt -0.1718529 0.1553455
vt -0.169478 0.1624702
vt 0.162038 0.1482015
vt 0.1582974 0.1512792
vt 0.1569923 0.1503284
vt 0.1613564 0.1467377
vt 0.1127361 0.08003808
vt 0.1085043 0.08378375
vt 0.1072309 0.08279096
vt 0.1119053 0.07865357
vt 0.03416427 -0.0139769
vt 0.0304231 -0.008979819
vt 0.02906862 -0.009858763
vt 0.03293944 -0.01502903
vt -0.0922877 -0.04924188
vt -0.09345369 -0.04288929
vt -0.09501874 -0.04328652
vt -0.09389181 -0.04942633
vt -0.1906327 0.04878245
vt -0.1881322 0.05450213
vt -0.1897051 0.05486723
vt -0.1919688 0.04968908
vt -0.1939661 0.1423751
vt -0.1900567 0.146456
vt -0.1914649 0.1472461
vt -0.1948158 0.1437481
vt -0.1609784 0.1469137
vt -0.1572378 0.1499915
vt -0.1585429 0.1509423
vt -0.16166 0.1483775
vt -0.1109434 0.07923089
vt -0.1079207 0.08190639
vt -0.1091941 0.08289917
vt -0.1117742 0.08061541
vt -0.03195542 -0.01388381
vt -0.02989037 -0.01112551
vt -0.03124486 -0.01024657
vt -0.03318026 -0.0128317
vt 0.09406419 -0.04792636
vt 0.09464718 -0.04475007
vt 0.09308214 -0.04435284
vt 0.09246009 -0.0477419
vt 0.191339 0.05061754
vt 0.1899588 0.05377469
vt 0.1883859 0.05340958
vt 0.1900029 0.0497109
vt 0.1944613 0.1439675
vt 0.1916688 0.1468825
vt 0.1902606 0.1460925
vt 0.1936116 0.1425945
vt 0.1480841 0.1643091
vt 0.1462418 0.1687891
vt 0.1446424 0.1685679
vt 0.1467917 0.1633411
vt 0.0692141 0.1381803
vt 0.06679448 0.1432876
vt 0.06523341 0.142875
vt 0.06790607 0.1372337
vt -0.02274244 0.0932847
vt -0.02510802 0.09906149
vt -0.0266399 0.09855105
vt -0.02419234 0.09257409
vt -0.114665 0.06978371
vt -0.1161869 0.07606054
vt -0.1177271 0.07557583
vt -0.1162562 0.06950922
vt -0.1822653 0.09301794
vt -0.1823315 0.09925997
vt -0.1839157 0.09894764
vt -0.1838558 0.09329659
vt -0.1934832 0.1424857
vt -0.1922102 0.1479919
vt -0.1938244 0.1479507
vt -0.1949155 0.1432312
vt -0.1465417 0.1636748
vt -0.1446994 0.1681549
vt -0.1462989 0.1683761
vt -0.1478341 0.1646428
vt -0.06724844 0.1381425
vt -0.06552014 0.1417904
vt -0.06708121 0.142203
vt -0.06855647 0.1390891
vt 0.02485687 0.09392983
vt 0.02616263 0.09711852
vt 0.02463075 0.09762894
vt 0.02340697 0.09464045
vt 0.1165129 0.0709971
vt 0.1172738 0.07413553
vt 0.1157336 0.07462026
vt 0.1149217 0.0712716
vt 0.1836623 0.09440161
vt 0.1836988 0.0978471
vt 0.1821146 0.09815942
vt 0.1820718 0.09412295
vt 0.194723 0.143601
vt 0.1938138 0.1475339
vt 0.1921996 0.1475751
vt 0.1932907 0.1428555
vt 0.1435952 0.1813599
vt 0.144125 0.1861749
vt 0.1426152 0.1867471
vt 0.1419971 0.1811297
vt 0.04825556 0.200862
vt 0.04773587 0.2064894
vt 0.04612802 0.2066377
vt 0.04670205 0.2004218
vt -0.05532686 0.18736
vt -0.05692241 0.193395
vt -0.05850759 0.1930878
vt -0.05685674 0.1868436
vt -0.1377243 0.1573583
vt -0.1399491 0.1634217
vt -0.1414243 0.1627652
vt -0.139274 0.1569049
vt -0.1868236 0.1382986
vt -0.1890241 0.1441402
vt -0.1904054 0.1433041
vt -0.1884133 0.1380156
vt -0.1920565 0.1487155
vt -0.1936022 0.1541514
vt -0.1949956 0.1533355
vt -0.1936707 0.1486762
vt -0.1419376 0.1815423
vt -0.1424674 0.1863573
vt -0.1439773 0.1857851
vt -0.1435357 0.1817726
vt -0.04639629 0.2015011
vt -0.04602509 0.2055207
vt -0.04763294 0.2053724
vt -0.04794979 0.2019413
vt 0.05733968 0.1882743
vt 0.0582204 0.1916055
vt 0.05663522 0.1919127
vt 0.0558098 0.1887906
vt 0.139698 0.1583541
vt 0.1408104 0.1613858
vt 0.1393352 0.1620423
vt 0.1381483 0.1588075
vt 0.18861 0.13912
vt 0.1898246 0.1423445
vt 0.1884433 0.1431806
vt 0.1870203 0.139403
vt 0.1936809 0.1490929
vt 0.1947849 0.1529757
vt 0.1933915 0.1537916
vt 0.1920667 0.1491323
vt 0.151324 0.1905012
vt 0.1542063 0.1943943
vt 0.15319 0.1956491
vt 0.1498273 0.191107
vt 0.05625518 0.2366867
vt 0.05792356 0.2420862
vt 0.05649415 0.2428371
vt 0.05465129 0.236873
vt -0.08029403 0.2314915
vt -0.08146596 0.2376229
vt -0.08306866 0.2374267
vt -0.08185613 0.2310828
vt -0.1682002 0.1802457
vt -0.1716644 0.1856968
vt -0.1729661 0.1847414
vt -0.1696179 0.1794729
vt -0.1963682 0.1486865
vt -0.2006024 0.1532732
vt -0.2015684 0.1519794
vt -0.197735 0.1478269
vt -0.1900251 0.1538882
vt -0.193957 0.1579476
vt -0.1947991 0.1565699
vt -0.1914289 0.1530904
vt -0.1499837 0.1914935
vt -0.152866 0.1953866
vt -0.1538824 0.1941319
vt -0.1514804 0.1908876
vt -0.05478089 0.2379873
vt -0.05597259 0.241844
vt -0.05740201 0.2410931
vt -0.05638478 0.237801
vt 0.08223846 0.2325435
vt 0.08288534 0.235928
vt 0.08128263 0.2361242
vt 0.08067636 0.2329522
vt 0.1703405 0.1807987
vt 0.1720726 0.1835243
vt 0.1707709 0.1844796
vt 0.1689228 0.1815715
vt 0.1983322 0.1487764
vt 0.2006695 0.1513082
vt 0.1997035 0.1526021
vt 0.1969654 0.149636
vt 0.1916349 0.1534529
vt 0.1944434 0.1563524
vt 0.1936012 0.1577301
vt 0.190231 0.1542507
vt 0.1692226 0.1863033
vt 0.1737483 0.1880302
vt 0.1735682 0.1896348
vt 0.1682881 0.1876201
vt 0.1187228 0.2167192
vt 0.1232731 0.2200707
vt 0.1225696 0.2215241
vt 0.1175435 0.2178221
vt -0.1148648 0.2034904
vt -0.1162423 0.2095789
vt -0.1178375 0.2093289
vt -0.1164123 0.2030294
vt -0.200459 0.1002364
vt -0.2060505 0.1034691
vt -0.2067632 0.1020202
vt -0.2013591 0.09889577
vt -0.195947 0.1169761
vt -0.2018283 0.1190685
vt -0.2020819 0.1174739
vt -0.1967575 0.1155796
vt -0.1857538 0.155865
vt -0.1911419 0.1575696
vt -0.1912286 0.1559573
vt -0.1866103 0.1544961
vt -0.1686281 0.1878614
vt -0.1731538 0.1895882
vt -0.173334 0.1879837
vt -0.1695626 0.1865446
vt -0.1183098 0.2186414
vt -0.12156 0.2210353
vt -0.1222635 0.2195819
vt -0.1194891 0.2175385
vt 0.1168442 0.204476
vt 0.1176045 0.2078367
vt 0.1160093 0.2080867
vt 0.1152967 0.204937
vt 0.2026127 0.09973742
vt 0.2054084 0.1013538
vt 0.2046956 0.1028026
vt 0.2017127 0.101078
vt 0.1977277 0.1161427
vt 0.2009741 0.1172977
vt 0.2007204 0.1188923
vt 0.1969173 0.1175392
vt 0.1869637 0.1547173
vt 0.1908123 0.1559349
vt 0.1907256 0.1575473
vt 0.1861072 0.1560861
vt 0.1891244 0.1719203
vt 0.1938415 0.170819
vt 0.1945901 0.1722496
vt 0.1890868 0.1735346
vt 0.2028093 0.1000217
vt 0.2079732 0.09772561
vt 0.2088882 0.09905602
vt 0.2031842 0.1015922
vt 0.04416124 -0.1655597
vt 0.04226896 -0.1715084
vt 0.04377142 -0.1720999
vt 0.04572927 -0.165945
vt -0.1396219 -0.03814572
vt -0.1456961 -0.04034096
vt -0.1450468 -0.04181934
vt -0.1391761 -0.03969762
vt -0.165572 0.0805117
vt -0.1716684 0.07916922
vt -0.1710384 0.07768252
vt -0.1655192 0.0788979
vt -0.1781884 0.1581109
vt -0.1837356 0.1570306
vt -0.1830405 0.1555732
vt -0.1782858 0.1564992
vt -0.1895036 0.1735443
vt -0.1942207 0.1724429
vt -0.1934721 0.1710122
vt -0.1895412 0.17193
vt -0.2042754 0.1013318
vt -0.2079639 0.09969179
vt -0.2070489 0.09836137
vt -0.2039004 0.0997613
vt -0.04536857 -0.1674114
vt -0.04432407 -0.1706949
vt -0.04282161 -0.1701035
vt -0.04380054 -0.1670261
vt 0.1406271 -0.04011476
vt 0.1436642 -0.04121239
vt 0.1443135 -0.03973402
vt 0.141073 -0.03856286
vt 0.1666404 0.07886124
vt 0.1700055 0.07812021
vt 0.1706355 0.07960693
vt 0.1666932 0.08047505
vt 0.178702 0.1565244
vt 0.1826642 0.1557527
vt 0.1833593 0.1572101
vt 0.1786046 0.1581361
vt 0.2028402 0.1581433
vt 0.2061911 0.1546453
vt 0.2075993 0.1554353
vt 0.2036899 0.1595163
vt 0.1995706 0.05918025
vt 0.2018343 0.0540021
vt 0.2034072 0.0543672
vt 0.2009067 0.06008688
vt 0.09779001 -0.04379513
vt 0.09666308 -0.04993494
vt 0.09822813 -0.05033217
vt 0.09939412 -0.04397959
vt -0.03390333 -0.006239115
vt -0.03777415 -0.01140938
vt -0.03641966 -0.01228832
vt -0.03267849 -0.007291236
vt -0.1164716 0.09323079
vt -0.1211459 0.08909339
vt -0.1198725 0.0881006
vt -0.1156407 0.09184628
vt -0.1689877 0.1649073
vt -0.1733518 0.1613166
vt -0.1720467 0.1603658
vt -0.1683061 0.1634436
vt -0.2040444 0.1592969
vt -0.2073953 0.1557989
vt -0.2059871 0.1550089
vt -0.2031947 0.1579239
vt -0.2015366 0.05915864
vt -0.2031535 0.05545995
vt -0.2015807 0.05509486
vt -0.2002005 0.05825201
vt -0.09922145 -0.04547971
vt -0.0985994 -0.04886876
vt -0.09703435 -0.04847154
vt -0.09761735 -0.04529525
vt 0.03366227 -0.008436735
vt 0.03559768 -0.01102187
vt 0.03695216 -0.01014292
vt 0.03488711 -0.007384624
vt 0.1166026 0.09126901
vt 0.1191827 0.08898525
vt 0.1204561 0.08997805
vt 0.1174334 0.09265354
vt 0.1686841 0.1632676
vt 0.1718013 0.1607029
vt 0.1731063 0.1616537
vt 0.1693657 0.1647314
vt 0.2091722 0.1514991
vt 0.2102634 0.1467795
vt 0.2118775 0.1467384
vt 0.2106045 0.1522445
vt 0.1946821 0.09883346
vt 0.1946221 0.09318241
vt 0.1962063 0.09287009
vt 0.1962725 0.09911211
vt 0.1204654 0.07491199
vt 0.1189945 0.06884538
vt 0.1205347 0.06836065
vt 0.1220565 0.07463749
vt 0.02105073 0.1008398
vt 0.01860317 0.09486283
vt 0.02013505 0.09435242
vt 0.02250063 0.1001292
vt -0.0778328 0.1488441
vt -0.08050545 0.1432028
vt -0.07894439 0.1427902
vt -0.07652477 0.1478974
vt -0.1621032 0.1757479
vt -0.1642525 0.1705212
vt -0.162653 0.1703
vt -0.1608108 0.17478
vt -0.210797 0.1518747
vt -0.2118881 0.1471552
vt -0.210274 0.1471963
vt -0.2093647 0.1511292
vt -0.1964662 0.09800722
vt -0.1964234 0.09397077
vt -0.1948392 0.09428307
vt -0.1948757 0.09772857
vt -0.1217997 0.07314955
vt -0.1209878 0.0698009
vt -0.1194476 0.07028563
vt -0.1202085 0.07342404
vt -0.02183621 0.09877338
vt -0.02061243 0.09578489
vt -0.01908055 0.0962953
vt -0.02038631 0.09948398
vt 0.07718258 0.1469887
vt 0.07865784 0.1438748
vt 0.08021891 0.1442874
vt 0.07849061 0.1479354
vt 0.1610608 0.1744463
vt 0.162596 0.170713
vt 0.1641954 0.1709342
vt 0.1623532 0.1754142
vt 0.2101476 0.149027
vt 0.2088228 0.1443677
vt 0.2102162 0.1435519
vt 0.2117618 0.1489877
vt 0.2004813 0.1395087
vt 0.1984892 0.1342201
vt 0.1998705 0.133384
vt 0.202071 0.1392256
vt 0.1440694 0.1617946
vt 0.1419191 0.1559343
vt 0.1433943 0.1552778
vt 0.1456191 0.1613412
vt 0.05266862 0.1946315
vt 0.05101777 0.1883873
vt 0.05260295 0.1880801
vt 0.0541985 0.1941151
vt -0.06001084 0.2079198
vt -0.06058488 0.2017039
vt -0.05897703 0.2018522
vt -0.05845734 0.2074796
vt -0.1613814 0.1846823
vt -0.1607633 0.1790648
vt -0.1592534 0.179637
vt -0.1597832 0.184452
vt -0.2117517 0.1485709
vt -0.2104268 0.1439116
vt -0.2090334 0.1447275
vt -0.2101375 0.1486103
vt -0.2018743 0.1381212
vt -0.2004514 0.1343437
vt -0.1990701 0.1351798
vt -0.2002847 0.1384043
vt -0.1451951 0.1598921
vt -0.1440081 0.1566574
vt -0.142533 0.1573139
vt -0.1436454 0.1603456
vt -0.05371572 0.1926845
vt -0.05289029 0.1895625
vt -0.05130512 0.1898697
vt -0.05218583 0.1932009
vt 0.0587633 0.2064003
vt 0.05908015 0.2029692
vt 0.060688 0.2028209
vt 0.0603168 0.2068405
vt 0.1598427 0.1840394
vt 0.1594012 0.1800269
vt 0.1609111 0.1794547
vt 0.1614409 0.1842696
vt 0.2061141 0.1456101
vt 0.2027439 0.1421307
vt 0.203586 0.140753
vt 0.2075179 0.1448123
vt 0.2094797 0.144676
vt 0.2056464 0.1405235
vt 0.2066123 0.1392296
vt 0.2108466 0.1438164
vt 0.175344 0.1832302
vt 0.1719959 0.1779617
vt 0.1732976 0.1770063
vt 0.1767618 0.1824574
vt 0.07713646 0.2385606
vt 0.07592393 0.2322167
vt 0.07752664 0.2320205
vt 0.07869856 0.2381519
vt -0.06981463 0.2387213
vt -0.06797177 0.2327571
vt -0.06654235 0.2335081
vt -0.06821074 0.2389076
vt -0.1683635 0.1844152
vt -0.1650008 0.1798732
vt -0.1639845 0.1811279
vt -0.1668668 0.185021
vt -0.2073119 0.1444498
vt -0.2039417 0.1409704
vt -0.2030996 0.1423481
vt -0.2059081 0.1452476
vt -0.2102494 0.1428668
vt -0.2075112 0.1399007
vt -0.2065453 0.1411946
vt -0.2088825 0.1437264
vt -0.176039 0.1811317
vt -0.1741909 0.1782236
vt -0.1728892 0.179179
vt -0.1746213 0.1819045
vt -0.07831642 0.2366911
vt -0.07771015 0.2335192
vt -0.07610744 0.2337154
vt -0.07675432 0.2370998
vt 0.06808145 0.2377932
vt 0.06706422 0.2345011
vt 0.06849363 0.2337501
vt 0.06968533 0.2376069
vt 0.1667104 0.1846346
vt 0.1643085 0.1813903
vt 0.1653248 0.1801356
vt 0.1682071 0.1840287
vt 0.1959802 0.1409383
vt 0.1913618 0.1394772
vt 0.1914485 0.1378648
vt 0.1968366 0.1395695
vt 0.2056909 0.1073297
vt 0.2003665 0.1054354
vt 0.2006202 0.1038407
vt 0.2065014 0.1059331
vt 0.2081735 0.09958112
vt 0.2027693 0.09645664
vt 0.203482 0.09500778
vt 0.2090735 0.09824054
vt 0.111947 0.2106614
vt 0.1105218 0.2043619
vt 0.112117 0.2041119
vt 0.1134945 0.2102004
vt -0.1308377 0.2102986
vt -0.1258115 0.2065966
vt -0.125108 0.20805
vt -0.1296583 0.2114015
vt -0.1802985 0.1719957
vt -0.1750185 0.169981
vt -0.1748383 0.1715856
vt -0.1793641 0.1733125
vt -0.1964832 0.1393483
vt -0.1918648 0.1378872
vt -0.1917781 0.1394995
vt -0.1956268 0.1407171
vt -0.2055312 0.1053701
vt -0.201728 0.104017
vt -0.2014744 0.1056117
vt -0.2047207 0.1067666
vt -0.2078199 0.09739894
vt -0.2048369 0.09567429
vt -0.2041242 0.09712315
vt -0.2069199 0.09873951
vt -0.1130634 0.2087534
vt -0.1123508 0.2056036
vt -0.1107556 0.2058536
vt -0.111516 0.2092144
vt 0.1288922 0.2105821
vt 0.1261179 0.2085387
vt 0.1268214 0.2070853
vt 0.1300716 0.2094792
vt 0.1790241 0.1730712
vt 0.1752526 0.1716321
vt 0.1754328 0.1700275
vt 0.1799586 0.1717544
vt 0.1800293 0.1401111
vt 0.1752746 0.141037
vt 0.1745795 0.1395796
vt 0.1801266 0.1384993
vt 0.1687227 0.06716728
vt 0.1632036 0.06838267
vt 0.1625737 0.06689595
vt 0.1686699 0.06555346
vt 0.144089 -0.04446922
vt 0.1382183 -0.04234749
vt 0.137569 -0.04382587
vt 0.1436432 -0.04602112
vt -0.03801627 -0.1702689
vt -0.03997412 -0.1641141
vt -0.04147657 -0.1647056
vt -0.03958431 -0.1706542
vt -0.2032238 0.08631654
vt -0.1975199 0.08885276
vt -0.1984348 0.09018318
vt -0.2035987 0.08788709
vt -0.1902976 0.1538646
vt -0.1847942 0.1551495
vt -0.1855428 0.1565802
vt -0.1902599 0.1554789
vt -0.1797105 0.1384741
vt -0.1749558 0.1394001
vt -0.1756508 0.1408575
vt -0.1796131 0.1400859
vt -0.1675488 0.06559021
vt -0.1636066 0.06645833
vt -0.1642365 0.06794505
vt -0.1676016 0.06720402
vt -0.1421919 -0.04560422
vt -0.1389514 -0.04443306
vt -0.1396007 -0.0429547
vt -0.1426378 -0.04405232
vt 0.03994459 -0.1691879
vt 0.04092351 -0.1661105
vt 0.03942106 -0.165519
vt 0.03837656 -0.1688026
vt 0.2025076 0.08814771
vt 0.1993591 0.08954764
vt 0.1984442 0.08821721
vt 0.2021327 0.08657715
vt 0.1898431 0.1554691
vt 0.1859122 0.1563869
vt 0.1851636 0.1549563
vt 0.1898808 0.1538549
vt -0.02201756 -0.09508382
vt 0.01378654 -0.1206583
vt -0.009230322 -0.07718177
vt 0.02201757 -0.0950838
vt 0.00923033 -0.07718176
vt -0.01378652 -0.1206583
vt 0.03839415 -0.003546406
vt 0.07243112 -0.03906356
vt 0.07983059 -0.01834533
vt -0.03839414 -0.003546403
vt -0.07983059 -0.01834533
vt -0.05023274 -0.1012182
vt -0.008796291 -0.0864193
vt -0.02359522 -0.04498285
vt 0.08493202 -0.04900793
vt 0.06033535 -0.04900783
vt 0.04089207 -0.09999554
vt -0.0849321 -0.03176267
vt -0.06525473 -0.04652061
vt -0.07509346 -0.02684331
vt 0.0849321 -0.03176267
vt 0.06525481 -0.02192394
vt 0.06033543 -0.03176259
vt 0.02402601 -0.05050278
vt 0.00434854 -0.08985738
vt 0.006222564 -0.0907944
vt 0.0160613 -0.0711171
vt 0.03573877 -0.0317625
vt 0.02402601 -0.05050278
vt 0.0160613 -0.0711171
vt 0.02590004 -0.0514398
vt 0.06033543 -0.03176259
vt 0.03573877 -0.0317625
vt 0.02590004 -0.0514398
vt 0.04311774 -0.04160119
vt 0.02590004 -0.0514398
vt 0.0160613 -0.0711171
vt 0.03081922 -0.09079449
vt 0.02835963 -0.07111715
vt 0.04311774 -0.04160118
vt 0.02590004 -0.0514398
vt 0.02835963 -0.07111714
vt 0.03573868 -0.05635916
vt 0.02950201 -0.05090531
vt 0.02276604 -0.06596768
vt 0.0648333 -0.07129607
vt 0.02835963 -0.07111714
vt 0.03081922 -0.09079449
vt 0.03819819 -0.1006332
vt 0.03623799 -0.03584293
vt 0.02950201 -0.05090531
vt 0.0648333 -0.07129606
vt 0.0215285 -0.1024635
vt 0.02215373 -0.114746
vt 0.06671747 -0.07213365
vt 0.0641654 -0.02362518
vt 0.04841121 -0.03566896
vt 0.06473495 -0.07819133
vt 0.04557751 -0.0120852
vt 0.04370348 -0.01114818
vt 0.02402601 -0.05050278
vt 0.03573877 -0.0317625
vt 0.0652548 -0.02192394
vt 0.0455775 -0.01208521
vt 0.03573877 -0.0317625
vt 0.06033543 -0.03176259
vt 0.006222565 -0.0907944
vt 0.02589987 -0.1006331
vt 0.03081922 -0.09079449
vt 0.0160613 -0.0711171
vt 0.02589987 -0.1006331
vt 0.04557716 -0.1104719
vt 0.03819819 -0.1006332
vt 0.03081922 -0.09079449
vt 0.01378655 -0.1206583
vt 0.02018016 -0.1117073
vt 0.02657378 -0.1027562
vt 0.03936102 -0.0848542
vt 0.04057885 -0.08314924
vt 0.004774753 -0.05757476
vt 0.00355692 -0.05927972
vt -0.009230311 -0.07718177
vt 0.009230316 -0.07718177
vt -0.003556921 -0.05927972
vt -0.004774749 -0.05757476
vt -0.04057885 -0.08314923
vt -0.03936102 -0.08485419
vt -0.02657378 -0.1027562
vt -0.02018016 -0.1117073
vt -0.01378655 -0.1206583
vt 0.04860332 -0.07093267
vt 0.07294448 -0.07958061
vt 0.08357497 -0.06031954
vt 0.008796294 -0.0864193
vt 0.05023274 -0.1012182
vt 0.0576322 -0.0805
vt 0.04108641 -0.06613115
vt 0.03662541 -0.08767404
vt 0.04554742 -0.04458826
vt 0.05446943 -0.001502468
vt 0.05000842 -0.02304537
vt 0.04554741 -0.04458825
vt 0.04860332 -0.07093267
vt 0.06231398 -0.0988417
vt 0.07294448 -0.07958061
vt -0.04557716 -0.1104719
vt -0.03573851 -0.1055525
vt -0.04557725 -0.0858752
vt -0.006222567 -0.0907944
vt -0.04557751 -0.01208521
vt -0.04557747 -0.02438353
vt -0.01606126 -0.08341544
vt -0.0849321 -0.03176267
vt -0.06525463 -0.07111727
vt -0.06525473 -0.04652061
vt -0.04557725 -0.0858752
vt -0.05049668 -0.06373823
vt -0.05541599 -0.06619791
vt 0.08583812 -0.01093708
vt 0.06328443 -0.07442397
vt 0.09640817 -0.05898141
vt 0.01435061 -0.1127121
vt 0.06264602 -0.08762233
vt 0.02058679 -0.08223091
vt 0.06258272 -0.1168906
vt 0.06292696 -0.08579757
vt 0.01377291 -0.1230214
vt -0.06525463 -0.07111727
vt -0.06033531 -0.06865758
vt -0.06525473 -0.04652061
vt -0.06525463 -0.07111727
vt -0.04557716 -0.1104719
vt -0.04557725 -0.0858752
vt -0.06525463 -0.07111727
vt -0.04557725 -0.0858752
vt -0.06033531 -0.06865758
vt -0.04557734 -0.06127854
vt -0.06525473 -0.04652061
vt -0.05049668 -0.06373823
vt -0.06525473 -0.04652061
vt -0.04557734 -0.06127854
vt -0.05541613 -0.0293029
vt -0.006222567 -0.0907944
vt -0.01606126 -0.08341544
vt -0.02589995 -0.07603647
vt -0.04557734 -0.06127854
vt -0.02589991 -0.08833481
vt -0.04557742 -0.03668187
vt -0.04557734 -0.06127854
vt -0.02589995 -0.07603647
vt -0.006222567 -0.0907944
vt -0.004348538 -0.08985738
vt -0.04370348 -0.01114818
vt -0.04557751 -0.01208521
vt -0.04557747 -0.02438353
vt -0.04557742 -0.03668187
vt -0.02589995 -0.07603647
vt -0.01606126 -0.08341544
vt -0.04557734 -0.06127854
vt -0.04557742 -0.03668187
vt -0.04557747 -0.02438353
vt -0.04557751 -0.01208521
vt -0.05541613 -0.0293029
vt -0.04557734 -0.06127854
vt -0.04557725 -0.0858752
vt -0.02589991 -0.08833481
vt -0.02589987 -0.1006331
vt -0.006222567 -0.0907944
vt -0.02589991 -0.08833481
vt -0.04557725 -0.0858752
vt -0.03573851 -0.1055525
vt -0.02589987 -0.1006331
vt -0.04557725 -0.0858752
vt -0.06525473 -0.04652061
vt -0.05541613 -0.0293029
vt -0.04557751 -0.01208521
vt -0.06525481 -0.02192394
vt -0.06525473 -0.04652061
vt -0.06525481 -0.02192394
vt -0.07509346 -0.02684331
vt -0.06033531 -0.06865758
vt -0.05541599 -0.06619791
vt -0.06525473 -0.04652061
vt -0.04557725 -0.0858752
vt -0.05541599 -0.06619791
vt -0.06033531 -0.06865758
vt -0.04557725 -0.0858752
vt -0.04557734 -0.06127854
vt -0.05049668 -0.06373823
vt -0.06525473 -0.04652061
vt -0.05541599 -0.06619791
vt -0.05049668 -0.06373823
vt -0.01894258 -0.09533697
vt 0.01686152 -0.1209114
vt -0.006155344 -0.07743493
vt 0.01894262 -0.09533698
vt 0.006155384 -0.07743493
vt -0.01686146 -0.1209115
vt 0.1298266 0.2445838
vt 0.1638635 0.2090667
vt 0.171263 0.2297849
vt -0.1298266 0.2445838
vt -0.171263 0.2297849
vt -0.1416651 0.146912
vt -0.1002287 0.1617109
vt -0.1150276 0.2031474
vt 0.2017734 0.09714296
vt 0.1771768 0.09714307
vt 0.1577335 0.04615536
vt -0.2017738 0.2054545
vt -0.1820964 0.1906966
vt -0.1919352 0.2103739
vt 0.2017738 0.2054545
vt 0.1820965 0.2152932
vt 0.1771772 0.2054546
vt 0.1408677 0.1867144
vt 0.1211902 0.1473598
vt 0.1230643 0.1464228
vt 0.132903 0.1661001
vt 0.1525805 0.2054547
vt 0.1408677 0.1867144
vt 0.132903 0.1661001
vt 0.1427418 0.1857774
vt 0.1771772 0.2054546
vt 0.1525805 0.2054547
vt 0.1427418 0.1857774
vt 0.1599595 0.195616
vt 0.1427418 0.1857774
vt 0.132903 0.1661001
vt 0.1476609 0.1464227
vt 0.1452013 0.1661001
vt 0.1599595 0.195616
vt 0.1427418 0.1857774
vt 0.1452013 0.1661001
vt 0.1525804 0.180858
vt 0.1395454 0.1895467
vt 0.1328094 0.1744844
vt 0.1748767 0.169156
vt 0.1452014 0.1661001
vt 0.1476609 0.1464227
vt 0.1550399 0.136584
vt 0.1462814 0.2046091
vt 0.1395454 0.1895467
vt 0.1748767 0.169156
vt 0.1406291 0.02342328
vt 0.1412543 0.01114086
vt 0.1858181 0.05375315
vt 0.2026694 0.1560204
vt 0.1869152 0.1439766
vt 0.203239 0.1014542
vt 0.1624192 0.225132
vt 0.1605452 0.226069
vt 0.1408677 0.1867144
vt 0.1525805 0.2054547
vt 0.1820965 0.2152932
vt 0.1624192 0.225132
vt 0.1525805 0.2054547
vt 0.1771771 0.2054546
vt 0.1230643 0.1464228
vt 0.1427416 0.1365841
vt 0.1476609 0.1464227
vt 0.132903 0.1661001
vt 0.1427416 0.1365841
vt 0.1624189 0.1267453
vt 0.1550399 0.136584
vt 0.1476609 0.1464227
vt 0.01686155 -0.1209114
vt 0.02325516 -0.1119604
vt 0.02964878 -0.1030094
vt 0.04243602 -0.08510733
vt 0.04365385 -0.08340237
vt 0.007849754 -0.0578279
vt 0.006631921 -0.05953285
vt -0.006155313 -0.0774349
vt 0.006155324 -0.07743491
vt -0.006631913 -0.05953286
vt -0.007849744 -0.05782791
vt -0.04365384 -0.08340238
vt -0.04243601 -0.08510733
vt -0.02964878 -0.1030094
vt -0.02325516 -0.1119604
vt -0.01686154 -0.1209114
vt 0.1753916 0.1611179
vt 0.1997328 0.1524699
vt 0.2103633 0.171731
vt 0.1002287 0.1617109
vt 0.1416651 0.146912
vt 0.1490646 0.1676302
vt 0.09762369 0.1921979
vt 0.09316269 0.170655
vt 0.1020847 0.2137408
vt 0.1110067 0.2568266
vt 0.1065457 0.2352837
vt 0.1020847 0.2137408
vt 0.1753916 0.1611179
vt 0.1891023 0.1332089
vt 0.1997328 0.1524699
vt -0.1624189 0.1267453
vt -0.1525802 0.1316647
vt -0.162419 0.151342
vt -0.1230643 0.1464228
vt -0.1624192 0.225132
vt -0.1624192 0.2128337
vt -0.132903 0.1538018
vt -0.2017738 0.2054545
vt -0.1820963 0.1660999
vt -0.1820964 0.1906966
vt -0.162419 0.151342
vt -0.1673384 0.173479
vt -0.1722577 0.1710193
vt 0.2245086 0.1382283
vt 0.2019549 0.07474141
vt 0.2350786 0.09018396
vt 0.1159003 0.05850412
vt 0.1641957 0.08359391
vt 0.1221365 0.08898534
vt 0.1651582 0.03435358
vt 0.1655025 0.06544663
vt 0.1163484 0.0282228
vt -0.1820963 0.1660999
vt -0.177177 0.1685596
vt -0.1820964 0.1906966
vt -0.1820963 0.1660999
vt -0.1624189 0.1267453
vt -0.162419 0.151342
vt -0.1820963 0.1660999
vt -0.162419 0.151342
vt -0.177177 0.1685596
vt -0.1624191 0.1759387
vt -0.1820964 0.1906966
vt -0.1673384 0.173479
vt -0.1820964 0.1906966
vt -0.1624191 0.1759387
vt -0.1722578 0.2079143
vt -0.1230643 0.1464228
vt -0.132903 0.1538018
vt -0.1427417 0.1611807
vt -0.1624191 0.1759387
vt -0.1427416 0.1488824
vt -0.1624191 0.2005353
vt -0.1624191 0.1759387
vt -0.1427417 0.1611807
vt -0.1230643 0.1464228
vt -0.1211902 0.1473598
vt -0.1605452 0.226069
vt -0.1624192 0.225132
vt -0.1624192 0.2128337
vt -0.1624191 0.2005353
vt -0.1427417 0.1611807
vt -0.132903 0.1538018
vt -0.1624191 0.1759387
vt -0.1624191 0.2005353
vt -0.1624192 0.2128337
vt -0.1624192 0.225132
vt -0.1722578 0.2079143
vt -0.1624191 0.1759387
vt -0.162419 0.151342
vt -0.1427416 0.1488824
vt -0.1427416 0.1365841
vt -0.1230643 0.1464228
vt -0.1427416 0.1488824
vt -0.162419 0.151342
vt -0.1525802 0.1316647
vt -0.1427416 0.1365841
vt -0.162419 0.151342
vt -0.1820964 0.1906966
vt -0.1722578 0.2079143
vt -0.1624192 0.225132
vt -0.1820965 0.2152932
vt -0.1820964 0.1906966
vt -0.1820965 0.2152932
vt -0.1919352 0.2103739
vt -0.177177 0.1685596
vt -0.1722577 0.1710193
vt -0.1820964 0.1906966
vt -0.162419 0.151342
vt -0.1722577 0.1710193
vt -0.177177 0.1685596
vt -0.162419 0.151342
vt -0.1624191 0.1759387
vt -0.1673384 0.173479
vt -0.1820964 0.1906966
vt -0.1722577 0.1710193
vt -0.1673384 0.173479
vt -0.2461065 -0.2828251
vt -0.2103025 -0.2572505
vt -0.2588938 -0.264923
vt 0.2461065 -0.2828251
vt 0.2588938 -0.264923
vt 0.2103025 -0.2572504
vt 0.3160235 -0.199329
vt 0.2819865 -0.1638119
vt 0.274587 -0.1845301
vt -0.3160235 -0.199329
vt -0.2745871 -0.1845302
vt -0.3041847 -0.1016572
vt -0.3456212 -0.116456
vt -0.3308224 -0.1578925
vt 0.1708112 -0.2783027
vt 0.1859435 -0.2589118
vt 0.1577088 -0.212215
vt 0.04148629 -0.1117794
vt 0.04148621 -0.08718274
vt 0.03164762 -0.1068601
vt -0.04148629 -0.1117794
vt -0.02180893 -0.1019408
vt -0.02672823 -0.0921021
vt -0.01993474 -0.05181047
vt -0.03961196 -0.01245575
vt -0.04148599 -0.01339276
vt -0.03164738 -0.03307012
vt -0.01197019 -0.07242479
vt -0.01993476 -0.05181042
vt -0.03164741 -0.03307007
vt -0.0218088 -0.05274743
vt -0.02672823 -0.0921021
vt -0.01197018 -0.07242481
vt -0.02180879 -0.05274745
vt -0.02426851 -0.07242478
vt -0.02180877 -0.0527475
vt -0.03164738 -0.03307014
vt -0.05624403 -0.03307005
vt -0.0390264 -0.04290877
vt -0.02426851 -0.07242478
vt -0.02180879 -0.05274745
vt -0.03902642 -0.04290872
vt -0.03164747 -0.05766675
vt 0.3274258 -0.1216354
vt 0.3314813 -0.1056416
vt 0.2891232 -0.1076
vt -0.03902644 -0.04290869
vt -0.05624408 -0.03306998
vt -0.06854242 -0.03306993
vt 0.3233702 -0.1376292
vt 0.3274258 -0.1216355
vt 0.2891232 -0.1076
vt -0.06854127 0.2937709
vt -0.08083959 0.293771
vt -0.04054813 0.2470983
vt 0.2773159 -0.1958055
vt 0.2837805 -0.1770584
vt 0.2466631 -0.1506591
vt -0.002131572 -0.09210216
vt -0.000257535 -0.09116516
vt -0.01993476 -0.05181043
vt -0.01197018 -0.07242481
vt -0.02180891 -0.1019408
vt -0.002131553 -0.09210221
vt -0.01197016 -0.07242484
vt -0.02672822 -0.09210213
vt -0.04148602 -0.0133927
vt -0.06116338 -0.02323131
vt -0.05624407 -0.03306998
vt -0.03164741 -0.03307007
vt -0.06116341 -0.02323126
vt -0.08084077 -0.03306987
vt -0.06854245 -0.03306988
vt -0.0562441 -0.03306993
vt -0.2103025 -0.2572505
vt -0.2166961 -0.2482995
vt -0.2230898 -0.2393485
vt -0.2358771 -0.2214465
vt -0.2370949 -0.2197415
vt -0.2728989 -0.2453161
vt -0.2716811 -0.2470211
vt -0.2588938 -0.2649231
vt 0.2588938 -0.2649231
vt 0.2716811 -0.2470211
vt 0.2728989 -0.2453161
vt 0.2370949 -0.2197415
vt 0.2358771 -0.2214465
vt 0.2230898 -0.2393485
vt 0.2166961 -0.2482994
vt 0.2103025 -0.2572505
vt 0.006176466 -0.03355312
vt -0.015532 -0.04755389
vt -0.006765197 -0.0677316
vt 0.3456212 -0.116456
vt 0.3041847 -0.1016572
vt 0.2967853 -0.1223754
vt 0.2928466 -0.1577012
vt 0.3023679 -0.1378684
vt 0.2833252 -0.177534
vt 0.2642825 -0.2171997
vt 0.2738039 -0.1973668
vt 0.2833252 -0.177534
vt 0.006176466 -0.03355312
vt -0.0242988 -0.02737618
vt -0.015532 -0.0475539
vt 0.08084072 -0.03306996
vt 0.07100204 -0.02815065
vt 0.06116344 -0.04782801
vt 0.041486 -0.01339274
vt 0.00213157 -0.09210218
vt 0.0119702 -0.08472317
vt 0.04148604 -0.02569107
vt 0.04148629 -0.1117794
vt 0.06116351 -0.07242468
vt 0.04148621 -0.08718274
vt 0.06116344 -0.04782801
vt 0.0464055 -0.06504574
vt 0.05132483 -0.06750537
vt 0.2742389 -0.2371875
vt 0.2548057 -0.172677
vt 0.2372648 -0.204739
vt 0.321503 0.07417629
vt 0.2813694 0.03741706
vt 0.3233875 0.04312079
vt 0.2468533 0.1334165
vt 0.2598147 0.1051517
vt 0.2883755 0.1597962
vt 0.06116351 -0.07242468
vt 0.05624415 -0.06996502
vt 0.04148621 -0.08718274
vt 0.06116351 -0.07242468
vt 0.08084072 -0.03306996
vt 0.06116344 -0.04782801
vt 0.06116351 -0.07242468
vt 0.06116344 -0.04782801
vt 0.05624415 -0.06996502
vt 0.04148614 -0.06258608
vt 0.04148621 -0.08718274
vt 0.0464055 -0.06504574
vt 0.04148621 -0.08718274
vt 0.04148614 -0.06258608
vt 0.02180889 -0.08964247
vt 0.041486 -0.01339274
vt 0.04148604 -0.02569107
vt 0.04148607 -0.0379894
vt 0.04148614 -0.06258608
vt 0.05132473 -0.03061037
vt 0.02180885 -0.07734413
vt 0.04148614 -0.06258608
vt 0.04148607 -0.0379894
vt 0.041486 -0.01339274
vt 0.03961197 -0.01245573
vt 0.000257528 -0.09116517
vt 0.00213157 -0.09210218
vt 0.0119702 -0.08472317
vt 0.02180885 -0.07734413
vt 0.04148607 -0.0379894
vt 0.04148604 -0.02569107
vt 0.04148614 -0.06258608
vt 0.02180885 -0.07734413
vt 0.0119702 -0.08472317
vt 0.00213157 -0.09210218
vt 0.02180889 -0.08964247
vt 0.04148614 -0.06258608
vt 0.06116344 -0.04782801
vt 0.05132473 -0.03061037
vt 0.06116337 -0.02323135
vt 0.041486 -0.01339274
vt 0.05132473 -0.03061037
vt 0.06116344 -0.04782801
vt 0.07100204 -0.02815065
vt 0.06116337 -0.02323135
vt 0.06116344 -0.04782801
vt 0.04148621 -0.08718274
vt 0.02180889 -0.08964247
vt 0.00213157 -0.09210218
vt 0.02180894 -0.1019408
vt 0.04148621 -0.08718274
vt 0.02180894 -0.1019408
vt 0.03164762 -0.1068601
vt 0.05624415 -0.06996502
vt 0.05132483 -0.06750537
vt 0.04148621 -0.08718274
vt 0.06116344 -0.04782801
vt 0.05132483 -0.06750537
vt 0.05624415 -0.06996502
vt 0.06116344 -0.04782801
vt 0.04148614 -0.06258608
vt 0.0464055 -0.06504574
vt 0.04148621 -0.08718274
vt 0.05132483 -0.06750537
vt 0.0464055 -0.06504574
vt -0.05663674 -0.1458369
vt -0.04381011 -0.1433389
vt -0.04354743 -0.138991
vt -0.05851183 -0.1419053
vt -0.02111437 -0.2973083
vt -0.006225563 -0.2940296
vt -0.006367982 -0.289676
vt -0.02281385 -0.2932976
vt 0.0419941 -0.3673259
vt 0.05783144 -0.3616022
vt 0.05662867 -0.3574157
vt 0.0402425 -0.3633378
vt 0.299826 -0.1852523
vt 0.3051077 -0.1686487
vt 0.3008776 -0.1676093
vt 0.2957729 -0.1836568
vt 0.1740819 0.1814257
vt 0.1586945 0.1882675
vt 0.1576831 0.1840307
vt 0.1716136 0.1778367
vt 0.09699109 0.04350698
vt 0.08214484 0.04697328
vt 0.08224637 0.04261859
vt 0.09497172 0.03964747
vt 0.05749667 -0.1414212
vt 0.04467004 -0.1389233
vt 0.04493272 -0.1432712
vt 0.05562156 -0.1453528
vt 0.02002731 -0.2921169
vt 0.009392458 -0.289775
vt 0.009250035 -0.2941285
vt 0.01832785 -0.2961275
vt -0.04397155 -0.3616998
vt -0.05271348 -0.3585404
vt -0.05391625 -0.3627269
vt -0.04572315 -0.3656879
vt -0.2972663 -0.1798638
vt -0.2999071 -0.171562
vt -0.3041372 -0.1726013
vt -0.3013195 -0.1814593
vt -0.1691205 0.1795514
vt -0.1606269 0.183328
vt -0.1616384 0.1875648
vt -0.1715887 0.1831404
vt -0.09397523 0.04016883
vt -0.08337077 0.04264477
vt -0.08326924 0.04699944
vt -0.09599461 0.04402833
vt -0.09018209 -0.1410807
vt -0.07772314 -0.1450224
vt -0.07541273 -0.1413297
vt -0.08994818 -0.1367311
vt -0.1448443 -0.2743196
vt -0.1304807 -0.2794298
vt -0.1282943 -0.2756625
vt -0.14416 -0.2700179
vt -0.2231088 -0.2953618
vt -0.2085302 -0.3037906
vt -0.2061023 -0.3001742
vt -0.2211861 -0.2914532
vt -0.3360571 -0.02927227
vt -0.3322124 -0.04626625
vt -0.3280378 -0.04502263
vt -0.3317538 -0.02859785
vt -0.09120671 0.2002366
vt -0.1047657 0.1902498
vt -0.1015842 0.1872745
vt -0.08930898 0.1963159
vt 0.02910331 0.04859739
vt 0.01485943 0.04316247
vt 0.01738038 0.03961022
vt 0.02958941 0.04426872
vt 0.08882514 -0.1367917
vt 0.07636619 -0.1407333
vt 0.07867659 -0.144426
vt 0.08905905 -0.1411412
vt 0.1411713 -0.2704932
vt 0.1309116 -0.2741433
vt 0.1330981 -0.2779107
vt 0.1418556 -0.274795
vt 0.217531 -0.2932513
vt 0.2094839 -0.2979038
vt 0.2119118 -0.3015203
vt 0.2194537 -0.2971598
vt 0.3311231 -0.03262094
vt 0.3292007 -0.04111793
vt 0.3333753 -0.04236153
vt 0.3354264 -0.03329535
vt 0.09203284 0.1949974
vt 0.09951712 0.1894848
vt 0.1026986 0.19246
vt 0.09393057 0.1989181
vt -0.02847176 0.04414324
vt -0.01829755 0.04026115
vt -0.01577661 0.0438134
vt -0.02798564 0.04847189
vt -0.1160573 -0.1214656
vt -0.1069656 -0.1308519
vt -0.1031785 -0.1286998
vt -0.1137855 -0.1177491
vt -0.2251692 -0.2152305
vt -0.2148281 -0.2264326
vt -0.2111408 -0.2241136
vt -0.2225634 -0.21174
vt -0.308935 -0.201799
vt -0.2999027 -0.2160116
vt -0.2960781 -0.2139268
vt -0.3054234 -0.1992216
vt -0.3259049 -0.06669403
vt -0.3226339 -0.08380769
vt -0.3184198 -0.08270517
vt -0.3215813 -0.0661647
vt -0.2028366 0.05784322
vt -0.207808 0.04175387
vt -0.2034813 0.04125131
vt -0.1989805 0.05581737
vt -0.02642321 0.01282785
vt -0.03549474 0.0005749449
vt -0.03145711 -0.001059412
vt -0.02368151 0.009443068
vt 0.112826 -0.1183357
vt 0.1037343 -0.127722
vt 0.1075214 -0.1298742
vt 0.1150978 -0.1220522
vt 0.2201385 -0.2135504
vt 0.212752 -0.2215519
vt 0.2164393 -0.2238708
vt 0.2227443 -0.2170409
vt 0.303013 -0.2025057
vt 0.2980274 -0.2103508
vt 0.3018519 -0.2124356
vt 0.3065246 -0.205083
vt 0.3210861 -0.07020701
vt 0.3194507 -0.07876386
vt 0.3236647 -0.07986636
vt 0.3254097 -0.07073633
vt 0.2003883 0.0531382
vt 0.2031324 0.04425717
vt 0.2074592 0.04475972
vt 0.2042443 0.05516404
vt 0.02455542 0.0087351
vt 0.03103508 -1.696831E-05
vt 0.03507272 0.001617395
vt 0.02729711 0.01211987
vt -0.1289849 -0.09171221
vt -0.1254109 -0.1042816
vt -0.1210563 -0.1041755
vt -0.1252261 -0.08951125
vt -0.2605421 -0.1535479
vt -0.2551679 -0.1678148
vt -0.2508795 -0.1670513
vt -0.2568156 -0.1512924
vt -0.3242362 -0.1733516
vt -0.3184354 -0.1891608
vt -0.3142548 -0.1879376
vt -0.3202567 -0.1715806
vt -0.3133138 -0.1353384
vt -0.3088604 -0.1521831
vt -0.3047332 -0.1507902
vt -0.3090375 -0.1345097
vt -0.2187251 -0.0714678
vt -0.2171765 -0.08823635
vt -0.2129857 -0.08704875
vt -0.2143876 -0.07186781
vt -0.05297573 -0.04633249
vt -0.05464314 -0.06148657
vt -0.05033178 -0.06086541
vt -0.04890258 -0.0478762
vt 0.1246579 -0.09048188
vt 0.1210839 -0.1030512
vt 0.1254384 -0.1031573
vt 0.1284168 -0.09268285
vt 0.2552485 -0.1538813
vt 0.2514099 -0.164072
vt 0.2556983 -0.1648355
vt 0.258975 -0.1561369
vt 0.3186005 -0.175302
vt 0.3153985 -0.1840284
vt 0.3195791 -0.1852515
vt 0.32258 -0.177073
vt 0.3082624 -0.1385083
vt 0.3060357 -0.1469306
vt 0.3101628 -0.1483236
vt 0.3125387 -0.139337
vt 0.2146656 -0.07488114
vt 0.2138108 -0.08413707
vt 0.2180016 -0.08532466
vt 0.219003 -0.07448113
vt 0.0493011 -0.04892785
vt 0.05049212 -0.05975219
vt 0.05480347 -0.06037335
vt 0.05337425 -0.04738414
vt -0.1265178 -0.05638822
vt -0.1294613 -0.06911997
vt -0.1255974 -0.07113098
vt -0.1221633 -0.05627727
vt -0.2692364 -0.08520838
vt -0.2690747 -0.1004531
vt -0.2647842 -0.1012048
vt -0.2649628 -0.08436585
vt -0.3248879 -0.1626852
vt -0.32092 -0.179051
vt -0.3166275 -0.1783105
vt -0.320733 -0.1613776
vt -0.2908177 -0.2068982
vt -0.284215 -0.2230221
vt -0.2803036 -0.2211051
vt -0.2866852 -0.2055213
vt -0.1929903 -0.1816739
vt -0.1857803 -0.1968922
vt -0.1822517 -0.1943384
vt -0.188779 -0.1805608
vt -0.04838276 -0.1089351
vt -0.04258471 -0.123035
vt -0.03909821 -0.1204239
vt -0.04406798 -0.1083382
vt 0.1221348 -0.05740158
vt 0.1250784 -0.07013333
vt 0.1289423 -0.06812233
vt 0.1264893 -0.05751251
vt 0.2643772 -0.08733478
vt 0.2642618 -0.09822385
vt 0.2685523 -0.09747211
vt 0.2686508 -0.08817733
vt 0.3195102 -0.1652629
vt 0.31732 -0.1742965
vt 0.3216124 -0.1750369
vt 0.3236651 -0.1665705
vt 0.2853974 -0.2093856
vt 0.2820961 -0.2174476
vt 0.2860074 -0.2193646
vt 0.2895299 -0.2107626
vt 0.1880055 -0.1834865
vt 0.1840257 -0.1918867
vt 0.1875544 -0.1944406
vt 0.1922168 -0.1845995
vt 0.04391397 -0.1094524
vt 0.0397725 -0.1195237
vt 0.04325898 -0.1221349
vt 0.04822875 -0.1100492
vt -0.1072403 -0.02166502
vt -0.1162801 -0.03110135
vt -0.1139879 -0.03480529
vt -0.1034414 -0.02379625
vt -0.2512701 0.01299824
vt -0.257377 -0.0009707173
vt -0.2537726 -0.003416507
vt -0.247027 0.01201331
vt -0.3200746 -0.1481616
vt -0.3170345 -0.1647248
vt -0.3127072 -0.1642272
vt -0.3158526 -0.14709
vt -0.2356861 -0.2859468
vt -0.225244 -0.2998945
vt -0.2219397 -0.2970562
vt -0.2320322 -0.2835757
vt -0.1242874 -0.2731039
vt -0.1116777 -0.2842653
vt -0.1094363 -0.2805303
vt -0.1208522 -0.2704257
vt -0.01679527 -0.1600823
vt -0.005022508 -0.1697688
vt -0.003183723 -0.16582
vt -0.01327466 -0.1575173
vt 0.1039918 -0.02477703
vt 0.1130316 -0.03421336
vt 0.1153238 -0.03050941
vt 0.1077907 -0.02264581
vt 0.2477111 0.009065656
vt 0.2520732 -0.0009121626
vt 0.2556776 0.001533623
vt 0.2519542 0.01005061
vt 0.3148507 -0.1510374
vt 0.3131726 -0.16018
vt 0.3174999 -0.1606776
vt 0.3190727 -0.152109
vt 0.2298146 -0.2869927
vt 0.2245934 -0.2939666
vt 0.2278977 -0.2968048
vt 0.2334685 -0.2893638
vt 0.1189915 -0.2728124
vt 0.1120311 -0.2789733
vt 0.1142725 -0.2827082
vt 0.1224267 -0.2754906
vt 0.01261238 -0.1584263
vt 0.004203258 -0.1653453
vt 0.006042039 -0.169294
vt 0.01613297 -0.1609913
vt -0.07258436 0.001235975
vt -0.08530971 -0.001735141
vt -0.08541124 -0.006089822
vt -0.07056498 -0.002623528
vt -0.145882 0.1574901
vt -0.1598126 0.1512961
vt -0.1588012 0.1470593
vt -0.1434138 0.1539011
vt -0.2936351 -0.1653042
vt -0.2885303 -0.1813518
vt -0.2843003 -0.1803124
vt -0.2895819 -0.1637087
vt -0.06216627 -0.3727386
vt -0.04578009 -0.3786606
vt -0.04457732 -0.3744741
vt -0.06041466 -0.3687505
vt -0.001720398 -0.3264064
vt 0.01472547 -0.330028
vt 0.01486788 -0.3256744
vt -2.092762E-05 -0.3223958
vt 0.03381173 -0.1889826
vt 0.04877613 -0.1918968
vt 0.04851346 -0.1875489
vt 0.03568683 -0.1850509
vt 0.07156155 -0.003144809
vt 0.08428691 -0.006115917
vt 0.08418538 -0.001761239
vt 0.07358093 0.0007146959
vt 0.1459075 0.1521862
vt 0.1558579 0.1477618
vt 0.1568693 0.1519987
vt 0.1483758 0.1557752
vt 0.2880905 -0.1674975
vt 0.2852728 -0.1763555
vt 0.2895029 -0.1773949
vt 0.2921437 -0.169093
vt 0.05668515 -0.3703884
vt 0.04849206 -0.3733494
vt 0.04969482 -0.3775359
vt 0.05843675 -0.3743765
vt -0.002765264 -0.3235765
vt -0.01184308 -0.3255755
vt -0.01170065 -0.3299291
vt -0.001065799 -0.3275872
vt -0.03670194 -0.185535
vt -0.04739079 -0.1876167
vt -0.04765348 -0.1919646
vt -0.03482685 -0.1894667
vt -0.03252978 -9.340954E-05
vt -0.04473881 0.004565095
vt -0.04725975 0.00101285
vt -0.03301588 -0.004422066
vt 0.08435868 0.1638877
vt 0.07208347 0.172929
vt 0.068902 0.1699538
vt 0.08246094 0.159967
vt 0.3206244 -0.04334483
vt 0.3243403 -0.02692005
vt 0.3201658 -0.02567643
vt 0.3163211 -0.04267042
vt 0.2142573 -0.3142793
vt 0.2293411 -0.3055583
vt 0.2269132 -0.3019419
vt 0.2123346 -0.3103707
vt 0.140901 -0.3110971
vt 0.1567667 -0.3054526
vt 0.1545802 -0.3016852
vt 0.1402166 -0.3067954
vt 0.09077522 -0.1898882
vt 0.1053107 -0.1852896
vt 0.1030003 -0.181597
vt 0.09054132 -0.1855386
vt 0.03413345 -0.004296274
vt 0.04634248 0.0003622266
vt 0.04382154 0.003914468
vt 0.03364734 3.237701E-05
vt -0.07973689 0.1612853
vt -0.07096888 0.1677434
vt -0.07415034 0.1707186
vt -0.08163463 0.1652061
vt -0.3169517 -0.0386461
vt -0.3190028 -0.02957992
vt -0.3231774 -0.03082352
vt -0.321255 -0.03932051
vt -0.2159895 -0.3085728
vt -0.2235314 -0.3042123
vt -0.2259593 -0.3078288
vt -0.2179122 -0.3124813
vt -0.1432053 -0.3063198
vt -0.1519628 -0.3032041
vt -0.1541493 -0.3069715
vt -0.1438896 -0.3106216
vt -0.09166438 -0.1854783
vt -0.1020469 -0.1821936
vt -0.1043573 -0.1858862
vt -0.09189831 -0.1898279
vt -0.002696774 -0.02634554
vt -0.01047238 -0.01584307
vt -0.01451 -0.01747742
vt -0.005438464 -0.02973032
vt 0.17573 0.03267645
vt 0.1712293 0.04724249
vt 0.1669025 0.04673994
vt 0.1718739 0.03065059
vt 0.3109543 -0.08127824
vt 0.3141158 -0.06473778
vt 0.3099018 -0.06363526
vt 0.3066307 -0.08074892
vt 0.3098291 -0.2226657
vt 0.3191743 -0.2079605
vt 0.3153498 -0.2058757
vt 0.3063176 -0.2200883
vt 0.2387762 -0.2496251
vt 0.2501988 -0.2372515
vt 0.2465115 -0.2349326
vt 0.2361704 -0.2461347
vt 0.1397616 -0.1641344
vt 0.1503686 -0.1531837
vt 0.1465815 -0.1510316
vt 0.1374898 -0.1604179
vt 0.006312278 -0.02902238
vt 0.01408788 -0.0185199
vt 0.01005024 -0.01688554
vt 0.003570586 -0.02563761
vt -0.1704666 0.0333295
vt -0.1672518 0.04373382
vt -0.1715785 0.04423637
vt -0.1743227 0.03535535
vt -0.3071254 -0.07670517
vt -0.3088705 -0.06757513
vt -0.3130845 -0.06867765
vt -0.311449 -0.07723448
vt -0.3087274 -0.2168051
vt -0.3134001 -0.2094525
vt -0.3172247 -0.2115373
vt -0.312239 -0.2193824
vt -0.2385955 -0.2443243
vt -0.2449006 -0.2374943
vt -0.2485878 -0.2398132
vt -0.2412013 -0.2478147
vt -0.1384494 -0.1598313
vt -0.1460258 -0.1520093
vt -0.1498129 -0.1541615
vt -0.1407212 -0.1635478
vt 0.008091106 -0.06551318
vt 0.006661899 -0.05252397
vt 0.002350554 -0.05190281
vt 0.004017963 -0.06705688
vt 0.1840627 -0.08437767
vt 0.1854647 -0.06919674
vt 0.1812738 -0.06800914
vt 0.1797253 -0.08477768
vt 0.2973851 -0.1488475
vt 0.3016894 -0.132567
vt 0.2975623 -0.131174
vt 0.2931088 -0.1480187
vt 0.3295504 -0.1935501
vt 0.3355524 -0.177193
vt 0.3313718 -0.1759698
vt 0.3255709 -0.1917791
vt 0.2860756 -0.1803092
vt 0.2920118 -0.1645503
vt 0.2877234 -0.1637868
vt 0.2823492 -0.1780537
vt 0.1700451 -0.1181052
vt 0.1742148 -0.103441
vt 0.1698602 -0.1033349
vt 0.1662862 -0.1159042
vt -0.003619507 -0.06600515
vt -0.002190302 -0.05301594
vt -0.006501643 -0.05363711
vt -0.007692667 -0.06446142
vt -0.1794475 -0.08176417
vt -0.1804489 -0.07092065
vt -0.1846397 -0.07210824
vt -0.1837849 -0.08136417
vt -0.2938835 -0.1440196
vt -0.2962594 -0.1350331
vt -0.3003865 -0.136426
vt -0.2981598 -0.1448484
vt -0.327227 -0.1880578
vt -0.3302279 -0.1798792
vt -0.3344086 -0.1811024
vt -0.3312066 -0.1898288
vt -0.2839163 -0.1754649
vt -0.287193 -0.1667663
vt -0.2914814 -0.1675298
vt -0.2876427 -0.1777204
vt -0.1668544 -0.1149337
vt -0.1698328 -0.1044593
vt -0.1741873 -0.1045653
vt -0.1706133 -0.1171347
vt -0.0002041125 -0.1042624
vt 0.004765666 -0.09217666
vt 0.001279172 -0.08956554
vt -0.004518891 -0.1036655
vt 0.1560023 -0.1819022
vt 0.1625296 -0.1681247
vt 0.159001 -0.1655708
vt 0.151791 -0.1807892
vt 0.2732698 -0.2182248
vt 0.2796514 -0.2026409
vt 0.2757401 -0.2007239
vt 0.2691374 -0.2168479
vt 0.3324617 -0.1821496
vt 0.3365671 -0.1652167
vt 0.3322746 -0.1644762
vt 0.3283067 -0.180842
vt 0.3023924 -0.1016034
vt 0.3025709 -0.08476443
vt 0.2982804 -0.08551617
vt 0.2981188 -0.1007609
vt 0.1752192 -0.05965854
vt 0.1717851 -0.04480481
vt 0.1679212 -0.04681582
vt 0.1708648 -0.05954758
vt 0.004364625 -0.1025515
vt -0.0006051442 -0.09046581
vt -0.004091629 -0.09307693
vt 4.985083E-05 -0.1031483
vt -0.1525643 -0.1778635
vt -0.1572267 -0.1680224
vt -0.1607554 -0.1705763
vt -0.1567756 -0.1789765
vt -0.2704248 -0.2129835
vt -0.2739473 -0.2043815
vt -0.2778587 -0.2062985
vt -0.2745573 -0.2143604
vt -0.3295295 -0.1769565
vt -0.3315822 -0.1684901
vt -0.3358746 -0.1692306
vt -0.3336844 -0.1782642
vt -0.2987041 -0.09779173
vt -0.2988027 -0.08849694
vt -0.3030932 -0.0877452
vt -0.3029777 -0.09863427
vt -0.1708935 -0.0584233
vt -0.1684406 -0.04781349
vt -0.1723044 -0.04580249
vt -0.175248 -0.05853426
vt -0.02381651 -0.1330045
vt -0.01372559 -0.1247018
vt -0.01556437 -0.1207531
vt -0.02733711 -0.1304396
vt 0.09018458 -0.2587804
vt 0.1016005 -0.2486758
vt 0.09935914 -0.2449408
vt 0.08674937 -0.2561022
vt 0.2158554 -0.292501
vt 0.2259478 -0.2790205
vt 0.2226436 -0.2761822
vt 0.2122014 -0.2901299
vt 0.3287323 -0.1671686
vt 0.3318778 -0.1500314
vt 0.3275505 -0.1495338
vt 0.3245104 -0.166097
vt 0.2882335 0.01164938
vt 0.281488 0.02707918
vt 0.2778836 0.02463339
vt 0.2839905 0.01066444
vt 0.1507658 0.0004271515
vt 0.1402193 0.01143619
vt 0.1379271 0.007732245
vt 0.1469669 -0.001704073
vt 0.02667487 -0.1295307
vt 0.01658394 -0.1212279
vt 0.01474515 -0.1251767
vt 0.02315426 -0.1320956
vt -0.08861028 -0.2537159
vt -0.0967645 -0.2464983
vt -0.09900585 -0.2502332
vt -0.0920455 -0.2563941
vt -0.2144182 -0.2867131
vt -0.2199891 -0.2792721
vt -0.2232933 -0.2821104
vt -0.2180722 -0.2890842
vt -0.3255125 -0.1621485
vt -0.3270852 -0.1535799
vt -0.3314126 -0.1540775
vt -0.3297345 -0.1632201
vt -0.2833063 0.01361229
vt -0.2795829 0.02212926
vt -0.2831873 0.02457505
vt -0.2875494 0.01459724
vt -0.1464166 -0.0007231784
vt -0.1388834 0.007140408
vt -0.1411756 0.01084436
vt -0.1502154 0.00140804
vt -0.05316011 -0.1522233
vt -0.04464589 -0.1505652
vt -0.04447152 -0.1476791
vt -0.0544048 -0.1496136
vt -0.0175662 -0.3015274
vt -0.007683104 -0.2993511
vt -0.007777642 -0.2964612
vt -0.01869429 -0.2988652
vt 0.04515595 -0.3677608
vt 0.05566866 -0.3639615
vt 0.05487027 -0.3611825
vt 0.04399324 -0.3651135
vt 0.2984414 -0.1817437
vt 0.3019473 -0.1707224
vt 0.2991394 -0.1700324
vt 0.2957509 -0.1806847
vt 0.1691 0.1771773
vt 0.158886 0.1817188
vt 0.1582146 0.1789065
vt 0.1674616 0.1747949
vt 0.09263679 0.03610758
vt 0.08278196 0.03840848
vt 0.08284935 0.03551786
vt 0.09129635 0.03354567
vt 0.05373091 -0.1492923
vt 0.04521669 -0.1476342
vt 0.04539105 -0.1505203
vt 0.05248623 -0.1519021
vt 0.01684466 -0.2980815
vt 0.009785311 -0.296527
vt 0.009690778 -0.2994168
vt 0.01571657 -0.3007437
vt -0.0464684 -0.3640262
vt -0.05227123 -0.361929
vt -0.05306962 -0.364708
vt -0.0476311 -0.3666735
vt -0.2967429 -0.1781657
vt -0.2984958 -0.172655
vt -0.3013037 -0.1733449
vt -0.2994333 -0.1792247
vt -0.1658065 0.1759331
vt -0.1601686 0.17844
vt -0.1608399 0.1812523
vt -0.1674449 0.1783155
vt -0.09063492 0.03389177
vt -0.08359575 0.03553527
vt -0.08352835 0.03842589
vt -0.09197535 0.03645368
vt -0.09033805 -0.1483463
vt -0.08206788 -0.1509627
vt -0.08053424 -0.1485116
vt -0.09018277 -0.1454591
vt -0.1442215 -0.279756
vt -0.134687 -0.2831481
vt -0.1332357 -0.2806473
vt -0.1437672 -0.2769005
vt -0.2215396 -0.2979952
vt -0.2118624 -0.3035902
vt -0.2102507 -0.3011896
vt -0.2202633 -0.2954007
vt -0.3331101 -0.03145169
vt -0.330558 -0.04273217
vt -0.327787 -0.04190666
vt -0.3302536 -0.03100401
vt -0.08984175 0.1938697
vt -0.09884208 0.1872405
vt -0.09673025 0.1852656
vt -0.08858204 0.1912672
vt 0.02978894 0.04004307
vt 0.02033395 0.03643542
vt 0.02200733 0.03407746
vt 0.03011161 0.03716974
vt 0.08943732 -0.1454993
vt 0.08116715 -0.1481157
vt 0.08270079 -0.1505668
vt 0.08959259 -0.1483865
vt 0.1417835 -0.2772162
vt 0.1349732 -0.2796391
vt 0.1364245 -0.2821398
vt 0.1422378 -0.2800716
vt 0.2178367 -0.2965944
vt 0.2124951 -0.2996828
vt 0.2141068 -0.3020834
vt 0.219113 -0.2991889
vt 0.3298348 -0.0336727
vt 0.3285588 -0.03931295
vt 0.3313299 -0.04013843
vt 0.3326914 -0.03412036
vt 0.09039035 0.190392
vt 0.09535836 0.1867329
vt 0.09747021 0.1887078
vt 0.09165005 0.1929946
vt -0.02936971 0.03708645
vt -0.02261614 0.03450955
vt -0.02094276 0.03686749
vt -0.02904703 0.03995978
vt -0.1197974 -0.1277825
vt -0.1137624 -0.1340131
vt -0.1112486 -0.1325845
vt -0.1182894 -0.1253155
vt -0.2272751 -0.2203066
vt -0.2204107 -0.2277425
vt -0.2179631 -0.2262031
vt -0.2255454 -0.2179896
vt -0.3088416 -0.2047839
vt -0.3028461 -0.2142182
vt -0.3003074 -0.2128343
vt -0.3065107 -0.2030731
vt -0.3230256 -0.06885942
vt -0.3208544 -0.08021936
vt -0.3180571 -0.07948751
vt -0.3201557 -0.06850806
vt -0.1978501 0.0536133
vt -0.2011501 0.0429333
vt -0.198278 0.04259971
vt -0.1952905 0.05226855
vt -0.02108653 0.006013343
vt -0.02710816 -0.002120051
vt -0.024428 -0.003204928
vt -0.01926661 0.003766549
vt 0.1176525 -0.1257049
vt 0.1116175 -0.1319355
vt 0.1141313 -0.1333641
vt 0.1191605 -0.1281719
vt 0.2239359 -0.2191914
vt 0.2190327 -0.2245027
vt 0.2214803 -0.2260421
vt 0.2256656 -0.2215084
vt 0.3049106 -0.2052531
vt 0.3016012 -0.2104607
vt 0.3041399 -0.2118446
vt 0.3072415 -0.206964
vt 0.3198269 -0.07119101
vt 0.3187412 -0.07687097
vt 0.3215385 -0.07760282
vt 0.3226968 -0.07154236
vt 0.1962249 0.05049016
vt 0.1980464 0.044595
vt 0.2009185 0.0449286
vt 0.1987846 0.05183492
vt 0.01984679 0.00329667
vt 0.02414794 -0.002512902
vt 0.02682809 -0.001428028
vt 0.0216667 0.005543453
vt -0.1354166 -0.0955139
vt -0.1330442 -0.1038574
vt -0.1301537 -0.1037869
vt -0.1329215 -0.09405293
vt -0.2645119 -0.1574623
vt -0.2609445 -0.1669326
vt -0.2580979 -0.1664258
vt -0.2620383 -0.1559651
vt -0.3248285 -0.1762657
vt -0.320978 -0.1867598
vt -0.3182029 -0.1859479
vt -0.3221869 -0.1750901
vt -0.3102641 -0.1372524
vt -0.3073079 -0.1484338
vt -0.3045684 -0.1475092
vt -0.3074255 -0.1367023
vt -0.2124007 -0.07342629
vt -0.2113728 -0.08455713
vt -0.208591 -0.08376882
vt -0.2095216 -0.07369181
vt -0.04478563 -0.04951111
vt -0.04589244 -0.05957029
vt -0.04303059 -0.05915797
vt -0.0420819 -0.05053582
vt 0.1325443 -0.09469721
vt 0.1301719 -0.1030407
vt 0.1330624 -0.1031111
vt 0.1350394 -0.09615819
vt 0.2609981 -0.1576836
vt 0.25845 -0.1644481
vt 0.2612967 -0.1649549
vt 0.2634717 -0.1591808
vt 0.3210875 -0.1775604
vt 0.3189621 -0.1833529
vt 0.3217371 -0.1841649
vt 0.3237291 -0.178736
vt 0.3069109 -0.1393565
vt 0.3054329 -0.1449472
vt 0.3081724 -0.1458718
vt 0.3097495 -0.1399066
vt 0.2097061 -0.0756921
vt 0.2091388 -0.08183613
vt 0.2119206 -0.08262445
vt 0.2125853 -0.07542659
vt 0.0423465 -0.0512339
vt 0.04313708 -0.05841902
vt 0.04599892 -0.05883134
vt 0.04505022 -0.05020919
vt -0.1341352 -0.05661852
vt -0.1360891 -0.06506978
vt -0.1335243 -0.06640466
vt -0.1312447 -0.05654488
vt -0.2744097 -0.08756953
vt -0.2743025 -0.09768884
vt -0.2714545 -0.09818783
vt -0.271573 -0.08701026
vt -0.3258336 -0.1655635
vt -0.3231997 -0.176427
vt -0.3203503 -0.1759354
vt -0.3230755 -0.1646955
vt -0.2874947 -0.2084253
vt -0.2831119 -0.2191282
vt -0.2805155 -0.2178557
vt -0.2847516 -0.2075113
vt -0.1862661 -0.1813368
vt -0.1814802 -0.1914387
vt -0.1791379 -0.1897434
vt -0.1834707 -0.180598
vt -0.03952224 -0.1077853
vt -0.03567353 -0.1171447
vt -0.03335922 -0.1154115
vt -0.03665812 -0.1073891
vt 0.1312257 -0.05729119
vt 0.1331796 -0.06574245
vt 0.1357445 -0.06440755
vt 0.1341162 -0.05736484
vt 0.2711844 -0.08898114
vt 0.2711078 -0.09620921
vt 0.2739558 -0.09571021
vt 0.2740212 -0.0895404
vt 0.3222638 -0.1672744
vt 0.32081 -0.1732709
vt 0.3236593 -0.1737624
vt 0.3250219 -0.1681424
vt 0.2838967 -0.2100764
vt 0.2817053 -0.2154279
vt 0.2843016 -0.2167004
vt 0.2866398 -0.2109904
vt 0.1829575 -0.1825401
vt 0.1803158 -0.1881162
vt 0.1826581 -0.1898114
vt 0.1857529 -0.183279
vt 0.03655576 -0.1081285
vt 0.03380669 -0.1148139
vt 0.03612098 -0.1165471
vt 0.03941988 -0.1085247
vt -0.1140561 -0.01797658
vt -0.1200567 -0.02424036
vt -0.1185351 -0.02669901
vt -0.1115345 -0.01939127
vt -0.2570698 0.01289548
vt -0.2611236 0.003622973
vt -0.258731 0.001999479
vt -0.2542533 0.01224168
vt -0.3211873 -0.1510964
vt -0.3191693 -0.162091
vt -0.3162968 -0.1617607
vt -0.3183847 -0.1503851
vt -0.2319977 -0.2866628
vt -0.2250663 -0.2959212
vt -0.2228729 -0.2940372
vt -0.2295723 -0.2850889
vt -0.1181036 -0.2701698
vt -0.1097334 -0.2775787
vt -0.1082456 -0.2750994
vt -0.1158234 -0.268392
vt -0.009377909 -0.1548724
vt -0.001563234 -0.1613023
vt -0.0003426598 -0.1586812
vt -0.007040954 -0.1531698
vt 0.1118998 -0.02004228
vt 0.1179004 -0.02630606
vt 0.1194219 -0.0238474
vt 0.1144215 -0.01862759
vt 0.2547076 0.01028493
vt 0.2576031 0.003661711
vt 0.2599957 0.005285206
vt 0.2575241 0.01093872
vt 0.3177196 -0.1530052
vt 0.3166057 -0.159074
vt 0.3194782 -0.1594043
vt 0.3205222 -0.1537165
vt 0.2281002 -0.2873572
vt 0.2246344 -0.2919863
vt 0.2268277 -0.2938704
vt 0.2305256 -0.2889311
vt 0.1145883 -0.2699763
vt 0.1099681 -0.2740658
vt 0.1114559 -0.276545
vt 0.1168686 -0.2717541
vt 0.006601382 -0.1537733
vt 0.001019464 -0.158366
vt 0.002240035 -0.1609872
vt 0.008938329 -0.1554759
vt -0.07643578 0.008048382
vt -0.08488279 0.006076185
vt -0.08495019 0.003185574
vt -0.07509534 0.005486468
vt -0.1503811 0.1612889
vt -0.1596281 0.1571774
vt -0.1589568 0.154365
vt -0.1487427 0.1589066
vt -0.2943315 -0.1685033
vt -0.2909429 -0.1791555
vt -0.2881351 -0.1784656
vt -0.291641 -0.1674442
vt -0.0585462 -0.3713537
vt -0.04766917 -0.3752847
vt -0.04687078 -0.3725057
vt -0.0573835 -0.3687064
vt 0.002408694 -0.3208425
vt 0.01332534 -0.3232464
vt 0.01341988 -0.3203566
vt 0.003536787 -0.3181803
vt 0.03800903 -0.1808631
vt 0.0479423 -0.1827976
vt 0.04776794 -0.1799114
vt 0.03925371 -0.1782533
vt 0.07575685 0.005140454
vt 0.08420385 0.003168254
vt 0.08413646 0.006058861
vt 0.07709729 0.007702363
vt 0.150398 0.1577683
vt 0.1570031 0.1548315
vt 0.1576744 0.1576439
vt 0.1520365 0.1601507
vt 0.2906516 -0.169958
vt 0.2887812 -0.1758378
vt 0.2915891 -0.1765278
vt 0.293342 -0.1710171
vt 0.05490761 -0.3697937
vt 0.04946909 -0.3717592
vt 0.05026748 -0.3745382
vt 0.05607031 -0.372441
vt -0.005386372 -0.3189641
vt -0.01141216 -0.3202911
vt -0.01131762 -0.3231809
vt -0.004258278 -0.3216264
vt -0.03992756 -0.1785747
vt -0.04702275 -0.1799565
vt -0.04719712 -0.1828426
vt -0.03868289 -0.1811845
vt -0.03206336 0.007722556
vt -0.04016764 0.01081483
vt -0.04184102 0.00845688
vt -0.03238604 0.004849222
vt 0.08529603 0.1697415
vt 0.07714783 0.1757431
vt 0.07503598 0.1737682
vt 0.08403632 0.167139
vt 0.3228661 -0.04079336
vt 0.3253327 -0.02989071
vt 0.3225617 -0.02906521
vt 0.3200095 -0.04034568
vt 0.2156642 -0.3105523
vt 0.2256767 -0.3047634
vt 0.224065 -0.3023629
vt 0.2143879 -0.3079579
vt 0.1416039 -0.3041686
vt 0.1521355 -0.3004217
vt 0.1506841 -0.297921
vt 0.1411497 -0.3013131
vt 0.0907318 -0.1807444
vt 0.1003803 -0.1776919
vt 0.09884669 -0.1752408
vt 0.09057652 -0.1778572
vt 0.03312791 0.004932577
vt 0.04123217 0.008024863
vt 0.03955879 0.01038281
vt 0.03280523 0.007805909
vt -0.08222844 0.1680143
vt -0.0764083 0.1723011
vt -0.07852013 0.1742761
vt -0.08348814 0.1706169
vt -0.320428 -0.03767247
vt -0.3217895 -0.0316544
vt -0.3245606 -0.03247989
vt -0.3232845 -0.03812014
vt -0.2168134 -0.3067648
vt -0.2218197 -0.3038704
vt -0.2234313 -0.306271
vt -0.2180897 -0.3093593
vt -0.1431336 -0.3009976
vt -0.1489468 -0.2989295
vt -0.1503981 -0.3014302
vt -0.1435878 -0.3038532
vt -0.09132196 -0.1778171
vt -0.09821378 -0.1756367
vt -0.0997474 -0.1780879
vt -0.09147724 -0.1807043
vt 0.001756857 -0.01998968
vt -0.003404532 -0.0130182
vt -0.006084681 -0.01410308
vt -6.305814E-05 -0.02223647
vt 0.179857 0.03690776
vt 0.1768694 0.0465766
vt 0.1739973 0.04624301
vt 0.1772973 0.03556301
vt 0.3131015 -0.07854033
vt 0.3152001 -0.06756087
vt 0.3124029 -0.06682903
vt 0.3102316 -0.07818897
vt 0.3094352 -0.218635
vt 0.3156385 -0.2088738
vt 0.3130998 -0.2074899
vt 0.3071042 -0.2169242
vt 0.2363073 -0.2431375
vt 0.2438895 -0.234924
vt 0.241442 -0.2333847
vt 0.2345776 -0.2408205
vt 0.1355322 -0.1561058
vt 0.142573 -0.1488368
vt 0.1400592 -0.1474082
vt 0.1340242 -0.1536388
vt 0.0006430525 -0.02176652
vt 0.005804452 -0.01479504
vt 0.003124292 -0.01371016
vt -0.001176864 -0.01951973
vt -0.1763633 0.03734127
vt -0.1742293 0.04424759
vt -0.1771014 0.04458117
vt -0.1789229 0.03868601
vt -0.3105598 -0.07550441
vt -0.3117182 -0.06944396
vt -0.3145154 -0.0701758
vt -0.3134298 -0.07585577
vt -0.3087038 -0.214745
vt -0.3118055 -0.2098643
vt -0.3143442 -0.2112482
vt -0.3110347 -0.2164558
vt -0.2361874 -0.2396188
vt -0.2403727 -0.2350851
vt -0.2428203 -0.2366244
vt -0.2379171 -0.2419358
vt -0.1346612 -0.1532495
vt -0.1396904 -0.1480573
vt -0.1422042 -0.1494859
vt -0.1361692 -0.1557165
vt 0.01499152 -0.0622431
vt 0.01404283 -0.05362096
vt 0.01118098 -0.05320863
vt 0.01228779 -0.06326781
vt 0.1893922 -0.08199577
vt 0.1903228 -0.07191877
vt 0.1875409 -0.07113045
vt 0.186513 -0.0822613
vt 0.2996908 -0.1462196
vt 0.3025479 -0.1354127
vt 0.2998083 -0.1344881
vt 0.2968522 -0.1456695
vt 0.3283561 -0.1896734
vt 0.3323401 -0.1788156
vt 0.3295651 -0.1780037
vt 0.3257145 -0.1884978
vt 0.2814608 -0.1752263
vt 0.2854012 -0.1647656
vt 0.2825546 -0.1642588
vt 0.2789873 -0.173729
vt 0.1626721 -0.1130334
vt 0.1654399 -0.1032994
vt 0.1625493 -0.103229
vt 0.1601769 -0.1115724
vt -0.01202335 -0.06256966
vt -0.01107466 -0.05394752
vt -0.0139365 -0.05435984
vt -0.01472709 -0.06154496
vt -0.1863287 -0.08026104
vt -0.1869935 -0.07306318
vt -0.1897753 -0.07385149
vt -0.1892079 -0.07999551
vt -0.2973663 -0.1430148
vt -0.2989434 -0.1370496
vt -0.3016829 -0.1379743
vt -0.3002049 -0.143565
vt -0.3268138 -0.1860276
vt -0.3288057 -0.1805988
vt -0.3315808 -0.1814107
vt -0.3294554 -0.1872032
vt -0.2800275 -0.1720106
vt -0.2822025 -0.1662365
vt -0.2850492 -0.1667434
vt -0.2825011 -0.1735078
vt -0.1605542 -0.1109282
vt -0.1625312 -0.1039753
vt -0.1654217 -0.1040457
vt -0.1630493 -0.1123892
vt 0.007270484 -0.1046835
vt 0.01056938 -0.09666112
vt 0.008255073 -0.09492786
vt 0.00440636 -0.1042873
vt 0.1617139 -0.1814885
vt 0.1660467 -0.1723431
vt 0.1637045 -0.1706479
vt 0.1589185 -0.1807497
vt 0.2758467 -0.2159438
vt 0.2800828 -0.2055993
vt 0.2774864 -0.2043268
vt 0.2731036 -0.2150298
vt 0.3308609 -0.1784839
vt 0.333586 -0.167244
vt 0.3307367 -0.1667525
vt 0.3281028 -0.1776159
vt 0.2964186 -0.09845244
vt 0.2965371 -0.08727485
vt 0.2936891 -0.08777384
vt 0.2935818 -0.09789316
vt 0.1664627 -0.05878934
vt 0.1641832 -0.04892953
vt 0.1616184 -0.05026444
vt 0.1635723 -0.05871569
vt -0.004508856 -0.1035479
vt -0.007807755 -0.09552548
vt -0.01012206 -0.09725873
vt -0.007372978 -0.1039441
vt -0.159432 -0.1788077
vt -0.1625269 -0.1722753
vt -0.1648692 -0.1739705
vt -0.1622274 -0.1795465
vt -0.2739578 -0.2124647
vt -0.276296 -0.2067547
vt -0.2788923 -0.2080272
vt -0.2767009 -0.2133787
vt -0.3289146 -0.1750365
vt -0.3302772 -0.1694165
vt -0.3331265 -0.169908
vt -0.3316726 -0.1759045
vt -0.2939704 -0.0959224
vt -0.2940358 -0.08975257
vt -0.2968839 -0.08925358
vt -0.2968072 -0.09648167
vt -0.1635914 -0.05796935
vt -0.1619631 -0.05092664
vt -0.1645279 -0.04959175
vt -0.1664818 -0.05804301
vt -0.01757997 -0.1368984
vt -0.01088168 -0.1313871
vt -0.01210225 -0.128766
vt -0.01991692 -0.1351958
vt 0.09546656 -0.2606621
vt 0.1030444 -0.2539547
vt 0.1015566 -0.2514755
vt 0.0931863 -0.2588843
vt 0.2188342 -0.2910134
vt 0.2255335 -0.2820652
vt 0.2233402 -0.2801811
vt 0.2164088 -0.2894395
vt 0.3269342 -0.1637131
vt 0.3290221 -0.1523376
vt 0.3261496 -0.1520073
vt 0.3241317 -0.1630018
vt 0.2816061 0.01200008
vt 0.2771285 0.02224227
vt 0.2747359 0.02061877
vt 0.2787896 0.01134628
vt 0.142948 -0.003311981
vt 0.1359473 0.003995745
vt 0.1344257 0.00153709
vt 0.1404263 -0.004726676
vt 0.0194772 -0.1345926
vt 0.01277891 -0.1290813
vt 0.01155834 -0.1317024
vt 0.01714026 -0.1362952
vt -0.09442156 -0.2573003
vt -0.09983428 -0.2525093
vt -0.1013221 -0.2549885
vt -0.09670183 -0.2590781
vt -0.21788 -0.2871716
vt -0.2215779 -0.2822323
vt -0.2237712 -0.2841163
vt -0.2203054 -0.2887455
vt -0.324797 -0.1603804
vt -0.3258409 -0.1546926
vt -0.3287134 -0.1550229
vt -0.3275995 -0.1610917
vt -0.2783355 0.013303
vt -0.2758639 0.0189565
vt -0.2782564 0.02058
vt -0.281152 0.01395679
vt -0.1400611 -0.004075521
vt -0.1350607 0.001144283
vt -0.1365822 0.003602934
vt -0.1425828 -0.002660832
vt -0.3278106 -0.1637983
vt -0.3254824 -0.1709385
vt -0.297895 -0.1619434
vt -0.3002231 -0.1548032
vt -0.3163038 -0.1963954
vt -0.3139072 -0.2035129
vt -0.2864074 -0.1942532
vt -0.288804 -0.1871358
vt -0.2864594 -0.2405156
vt -0.2832015 -0.2472822
vt -0.2570571 -0.2346946
vt -0.260315 -0.227928
vt -0.1300624 -0.3462781
vt -0.1237013 -0.3502704
vt -0.1082764 -0.325693
vt -0.1146375 -0.3217007
vt 0.2795564 -0.2332497
vt 0.2848936 -0.2279661
vt 0.2644794 -0.2073447
vt 0.2591422 -0.2126283
vt 0.3274272 -0.1561384
vt 0.3303761 -0.1492314
vt 0.3036897 -0.1378379
vt 0.3007408 -0.1447449
vt 0.3254824 -0.1709385
vt 0.3278105 -0.1637983
vt 0.3002231 -0.1548032
vt 0.297895 -0.1619434
vt 0.3139072 -0.2035129
vt 0.3163038 -0.1963954
vt 0.288804 -0.1871358
vt 0.2864074 -0.1942533
vt 0.2832015 -0.2472822
vt 0.2864594 -0.2405156
vt 0.2603151 -0.227928
vt 0.2570571 -0.2346946
vt 0.1237013 -0.3502704
vt 0.1300624 -0.3462781
vt 0.1146376 -0.3217007
vt 0.1082764 -0.325693
vt -0.2848936 -0.2279661
vt -0.2795564 -0.2332497
vt -0.2591422 -0.2126283
vt -0.2644794 -0.2073447
vt -0.3303761 -0.1492314
vt -0.3274273 -0.1561384
vt -0.3007408 -0.1447449
vt -0.3036897 -0.1378379
vt -0.05649555 -0.06015309
vt -0.06362028 -0.05777817
vt -0.07097791 -0.0592838
vt -0.07659701 -0.06426653
vt -0.07897191 -0.07139125
vt -0.07746629 -0.0787489
vt -0.07248355 -0.08436799
vt -0.06535884 -0.0867429
vt -0.0580012 -0.08523728
vt -0.0523821 -0.08025454
vt -0.05000719 -0.07312982
vt -0.05151282 -0.06577218
vt 0.05151283 -0.06577218
vt 0.0500072 -0.07312983
vt 0.0523821 -0.08025454
vt 0.0580012 -0.08523728
vt 0.06535885 -0.0867429
vt 0.07248356 -0.08436799
vt 0.07746629 -0.0787489
vt 0.07897193 -0.07139125
vt 0.07659701 -0.06426653
vt 0.07097792 -0.0592838
vt 0.06362028 -0.05777817
vt 0.05649555 -0.06015309
vt -0.05000093 -0.1584271
vt -0.04524623 -0.1575011
vt -0.04514886 -0.1558894
vt -0.05069601 -0.1569697
vt -0.01419947 -0.3064269
vt -0.008680338 -0.3052116
vt -0.00873313 -0.3035977
vt -0.01482944 -0.3049402
vt 0.04842811 -0.3695547
vt 0.05429885 -0.367433
vt 0.053853 -0.3658811
vt 0.04777881 -0.3680763
vt 0.2985468 -0.1790963
vt 0.3005047 -0.1729415
vt 0.2989366 -0.1725563
vt 0.2970443 -0.1785049
vt 0.1651146 0.1742875
vt 0.1594106 0.1768237
vt 0.1590357 0.1752532
vt 0.1641996 0.1729571
vt 0.08886998 0.02980024
vt 0.08336663 0.03108517
vt 0.08340427 0.02947093
vt 0.08812142 0.02836957
vt 0.05031975 -0.1567902
vt 0.04556505 -0.1558643
vt 0.04566242 -0.157476
vt 0.04962467 -0.1582476
vt 0.01379665 -0.3045025
vt 0.009854416 -0.3036343
vt 0.009801628 -0.3052481
vt 0.01316668 -0.3059892
vt -0.04916147 -0.3674692
vt -0.05240201 -0.366298
vt -0.05284786 -0.3678499
vt -0.04981077 -0.3689476
vt -0.2975972 -0.1771004
vt -0.2985761 -0.174023
vt -0.3001441 -0.1744083
vt -0.2990996 -0.1776918
vt -0.163275 0.1735927
vt -0.1601266 0.1749927
vt -0.1605015 0.1765632
vt -0.16419 0.1749232
vt -0.08775196 0.0285628
vt -0.08382099 0.0294806
vt -0.08378337 0.03109483
vt -0.08850051 0.02999347
vt -0.09053116 -0.1553054
vt -0.08591275 -0.1567665
vt -0.0850563 -0.1553977
vt -0.09044445 -0.1536931
vt -0.1439632 -0.2856952
vt -0.1386387 -0.2875895
vt -0.1378283 -0.286193
vt -0.1437095 -0.2841006
vt -0.2208039 -0.301654
vt -0.2153998 -0.3047785
vt -0.2144998 -0.3034379
vt -0.2200913 -0.3002052
vt -0.3318616 -0.03378597
vt -0.3304364 -0.04008545
vt -0.328889 -0.03962446
vt -0.3302664 -0.03353596
vt -0.08930279 0.1889766
vt -0.09432894 0.1852746
vt -0.09314961 0.1841717
vt -0.08859931 0.1875232
vt 0.0301965 0.03270785
vt 0.02491645 0.03069318
vt 0.02585094 0.0293764
vt 0.0303767 0.03110326
vt 0.09002818 -0.1537156
vt 0.08540978 -0.1551767
vt 0.08626622 -0.1565455
vt 0.09011489 -0.1553279
vt 0.1426016 -0.2842768
vt 0.1387984 -0.2856298
vt 0.1396089 -0.2870263
vt 0.1428552 -0.2858714
vt 0.2187364 -0.3008717
vt 0.2157534 -0.3025964
vt 0.2166534 -0.303937
vt 0.2194491 -0.3023206
vt 0.3300326 -0.03502778
vt 0.32932 -0.03817753
vt 0.3308675 -0.03863852
vt 0.3316278 -0.03527779
vt 0.08960865 0.1870344
vt 0.092383 0.1849909
vt 0.09356235 0.1860938
vt 0.09031214 0.1884877
vt -0.0299624 0.03105668
vt -0.02619093 0.02961763
vt -0.02525645 0.0309344
vt -0.02978221 0.03266126
vt -0.1232728 -0.1338148
vt -0.1199026 -0.1372943
vt -0.1184988 -0.1364965
vt -0.1224307 -0.1324372
vt -0.2298076 -0.225685
vt -0.2259742 -0.2298375
vt -0.2246074 -0.2289779
vt -0.2288416 -0.2243911
vt -0.3098804 -0.2083685
vt -0.3065322 -0.213637
vt -0.3051145 -0.2128642
vt -0.3085787 -0.2074131
vt -0.3218563 -0.07123512
vt -0.3206438 -0.07757898
vt -0.3190817 -0.0771703
vt -0.3202536 -0.07103891
vt -0.194509 0.04999787
vt -0.1963518 0.04403371
vt -0.1947479 0.04384742
vt -0.1930796 0.04924691
vt -0.01679114 5.33187E-05
vt -0.02015386 -0.004488709
vt -0.01865716 -0.005094548
vt -0.01577483 -0.001201385
vt 0.122075 -0.1326547
vt 0.1187048 -0.1361341
vt 0.1201086 -0.1369319
vt 0.1229171 -0.1340324
vt 0.2279426 -0.2250622
vt 0.2252045 -0.2280283
vt 0.2265714 -0.2288879
vt 0.2289086 -0.2263561
vt 0.3076854 -0.2086302
vt 0.3058372 -0.2115383
vt 0.307255 -0.2123111
vt 0.3089871 -0.2095856
vt 0.3200702 -0.07253774
vt 0.3194639 -0.07570967
vt 0.321026 -0.07611836
vt 0.3216729 -0.07273395
vt 0.1936011 0.04825381
vt 0.1946183 0.04496171
vt 0.1962222 0.04514801
vt 0.1950305 0.04900478
vt 0.01609878 -0.001463798
vt 0.01850073 -0.004708101
vt 0.01999743 -0.004102263
vt 0.0171151 -0.0002091009
vt -0.1413309 -0.09918664
vt -0.1400061 -0.103846
vt -0.1383919 -0.1038066
vt -0.1399375 -0.09837076
vt -0.2688796 -0.1614951
vt -0.2668874 -0.1667837
vt -0.2652977 -0.1665007
vt -0.2674982 -0.160659
vt -0.3266064 -0.1795469
vt -0.3244561 -0.1854073
vt -0.3229064 -0.1849538
vt -0.3251312 -0.1788904
vt -0.3089324 -0.1395414
vt -0.3072816 -0.1457855
vt -0.3057517 -0.1452692
vt -0.3073472 -0.1392342
vt -0.2079321 -0.07549191
vt -0.2073581 -0.08170783
vt -0.2058046 -0.0812676
vt -0.2063243 -0.07564019
vt -0.03807334 -0.05249734
vt -0.03869144 -0.0581148
vt -0.03709327 -0.05788454
vt -0.03656347 -0.05306957
vt 0.139727 -0.09873055
vt 0.1384021 -0.1033899
vt 0.1400163 -0.1034292
vt 0.1411203 -0.09954643
vt 0.2669172 -0.1616186
vt 0.2654943 -0.1653962
vt 0.2670839 -0.1656792
vt 0.2682986 -0.1624547
vt 0.3245174 -0.1802699
vt 0.3233304 -0.1835047
vt 0.3248801 -0.1839581
vt 0.3259926 -0.1809264
vt 0.30706 -0.1407166
vt 0.3062346 -0.1438386
vt 0.3077645 -0.144355
vt 0.3086452 -0.1410238
vt 0.2064271 -0.0767572
vt 0.2061103 -0.08018827
vt 0.2076638 -0.0806285
vt 0.208035 -0.07660892
vt 0.03671111 -0.05345944
vt 0.0371526 -0.05747191
vt 0.03875078 -0.05770217
vt 0.03822098 -0.0528872
vt -0.1410878 -0.05697672
vt -0.1421789 -0.06169625
vt -0.1407467 -0.06244171
vt -0.1394736 -0.05693559
vt -0.2798947 -0.08986212
vt -0.2798348 -0.09551316
vt -0.2782443 -0.09579181
vt -0.2783105 -0.08954979
vt -0.3279726 -0.1686214
vt -0.3265017 -0.174688
vt -0.3249106 -0.1744135
vt -0.3264324 -0.1681366
vt -0.285877 -0.2105221
vt -0.2834294 -0.2164991
vt -0.2819795 -0.2157885
vt -0.2843451 -0.2100117
vt -0.1813601 -0.1817434
vt -0.1786874 -0.1873847
vt -0.1773794 -0.186438
vt -0.179799 -0.1813308
vt -0.03219978 -0.10719
vt -0.0300505 -0.1124167
vt -0.02875809 -0.1114487
vt -0.03060034 -0.1069687
vt 0.1394631 -0.05735236
vt 0.1405542 -0.0620719
vt 0.1419865 -0.06132643
vt 0.1410773 -0.05739349
vt 0.2780935 -0.09065033
vt 0.2780507 -0.09468679
vt 0.2796411 -0.09440813
vt 0.2796777 -0.09096265
vt 0.3259791 -0.1695771
vt 0.3251672 -0.1729258
vt 0.3267584 -0.1732003
vt 0.3275193 -0.1700618
vt 0.283868 -0.2114442
vt 0.2826442 -0.2144327
vt 0.284094 -0.2151433
vt 0.2853998 -0.2119546
vt 0.1795121 -0.1824152
vt 0.1780369 -0.1855291
vt 0.1793449 -0.1864758
vt 0.1810732 -0.1828278
vt 0.0305431 -0.1073816
vt 0.0290079 -0.111115
vt 0.0303003 -0.1120829
vt 0.03214255 -0.1076029
vt -0.1202143 -0.01472929
vt -0.1235652 -0.01822724
vt -0.1227155 -0.01960025
vt -0.1188061 -0.01551931
vt -0.2630125 0.01305503
vt -0.2652763 0.007876881
vt -0.2639402 0.006970248
vt -0.2614396 0.01268992
vt -0.3234951 -0.1540289
vt -0.3223682 -0.1601687
vt -0.3207641 -0.1599843
vt -0.3219301 -0.1536317
vt -0.229905 -0.2882861
vt -0.2260342 -0.2934564
vt -0.2248094 -0.2924042
vt -0.2285506 -0.2874072
vt -0.1134323 -0.2686158
vt -0.108758 -0.2727532
vt -0.1079271 -0.2713687
vt -0.1121589 -0.267623
vt -0.003205868 -0.1508877
vt 0.001158171 -0.1544784
vt 0.001839788 -0.1530146
vt -0.001900815 -0.1499369
vt 0.1190102 -0.01588285
vt 0.1223611 -0.0193808
vt 0.1232109 -0.01800779
vt 0.1204184 -0.01509283
vt 0.2616932 0.01159722
vt 0.2633102 0.007898534
vt 0.2646463 0.008805166
vt 0.263266 0.01196232
vt 0.3215586 -0.1550954
vt 0.3209365 -0.1584844
vt 0.3225406 -0.1586689
vt 0.3231236 -0.1554926
vt 0.2277288 -0.2886737
vt 0.2257934 -0.2912588
vt 0.2270182 -0.2923109
vt 0.2290833 -0.2895526
vt 0.1114691 -0.2685077
vt 0.108889 -0.2707915
vt 0.1097198 -0.272176
vt 0.1127425 -0.2695005
vt 0.001655282 -0.1502738
vt -0.001461892 -0.1528385
vt -0.0007802778 -0.1543023
vt 0.002960331 -0.1512246
vt -0.07982266 0.01413089
vt -0.08453982 0.01302954
vt -0.08457745 0.01141529
vt -0.0790741 0.01270022
vt -0.154661 0.1654149
vt -0.159825 0.1631188
vt -0.15945 0.1615483
vt -0.1537461 0.1640844
vt -0.2962517 -0.1717019
vt -0.2943595 -0.1776506
vt -0.2927915 -0.1772653
vt -0.2947493 -0.1711105
vt -0.05590575 -0.3715611
vt -0.04983156 -0.3737564
vt -0.04938571 -0.3722045
vt -0.05525646 -0.3700828
vt 0.005734916 -0.3172132
vt 0.01183123 -0.3185557
vt 0.01188402 -0.3169419
vt 0.006364892 -0.3157265
vt 0.04153993 -0.1744208
vt 0.04708708 -0.1755011
vt 0.04698971 -0.1738893
vt 0.04223501 -0.1729634
vt 0.07944346 0.01250697
vt 0.08416062 0.01140561
vt 0.08412299 0.01301984
vt 0.08019201 0.01393764
vt 0.1546704 0.1634488
vt 0.1583589 0.1618087
vt 0.1587338 0.1633793
vt 0.1555853 0.1647792
vt 0.2941959 -0.1725162
vt 0.2931514 -0.1757998
vt 0.2947195 -0.1761851
vt 0.2956984 -0.1731077
vt 0.05387426 -0.3706899
vt 0.05083717 -0.3717875
vt 0.05128302 -0.3733395
vt 0.05452356 -0.3721683
vt -0.007397791 -0.3161642
vt -0.01076284 -0.3169053
vt -0.01071005 -0.3185191
vt -0.006767816 -0.3176509
vt -0.04261137 -0.1731426
vt -0.04657362 -0.1739143
vt -0.04667098 -0.175526
vt -0.04191629 -0.1746
vt -0.03146657 0.01465872
vt -0.03599234 0.01638558
vt -0.03692682 0.0150688
vt -0.03164677 0.01305413
vt 0.08676442 0.1755024
vt 0.08221413 0.178854
vt 0.08103479 0.1777511
vt 0.08606096 0.1740491
vt 0.3261409 -0.03900235
vt 0.3275183 -0.03291385
vt 0.3259708 -0.03245286
vt 0.3245457 -0.03875234
vt 0.2175228 -0.3086666
vt 0.2231142 -0.3054338
vt 0.2222142 -0.3040933
vt 0.2168101 -0.3072177
vt 0.1425014 -0.2993282
vt 0.1483826 -0.2972358
vt 0.1475721 -0.2958393
vt 0.1422477 -0.2977336
vt 0.09075104 -0.1733979
vt 0.09613918 -0.1716932
vt 0.09528273 -0.1703244
vt 0.09066433 -0.1717855
vt 0.03206103 0.01310073
vt 0.0365868 0.01482759
vt 0.0356523 0.01614437
vt 0.03188084 0.01470532
vt -0.08505107 0.1745376
vt -0.08180087 0.1769316
vt -0.08298021 0.1780345
vt -0.08575454 0.175991
vt -0.3247795 -0.03726131
vt -0.3255398 -0.03390058
vt -0.3270873 -0.03436157
vt -0.3263747 -0.03751131
vt -0.218165 -0.3065512
vt -0.2209607 -0.3049348
vt -0.2218607 -0.3062753
vt -0.2188778 -0.308
vt -0.1433555 -0.2975573
vt -0.1466018 -0.2964024
vt -0.1474123 -0.2977989
vt -0.1436092 -0.2991519
vt -0.09108059 -0.171763
vt -0.09492926 -0.1705454
vt -0.09578571 -0.1719142
vt -0.0911673 -0.1733754
vt 0.005996647 -0.01446786
vt 0.003114308 -0.0105747
vt 0.001617608 -0.01118053
vt 0.004980328 -0.01572256
vt 0.1844609 0.0406688
vt 0.1827925 0.04606829
vt 0.1811886 0.04588199
vt 0.1830315 0.03991784
vt 0.3163143 -0.07664131
vt 0.3174862 -0.07050993
vt 0.3159241 -0.07010123
vt 0.3147115 -0.0764451
vt 0.3102118 -0.2161036
vt 0.3136761 -0.2106525
vt 0.3122583 -0.2098797
vt 0.3089102 -0.2151482
vt 0.2348515 -0.2384347
vt 0.2390857 -0.233848
vt 0.2377189 -0.2329884
vt 0.2338856 -0.2371409
vt 0.1320598 -0.1496318
vt 0.1359917 -0.1455724
vt 0.1345878 -0.1447746
vt 0.1312176 -0.1482541
vt -0.004656459 -0.01546003
vt -0.001774127 -0.01156686
vt -0.003270828 -0.01096103
vt -0.005672779 -0.01420533
vt -0.1825096 0.04091094
vt -0.1813179 0.0447677
vt -0.1829218 0.044954
vt -0.183939 0.0416619
vt -0.3148951 -0.07494653
vt -0.3155419 -0.07156213
vt -0.317104 -0.07197081
vt -0.3164977 -0.07514274
vt -0.3098036 -0.2139309
vt -0.3115357 -0.2112054
vt -0.3129534 -0.2119782
vt -0.3111053 -0.2148863
vt -0.2347844 -0.2364697
vt -0.2371216 -0.2339379
vt -0.2384884 -0.2347975
vt -0.2357503 -0.2377636
vt -0.1315733 -0.1480366
vt -0.1343818 -0.1451371
vt -0.1357856 -0.1459349
vt -0.1324154 -0.1494143
vt 0.02143508 -0.05960739
vt 0.02090529 -0.05479243
vt 0.01930712 -0.05456217
vt 0.01992521 -0.06017963
vt 0.1950833 -0.08027755
vt 0.195603 -0.07465013
vt 0.1940495 -0.0742099
vt 0.1934755 -0.08042583
vt 0.3030277 -0.144549
vt 0.3046233 -0.138514
vt 0.3030934 -0.1379977
vt 0.3014426 -0.1442418
vt 0.3285764 -0.1870343
vt 0.3308012 -0.1809709
vt 0.3292515 -0.1805175
vt 0.3271012 -0.1863778
vt 0.2783446 -0.1714152
vt 0.2805451 -0.1655736
vt 0.2789554 -0.1652905
vt 0.2769632 -0.1705791
vt 0.1565515 -0.1089702
vt 0.1580971 -0.1035344
vt 0.1564829 -0.103495
vt 0.1551581 -0.1081544
vt -0.01977758 -0.05978981
vt -0.01924778 -0.05497484
vt -0.02084596 -0.0552051
vt -0.02128744 -0.05921757
vt -0.1933723 -0.07930874
vt -0.1937435 -0.07528915
vt -0.195297 -0.07572939
vt -0.1949802 -0.07916046
vt -0.3017299 -0.1427595
vt -0.3026106 -0.1394283
vt -0.3041405 -0.1399446
vt -0.303315 -0.1430667
vt -0.3277151 -0.1849984
vt -0.3288275 -0.1819667
vt -0.3303772 -0.1824201
vt -0.3291903 -0.1856549
vt -0.277544 -0.1696194
vt -0.2787586 -0.1663949
vt -0.2803483 -0.166678
vt -0.2789254 -0.1704555
vt -0.1553687 -0.1077946
vt -0.1564728 -0.1039118
vt -0.158087 -0.1039511
vt -0.1567621 -0.1086105
vt 0.01418905 -0.1054578
vt 0.0160313 -0.1009777
vt 0.01473889 -0.1000098
vt 0.01258961 -0.1052365
vt 0.1676492 -0.1818282
vt 0.1700688 -0.1767209
vt 0.1687608 -0.1757743
vt 0.1660881 -0.1814155
vt 0.2793722 -0.2147208
vt 0.2817378 -0.208944
vt 0.2802879 -0.2082334
vt 0.2778403 -0.2142103
vt 0.3307801 -0.1758367
vt 0.3323019 -0.1695598
vt 0.3307108 -0.1692853
vt 0.3292399 -0.1753519
vt 0.2921855 -0.0959397
vt 0.2922517 -0.08969767
vt 0.2906612 -0.08997633
vt 0.2906013 -0.09562737
vt 0.1591408 -0.05818901
vt 0.1578678 -0.05268288
vt 0.1564355 -0.05342834
vt 0.1575267 -0.05814788
vt -0.01264689 -0.1048236
vt -0.01448913 -0.1003436
vt -0.01578154 -0.1013115
vt -0.01424634 -0.1050449
vt -0.1663747 -0.1803309
vt -0.168103 -0.1766829
vt -0.1694111 -0.1776296
vt -0.1679358 -0.1807435
vt -0.2783176 -0.2127779
vt -0.2796234 -0.2095892
vt -0.2810732 -0.2102998
vt -0.2798495 -0.2132883
vt -0.3296932 -0.1739117
vt -0.3304541 -0.1707733
vt -0.3320453 -0.1710478
vt -0.3312334 -0.1743964
vt -0.2908182 -0.09452668
vt -0.2908547 -0.09108119
vt -0.2924451 -0.09080254
vt -0.2924023 -0.094839
vt -0.1575373 -0.05773108
vt -0.156628 -0.05379814
vt -0.1580603 -0.05305267
vt -0.1591515 -0.05777222
vt -0.01184857 -0.1408502
vt -0.008107971 -0.1377725
vt -0.008789589 -0.1363087
vt -0.01315363 -0.1398994
vt 0.1007909 -0.2633065
vt 0.1050226 -0.2595609
vt 0.1041918 -0.2581763
vt 0.09951748 -0.2623137
vt 0.2225539 -0.2907157
vt 0.2262951 -0.2857186
vt 0.2250702 -0.2846665
vt 0.2211994 -0.2898367
vt 0.3267045 -0.1610745
vt 0.3278705 -0.1547219
vt 0.3262663 -0.1545375
vt 0.3251394 -0.1606773
vt 0.2767146 0.012555
vt 0.2742141 0.01827466
vt 0.272878 0.01736804
vt 0.2751417 0.01218989
vt 0.1363487 -0.006539957
vt 0.1324392 -0.002459022
vt 0.1315895 -0.003832033
vt 0.1349405 -0.007329981
vt 0.01290802 -0.1395626
vt 0.009167409 -0.1364848
vt 0.008485792 -0.1379486
vt 0.01160296 -0.1405134
vt -0.1002071 -0.261429
vt -0.1032298 -0.2587535
vt -0.1040606 -0.260138
vt -0.1014805 -0.2624218
vt -0.2220213 -0.2885702
vt -0.2240863 -0.2858119
vt -0.2253111 -0.286864
vt -0.2233757 -0.2894491
vt -0.3255109 -0.1592138
vt -0.3260939 -0.1560375
vt -0.327698 -0.156222
vt -0.3270759 -0.159611
vt -0.2748879 0.01328277
vt -0.2735077 0.01643992
vt -0.2748438 0.01734656
vt -0.2764608 0.01364788
vt -0.1347365 -0.00696642
vt -0.131944 -0.004051464
vt -0.1327938 -0.002678455
vt -0.1361447 -0.006176396
vt -0.1723429 0.08336217
vt -0.1595163 0.08586012
vt -0.1592536 0.09020807
vt -0.174218 0.08729378
vt -0.1275287 -0.1384462
vt -0.1126399 -0.1351675
vt -0.1127823 -0.130814
vt -0.1292281 -0.1344355
vt -0.045382 -0.3308007
vt -0.02954465 -0.325077
vt -0.03074742 -0.3208905
vt -0.0471336 -0.3268125
vt 0.3401261 -0.2712763
vt 0.3454078 -0.2546726
vt 0.3411777 -0.2536332
vt 0.336073 -0.2696808
vt 0.3102863 0.3160508
vt 0.2948989 0.3228926
vt 0.2938875 0.3186558
vt 0.307818 0.3124618
vt 0.2211307 0.2683813
vt 0.2062844 0.2718475
vt 0.206386 0.2674929
vt 0.2191113 0.2645217
vt 0.1732029 0.08777782
vt 0.1603762 0.09027576
vt 0.1606389 0.08592783
vt 0.1713278 0.0838462
vt 0.1264416 -0.1332548
vt 0.1158067 -0.1309129
vt 0.1156643 -0.1352665
vt 0.1247421 -0.1372655
vt 0.04340467 -0.3251739
vt 0.03466274 -0.3220146
vt 0.03345998 -0.3262011
vt 0.04165307 -0.3291621
vt -0.3375677 -0.2658875
vt -0.3402084 -0.2575857
vt -0.3444385 -0.258625
vt -0.3416208 -0.267483
vt -0.3053249 0.3141763
vt -0.2968314 0.3179528
vt -0.2978428 0.3221896
vt -0.3077932 0.3177653
vt -0.2181149 0.2650431
vt -0.2075104 0.267519
vt -0.2074089 0.2718737
vt -0.2201342 0.2689026
vt -0.2156451 0.08779144
vt -0.2031862 0.08384979
vt -0.2008758 0.08754244
vt -0.2154112 0.09214104
vt -0.2790364 -0.08867574
vt -0.2646728 -0.0937859
vt -0.2624864 -0.09001853
vt -0.2783521 -0.084374
vt -0.363057 -0.1605058
vt -0.3484783 -0.1689346
vt -0.3460504 -0.1653182
vt -0.3611342 -0.1565973
vt -0.4236562 0.1443322
vt -0.4198115 0.1273382
vt -0.4156369 0.1285819
vt -0.4193529 0.1450066
vt -0.01654909 0.4169875
vt -0.03010802 0.4070007
vt -0.02692656 0.4040255
vt -0.01465135 0.4130668
vt 0.1410214 0.2844805
vt 0.1267775 0.2790455
vt 0.1292984 0.2754933
vt 0.1415075 0.2801518
vt 0.2142882 0.09208043
vt 0.2018292 0.0881388
vt 0.2041396 0.08444615
vt 0.2145221 0.08773085
vt 0.2753634 -0.08484931
vt 0.2651037 -0.08849941
vt 0.2672902 -0.09226678
vt 0.2760477 -0.08915108
vt 0.3574791 -0.1583952
vt 0.349432 -0.1630478
vt 0.3518599 -0.1666642
vt 0.3594019 -0.1623038
vt 0.4187218 0.1409838
vt 0.4167995 0.1324868
vt 0.420974 0.1312432
vt 0.4230251 0.1403093
vt 0.01737519 0.4117483
vt 0.02485946 0.4062357
vt 0.02804095 0.4092109
vt 0.01927292 0.415669
vt -0.1403898 0.2800263
vt -0.1302156 0.2761442
vt -0.1276947 0.2796965
vt -0.1399037 0.284355
vt -0.247959 0.1085679
vt -0.2388674 0.09918156
vt -0.2350803 0.1013337
vt -0.2456873 0.1122844
vt -0.3649875 0.005463228
vt -0.3546464 -0.005738868
vt -0.3509591 -0.003419906
vt -0.3623817 0.008953697
vt -0.4326186 0.02410643
vt -0.4235863 0.009893727
vt -0.4197618 0.01197853
vt -0.429107 0.02668374
vt -0.3910584 0.182506
vt -0.3877874 0.1653923
vt -0.3835734 0.1664948
vt -0.3867348 0.1830353
vt -0.1721419 0.3173485
vt -0.1771133 0.3012592
vt -0.1727865 0.3007566
vt -0.1682858 0.3153227
vt 0.0739221 0.2583068
vt 0.06485055 0.2460539
vt 0.06888817 0.2444196
vt 0.0766638 0.2549221
vt 0.2447278 0.1116978
vt 0.2356361 0.1023115
vt 0.2394232 0.1001593
vt 0.2469996 0.1079813
vt 0.3599568 0.007143343
vt 0.3525703 -0.0008581422
vt 0.3562576 -0.003177102
vt 0.3625626 0.00365288
vt 0.4266968 0.02339967
vt 0.4217111 0.01555455
vt 0.4255357 0.01346974
vt 0.4302084 0.02082233
vt 0.3862393 0.178993
vt 0.3846038 0.1704362
vt 0.3888178 0.1693337
vt 0.3905628 0.1784637
vt 0.1696936 0.3126435
vt 0.1724377 0.3037625
vt 0.1767645 0.304265
vt 0.1735497 0.3146693
vt -0.07578988 0.2542141
vt -0.06931023 0.245462
vt -0.06527258 0.2470964
vt -0.0730482 0.2575988
vt -0.2638496 0.1365899
vt -0.2602755 0.1240205
vt -0.255921 0.1241266
vt -0.2600907 0.1387908
vt -0.3964587 0.06933026
vt -0.3910845 0.05506337
vt -0.3867961 0.05582689
vt -0.3927323 0.07158581
vt -0.4291998 0.06133828
vt -0.4233989 0.04552905
vt -0.4192183 0.04675222
vt -0.4252202 0.06310931
vt -0.3621813 0.1170374
vt -0.3577279 0.1001927
vt -0.3536007 0.1015857
vt -0.357905 0.1178662
vt -0.1942106 0.1883707
vt -0.192662 0.1716021
vt -0.1884712 0.1727897
vt -0.1898732 0.1879707
vt 0.04183479 0.2012665
vt 0.04016738 0.1861124
vt 0.04447874 0.1867336
vt 0.04590794 0.1997228
vt 0.2595225 0.1378202
vt 0.2559485 0.1252508
vt 0.2603031 0.1251448
vt 0.2632815 0.1356192
vt 0.3911652 0.0689969
vt 0.3873265 0.05880625
vt 0.3916149 0.05804272
vt 0.3948916 0.06674135
vt 0.4235641 0.0593879
vt 0.4203621 0.0506615
vt 0.4245427 0.04943832
vt 0.4275437 0.05761687
vt 0.3571297 0.1138677
vt 0.3549029 0.1054453
vt 0.3590301 0.1040523
vt 0.361406 0.1130389
vt 0.1901511 0.1849574
vt 0.1892963 0.1757014
vt 0.1934872 0.1745138
vt 0.1944886 0.1853573
vt -0.04550944 0.1986711
vt -0.04431842 0.1878468
vt -0.04000708 0.1872257
vt -0.04143629 0.2002149
vt -0.2615171 0.1670034
vt -0.2644606 0.1542716
vt -0.2605968 0.1522606
vt -0.2571626 0.1671144
vt -0.4024422 0.1006307
vt -0.4022805 0.08538599
vt -0.39799 0.08463427
vt -0.3981686 0.1014732
vt -0.415156 0.00809464
vt -0.4111881 -0.008271073
vt -0.4068956 -0.007530593
vt -0.4110011 0.009402275
vt -0.318229 -0.01579115
vt -0.3116263 -0.03191508
vt -0.3077149 -0.02999807
vt -0.3140965 -0.0144142
vt -0.1548554 0.04358508
vt -0.1476454 0.02836675
vt -0.1441168 0.03092062
vt -0.1506441 0.04469813
vt 0.04848246 0.1333508
vt 0.05428052 0.1192508
vt 0.057767 0.1218619
vt 0.05279726 0.1339476
vt 0.2571342 0.16599
vt 0.2600777 0.1532582
vt 0.2639416 0.1552693
vt 0.2614886 0.1658791
vt 0.3975831 0.09850431
vt 0.3974676 0.08761524
vt 0.4017581 0.08836699
vt 0.4018567 0.09766178
vt 0.4097784 0.005517025
vt 0.4075882 -0.003516561
vt 0.4118806 -0.00425706
vt 0.4139333 0.004209396
vt 0.3128087 -0.01827851
vt 0.3095073 -0.0263405
vt 0.3134187 -0.02825749
vt 0.3169412 -0.01965546
vt 0.1498705 0.0417726
vt 0.1458907 0.03337235
vt 0.1494194 0.03081846
vt 0.1540818 0.04065955
vt -0.05295122 0.1328335
vt -0.0570927 0.1227621
vt -0.05360622 0.120151
vt -0.04863646 0.1322366
vt -0.2391934 0.1986723
vt -0.2482332 0.189236
vt -0.2459409 0.185532
vt -0.2353945 0.1965411
vt -0.3878468 0.1467327
vt -0.3939537 0.1327638
vt -0.3903493 0.130318
vt -0.3836038 0.1457478
vt -0.3958686 -0.0931123
vt -0.3928285 -0.1096755
vt -0.3885011 -0.1091779
vt -0.3916466 -0.09204073
vt -0.2249608 -0.1931863
vt -0.2145186 -0.207134
vt -0.2112144 -0.2042957
vt -0.2213069 -0.1908152
vt -0.05684177 -0.09456918
vt -0.04423201 -0.1057305
vt -0.04199066 -0.1019956
vt -0.05340657 -0.09189095
vt 0.08813749 0.07420436
vt 0.09991025 0.06451784
vt 0.101749 0.06846657
vt 0.0916581 0.07676929
vt 0.2359448 0.1955602
vt 0.2449846 0.1861239
vt 0.2472768 0.1898279
vt 0.2397437 0.1976915
vt 0.3842879 0.1428002
vt 0.38865 0.1328224
vt 0.3922544 0.1352682
vt 0.3885309 0.1437851
vt 0.3906448 -0.09598812
vt 0.3889668 -0.1051307
vt 0.3932942 -0.1056283
vt 0.3948669 -0.0970597
vt 0.219089 -0.194232
vt 0.2138679 -0.2012059
vt 0.2171721 -0.2040441
vt 0.222743 -0.1966031
vt 0.05154582 -0.09427772
vt 0.04458546 -0.1004386
vt 0.04682679 -0.1041735
vt 0.05498102 -0.09695596
vt -0.09232038 0.07586027
vt -0.1007295 0.06894134
vt -0.09889071 0.06499261
vt -0.08879978 0.07329534
vt -0.1967239 0.2261103
vt -0.2094493 0.2231391
vt -0.2095508 0.2187845
vt -0.1947046 0.2222508
vt -0.2820863 0.2921154
vt -0.2960169 0.2859213
vt -0.2950055 0.2816845
vt -0.2796181 0.2885263
vt -0.3339355 -0.2513281
vt -0.3288308 -0.2673756
vt -0.3246008 -0.2663363
vt -0.3298824 -0.2497326
vt 0.02520989 -0.3362132
vt 0.04159607 -0.3421352
vt 0.04279885 -0.3379487
vt 0.0269615 -0.332225
vt 0.1046939 -0.1675443
vt 0.1211398 -0.1711658
vt 0.1212822 -0.1668123
vt 0.1063934 -0.1635336
vt 0.1495179 0.04021647
vt 0.1644823 0.0373022
vt 0.1642197 0.04165014
vt 0.151393 0.04414808
vt 0.1957012 0.2217294
vt 0.2084265 0.2187583
vt 0.208325 0.223113
vt 0.1977205 0.2255889
vt 0.2821119 0.2868112
vt 0.2920623 0.2823869
vt 0.2930737 0.2866237
vt 0.2845802 0.2904003
vt 0.3283916 -0.2535213
vt 0.325574 -0.2623793
vt 0.329804 -0.2634186
vt 0.3324448 -0.2551168
vt -0.03069106 -0.3338627
vt -0.03888414 -0.3368237
vt -0.03768138 -0.3410102
vt -0.02893946 -0.3378509
vt -0.1091795 -0.1647144
vt -0.1182574 -0.1667134
vt -0.1181149 -0.171067
vt -0.1074801 -0.168725
vt -0.1524081 0.04366401
vt -0.163097 0.04158237
vt -0.1633597 0.03723445
vt -0.1505331 0.03973239
vt -0.1444478 0.2357897
vt -0.1566569 0.2404482
vt -0.1591778 0.2368959
vt -0.1449339 0.231461
vt 0.009701085 0.3806386
vt -0.002574127 0.3896799
vt -0.005755589 0.3867047
vt 0.007803332 0.3767179
vt 0.4082233 0.1302598
vt 0.4119392 0.1466846
vt 0.4077647 0.1479282
vt 0.4039199 0.1309342
vt 0.3542054 -0.1794232
vt 0.3692892 -0.1707023
vt 0.3668613 -0.1670858
vt 0.3522827 -0.1755147
vt 0.2750931 -0.1254532
vt 0.2909588 -0.1198087
vt 0.2887723 -0.1160413
vt 0.2744088 -0.1211515
vt 0.2162383 0.03898396
vt 0.2307737 0.04358254
vt 0.2284633 0.04727519
vt 0.2160043 0.04333355
vt 0.1460515 0.2315868
vt 0.1582605 0.2362453
vt 0.1557396 0.2397975
vt 0.1455654 0.2359154
vt -0.005079264 0.3780363
vt 0.003688753 0.3844943
vt 0.0005072654 0.3874696
vt -0.006977004 0.381957
vt -0.4045505 0.1349586
vt -0.4066017 0.1440248
vt -0.4107762 0.1427812
vt -0.4088539 0.1342842
vt -0.3559375 -0.1737167
vt -0.3634795 -0.1693562
vt -0.3659074 -0.1729727
vt -0.3578603 -0.1776253
vt -0.2773973 -0.1206758
vt -0.2861549 -0.1175601
vt -0.2883414 -0.1213275
vt -0.2780817 -0.1249776
vt -0.2171274 0.04339379
vt -0.2275099 0.04667851
vt -0.2298203 0.04298588
vt -0.2173613 0.03904423
vt -0.1030421 0.2191335
vt -0.1108177 0.2296359
vt -0.1148553 0.2280016
vt -0.1057837 0.2157487
vt 0.1450353 0.2921818
vt 0.1405345 0.3067478
vt 0.1362077 0.3062453
vt 0.1411792 0.2901559
vt 0.3761078 0.1679217
vt 0.3792693 0.1844622
vt 0.3750553 0.1855647
vt 0.3717843 0.168451
vt 0.4335128 0.003239724
vt 0.442858 0.01794494
vt 0.4390334 0.02002974
vt 0.4300012 0.00581706
vt 0.3785945 -0.02893139
vt 0.3900171 -0.01655781
vt 0.3863298 -0.01423884
vt 0.3759887 -0.02544094
vt 0.2716634 0.06589907
vt 0.2822703 0.07684982
vt 0.2784833 0.07900195
vt 0.2693916 0.06961561
vt 0.1066575 0.2164566
vt 0.1144331 0.2269591
vt 0.1103955 0.2285935
vt 0.1039159 0.2198414
vt -0.1397719 0.2928348
vt -0.1365571 0.3032392
vt -0.1408839 0.3037417
vt -0.143628 0.2948607
vt -0.3722786 0.1724949
vt -0.3740236 0.1816249
vt -0.3782377 0.1805224
vt -0.3766021 0.1719656
vt -0.4324113 0.00910027
vt -0.4370839 0.01645286
vt -0.4409084 0.01436805
vt -0.4359228 0.00652293
vt -0.3784137 -0.02363057
vt -0.3847188 -0.01680059
vt -0.3884061 -0.01911956
vt -0.3810196 -0.02712104
vt -0.2703512 0.0702022
vt -0.2779276 0.07802415
vt -0.2817147 0.07587202
vt -0.272623 0.06648569
vt -0.0867194 0.1820858
vt -0.08814861 0.195075
vt -0.09245997 0.1956962
vt -0.09079255 0.1805421
vt 0.1595482 0.1754608
vt 0.1609501 0.1906417
vt 0.1567593 0.1918293
vt 0.1552107 0.1750608
vt 0.3462527 0.1035284
vt 0.350557 0.1198089
vt 0.3464299 0.1212019
vt 0.3419764 0.1043571
vt 0.4345139 0.04113983
vt 0.4405158 0.05749692
vt 0.4363352 0.05872009
vt 0.4305343 0.04291087
vt 0.4219922 0.04256896
vt 0.4279284 0.05832789
vt 0.42364 0.05909141
vt 0.4182659 0.04482451
vt 0.3049098 0.1101969
vt 0.3090795 0.1248611
vt 0.3047249 0.1249671
vt 0.3011509 0.1123978
vt 0.09119099 0.1815939
vt 0.09262018 0.1945831
vt 0.08830886 0.1939619
vt 0.08711783 0.1831376
vt -0.154933 0.1780743
vt -0.1559344 0.1889178
vt -0.1601253 0.1877302
vt -0.1592705 0.1784743
vt -0.3427508 0.1083563
vt -0.3451267 0.1173428
vt -0.3492538 0.1159499
vt -0.3470271 0.1075275
vt -0.4321907 0.04663206
vt -0.4351916 0.05481059
vt -0.4393722 0.05358742
vt -0.4361702 0.04486101
vt -0.4198329 0.04741332
vt -0.4231096 0.05611195
vt -0.427398 0.05534843
vt -0.4235593 0.04515777
vt -0.301719 0.1133684
vt -0.3046974 0.1238428
vt -0.309052 0.1237368
vt -0.3054779 0.1111674
vt -0.09706931 0.1380235
vt -0.09209955 0.1501092
vt -0.09558604 0.1527203
vt -0.1013841 0.1386203
vt 0.1178672 0.0433568
vt 0.1243946 0.05713432
vt 0.1208659 0.05968821
vt 0.113656 0.04446985
vt 0.3006813 -0.02711773
vt 0.3070628 -0.01153383
vt 0.3031515 -0.009616846
vt 0.2965488 -0.02574078
vt 0.4227297 -0.01136968
vt 0.4268351 0.0055632
vt 0.4225427 0.006303696
vt 0.4185748 -0.01006204
vt 0.4355982 0.08423571
vt 0.4357768 0.1010747
vt 0.4314863 0.1003229
vt 0.4313246 0.08507824
vt 0.3102186 0.1637331
vt 0.3067844 0.1785868
vt 0.3029206 0.1765758
vt 0.3058641 0.163844
vt 0.1012298 0.1397344
vt 0.09626001 0.15182
vt 0.09277354 0.1492089
vt 0.09691501 0.1391375
vt -0.1144293 0.04739554
vt -0.1190917 0.05723663
vt -0.1226203 0.05468275
vt -0.1186406 0.0462825
vt -0.2978361 -0.02187647
vt -0.3013586 -0.01327445
vt -0.30527 -0.01519143
vt -0.3019686 -0.02325342
vt -0.4197976 -0.006176708
vt -0.4218504 0.002289751
vt -0.4261428 0.001549251
vt -0.4239526 -0.007484338
vt -0.4319099 0.08804736
vt -0.4320085 0.09734215
vt -0.436299 0.09809388
vt -0.4361835 0.08720482
vt -0.3058929 0.1649683
vt -0.3034399 0.1755781
vt -0.3073038 0.1775891
vt -0.3102473 0.1648573
vt -0.1287493 0.101282
vt -0.1186583 0.1095847
vt -0.1204971 0.1135335
vt -0.1322699 0.103847
vt 0.02273883 -0.08024551
vt 0.03415472 -0.07014088
vt 0.03191338 -0.06640593
vt 0.01930361 -0.07756726
vt 0.2051301 -0.1997407
vt 0.2152225 -0.1862602
vt 0.2119183 -0.1834219
vt 0.2014761 -0.1973696
vt 0.4045262 -0.1121194
vt 0.4076716 -0.09498225
vt 0.4033443 -0.09448464
vt 0.4003042 -0.1110478
vt 0.4248103 0.145384
vt 0.4180647 0.1608138
vt 0.4144604 0.158368
vt 0.4205673 0.144399
vt 0.2827188 0.2207644
vt 0.2721724 0.2317735
vt 0.2698801 0.2280696
vt 0.2789199 0.2186332
vt 0.1316076 0.1047559
vt 0.1215167 0.1130586
vt 0.1196779 0.1091099
vt 0.128087 0.102191
vt -0.02116458 -0.07518117
vt -0.02931881 -0.06796359
vt -0.03156015 -0.07169855
vt -0.02459979 -0.07785942
vt -0.2036927 -0.1939525
vt -0.2092636 -0.1865115
vt -0.2125678 -0.1893498
vt -0.2073467 -0.1963236
vt -0.4013066 -0.1070992
vt -0.4028793 -0.09853065
vt -0.4072067 -0.09902824
vt -0.4055286 -0.1081708
vt -0.419883 0.1473468
vt -0.4161596 0.1558637
vt -0.419764 0.1583095
vt -0.4241261 0.1483317
vt -0.2783696 0.2196141
vt -0.2708364 0.2274777
vt -0.2731287 0.2311817
vt -0.2821684 0.2217453
vt -0.1688664 0.0769756
vt -0.1603521 0.07863373
vt -0.1601778 0.08151986
vt -0.170111 0.07958539
vt -0.1239805 -0.1426653
vt -0.1140975 -0.1404889
vt -0.114192 -0.1375991
vt -0.1251086 -0.140003
vt -0.04222016 -0.3312356
vt -0.03170744 -0.3274363
vt -0.03250583 -0.3246574
vt -0.04338286 -0.3285883
vt 0.3387415 -0.2677676
vt 0.3422475 -0.2567462
vt 0.3394396 -0.2560562
vt 0.336051 -0.2667085
vt 0.3053044 0.3118026
vt 0.2950904 0.3163441
vt 0.294419 0.3135317
vt 0.303666 0.3094202
vt 0.2167764 0.2609817
vt 0.2069216 0.2632827
vt 0.206989 0.260392
vt 0.215436 0.2584198
vt 0.1694371 0.07990663
vt 0.1609229 0.08156475
vt 0.1610973 0.07867864
vt 0.1681924 0.07729687
vt 0.123259 -0.1392194
vt 0.1161996 -0.1376648
vt 0.1161051 -0.1405547
vt 0.1221309 -0.1418816
vt 0.04090782 -0.3275005
vt 0.035105 -0.3254034
vt 0.03430661 -0.3281823
vt 0.03974512 -0.3301478
vt -0.3370444 -0.2641893
vt -0.3387973 -0.2586786
vt -0.3416052 -0.2593685
vt -0.3397348 -0.2652484
vt -0.3020109 0.3105583
vt -0.296373 0.3130652
vt -0.2970443 0.3158776
vt -0.3036493 0.3129407
vt -0.2147746 0.2587659
vt -0.2077354 0.2604094
vt -0.207668 0.2633
vt -0.216115 0.2613278
vt -0.2158011 0.08052576
vt -0.2075309 0.07790931
vt -0.2059973 0.08036047
vt -0.2156459 0.08341299
vt -0.2784136 -0.09411211
vt -0.2688791 -0.09750418
vt -0.2674278 -0.09500344
vt -0.2779593 -0.09125663
vt -0.3614877 -0.1631393
vt -0.3518105 -0.1687343
vt -0.3501988 -0.1663337
vt -0.3602114 -0.1605449
vt -0.4207096 0.1421527
vt -0.4181574 0.1308722
vt -0.4153864 0.1316977
vt -0.417853 0.1426003
vt -0.01518387 0.4106207
vt -0.02418421 0.4039915
vt -0.02207237 0.4020166
vt -0.01392416 0.4080182
vt 0.141707 0.2759261
vt 0.132252 0.2723184
vt 0.1339254 0.2699605
vt 0.1420297 0.2730528
vt 0.2149004 0.08337278
vt 0.2066302 0.08075634
vt 0.2081639 0.0783052
vt 0.2150557 0.08048557
vt 0.2759756 -0.09157233
vt 0.2691653 -0.09399525
vt 0.2706166 -0.09649599
vt 0.2764298 -0.09442781
vt 0.3577848 -0.1617384
vt 0.3524432 -0.1648268
vt 0.3540549 -0.1672273
vt 0.3590611 -0.1643329
vt 0.4174334 0.1399322
vt 0.4161574 0.1342919
vt 0.4189284 0.1334665
vt 0.4202899 0.1394845
vt 0.01573255 0.407143
vt 0.02070057 0.4034838
vt 0.02281241 0.4054587
vt 0.01699226 0.4097456
vt -0.1412878 0.2729695
vt -0.1345342 0.2703926
vt -0.1328608 0.2727505
vt -0.1409651 0.2758428
vt -0.2516992 0.1022509
vt -0.2456642 0.09602036
vt -0.2431504 0.09744895
vt -0.2501912 0.104718
vt -0.3670934 0.0003871176
vt -0.360229 -0.007048739
vt -0.3577814 -0.005509454
vt -0.3653637 0.002704062
vt -0.4325253 0.02112152
vt -0.4265297 0.01168722
vt -0.423991 0.0130711
vt -0.4301943 0.02283234
vt -0.3881791 0.1803406
vt -0.3860078 0.1689806
vt -0.3832106 0.1697125
vt -0.3853092 0.1806919
vt -0.1671552 0.3131186
vt -0.1704552 0.3024386
vt -0.1675831 0.302105
vt -0.1645956 0.3117739
vt 0.07925878 0.2514923
vt 0.07323717 0.2433589
vt 0.07591732 0.242274
vt 0.08107871 0.2492455
vt 0.2495544 0.1043285
vt 0.2435194 0.09809793
vt 0.2460332 0.09666936
vt 0.2510624 0.1018615
vt 0.3637542 0.001502297
vt 0.358851 -0.003809029
vt 0.3612986 -0.005348345
vt 0.3654839 -0.0008146457
vt 0.4285944 0.02065218
vt 0.425285 0.01544464
vt 0.4278237 0.01406075
vt 0.4309254 0.01894135
vt 0.38498 0.1780091
vt 0.3838943 0.1723291
vt 0.3866916 0.1715973
vt 0.3878499 0.1776577
vt 0.1655301 0.3099955
vt 0.1673516 0.3041003
vt 0.1702237 0.3044339
vt 0.1680898 0.3113402
vt -0.08049849 0.2487756
vt -0.07619733 0.2429661
vt -0.07351719 0.2440509
vt -0.07867857 0.2510224
vt -0.2702813 0.1327881
vt -0.2679089 0.1244447
vt -0.2650184 0.1245151
vt -0.2677862 0.1342491
vt -0.4004285 0.06541587
vt -0.3968612 0.05594558
vt -0.3940145 0.05645241
vt -0.397955 0.06691308
vt -0.4297921 0.05842414
vt -0.4259415 0.04793008
vt -0.4231664 0.04874203
vt -0.4271504 0.05959975
vt -0.3591316 0.1151235
vt -0.3561755 0.1039421
vt -0.3534359 0.1048667
vt -0.3562931 0.1156736
vt -0.1878862 0.1864122
vt -0.1868583 0.1752813
vt -0.1840764 0.1760696
vt -0.185007 0.1861466
vt 0.05002487 0.1980879
vt 0.04891805 0.1880287
vt 0.0517799 0.188441
vt 0.0527286 0.1970632
vt 0.267409 0.1336048
vt 0.2650366 0.1252614
vt 0.2679271 0.125191
vt 0.2699042 0.1321438
vt 0.3969148 0.06519459
vt 0.3943667 0.05843011
vt 0.3972133 0.05792329
vt 0.3993883 0.06369738
vt 0.4260512 0.05712946
vt 0.4239257 0.05133693
vt 0.4267008 0.05052499
vt 0.4286928 0.05595385
vt 0.3557783 0.1130195
vt 0.3543002 0.1074288
vt 0.3570397 0.1065041
vt 0.3586168 0.1124693
vt 0.1851916 0.1841464
vt 0.1846242 0.1780023
vt 0.187406 0.177214
vt 0.1880707 0.1844119
vt -0.05246399 0.1963651
vt -0.0516734 0.18918
vt -0.04881156 0.1887677
vt -0.04976026 0.1973898
vt -0.2691346 0.166773
vt -0.2710884 0.1583217
vt -0.2685236 0.1569869
vt -0.2662441 0.1668466
vt -0.4076156 0.09826954
vt -0.4075083 0.08815023
vt -0.4046603 0.08765124
vt -0.4047788 0.09882881
vt -0.4161016 0.005216363
vt -0.4134677 -0.00564709
vt -0.4106184 -0.005155567
vt -0.4133436 0.00608436
vt -0.3149061 -0.01731825
vt -0.3105233 -0.02802121
vt -0.307927 -0.02674872
vt -0.312163 -0.01640425
vt -0.148131 0.04392221
vt -0.1433451 0.03382038
vt -0.1410028 0.03551563
vt -0.1453356 0.04466104
vt 0.05734294 0.1345005
vt 0.06119165 0.1251411
vt 0.06350595 0.1268743
vt 0.06020706 0.1348967
vt 0.2662251 0.1661003
vt 0.268179 0.1576491
vt 0.2707438 0.158984
vt 0.2691156 0.1660267
vt 0.4043903 0.09685794
vt 0.4043136 0.08962986
vt 0.4071616 0.09012885
vt 0.407227 0.09629868
vt 0.412532 0.003505456
vt 0.4110782 -0.002490976
vt 0.4139275 -0.002982503
vt 0.4152901 0.002637456
vt 0.3113079 -0.01896929
vt 0.3091165 -0.02432077
vt 0.3117128 -0.02559326
vt 0.3140511 -0.01988329
vt 0.1448225 0.04271886
vt 0.1421808 0.03714282
vt 0.1445231 0.03544758
vt 0.1476179 0.04198002
vt -0.06030943 0.1341573
vt -0.06305851 0.1274719
vt -0.0607442 0.1257387
vt -0.05744531 0.1337611
vt -0.2460092 0.2023607
vt -0.2520097 0.1960969
vt -0.2504882 0.1936382
vt -0.2434875 0.200946
vt -0.3936466 0.1466301
vt -0.3977003 0.1373576
vt -0.3953077 0.1357341
vt -0.3908301 0.1459763
vt -0.3969811 -0.09604715
vt -0.3949631 -0.1070417
vt -0.3920907 -0.1067114
vt -0.3941786 -0.09533583
vt -0.2212724 -0.1939024
vt -0.214341 -0.2031608
vt -0.2121476 -0.2012767
vt -0.2188469 -0.1923285
vt -0.05065791 -0.09163493
vt -0.04228763 -0.09904376
vt -0.04079984 -0.09656452
vt -0.04837764 -0.08985714
vt 0.09555485 0.07941408
vt 0.1033695 0.07298423
vt 0.1045901 0.07560538
vt 0.09789179 0.08111665
vt 0.2438529 0.2002949
vt 0.2498535 0.1940311
vt 0.251375 0.1964898
vt 0.2463746 0.2017096
vt 0.3912843 0.1440195
vt 0.3941799 0.1373963
vt 0.3965724 0.1390198
vt 0.3941008 0.1446733
vt 0.3935139 -0.09795584
vt 0.3924 -0.1040246
vt 0.3952724 -0.1043549
vt 0.3963164 -0.09866714
vt 0.2173747 -0.1945965
vt 0.213909 -0.1992257
vt 0.2161023 -0.2011097
vt 0.2198002 -0.1961704
vt 0.04714261 -0.09144147
vt 0.04252238 -0.09553102
vt 0.04401017 -0.09801026
vt 0.04942288 -0.09321927
vt -0.09833137 0.08051322
vt -0.1039133 0.07592048
vt -0.1026927 0.07329936
vt -0.09599441 0.07881062
vt -0.2005754 0.2329226
vt -0.2090224 0.2309504
vt -0.2090898 0.2280597
vt -0.199235 0.2303607
vt -0.2865855 0.2959143
vt -0.2958325 0.2918028
vt -0.2951611 0.2889904
vt -0.2849471 0.293532
vt -0.3346315 -0.2545272
vt -0.331243 -0.2651794
vt -0.3284351 -0.2644894
vt -0.331941 -0.253468
vt 0.02882987 -0.3348286
vt 0.03970691 -0.3387596
vt 0.0405053 -0.3359806
vt 0.02999258 -0.3321812
vt 0.108823 -0.1619802
vt 0.1197397 -0.1643841
vt 0.1198342 -0.1614943
vt 0.1099512 -0.1593179
vt 0.1537153 0.04833587
vt 0.1636485 0.04640139
vt 0.1634742 0.04928753
vt 0.1549599 0.05094566
vt 0.1998965 0.2300146
vt 0.2083435 0.2280424
vt 0.2082761 0.230933
vt 0.2012369 0.2325765
vt 0.2866024 0.2923935
vt 0.2932075 0.2894567
vt 0.2938788 0.2922691
vt 0.2882408 0.2947759
vt 0.3309525 -0.2559818
vt 0.3290821 -0.2618616
vt 0.33189 -0.2625515
vt 0.3336429 -0.2570408
vt -0.03246862 -0.3332681
vt -0.03790713 -0.3352336
vt -0.03710874 -0.3380126
vt -0.03130592 -0.3359154
vt -0.1118007 -0.1601019
vt -0.1178265 -0.1614289
vt -0.117732 -0.1643187
vt -0.1106726 -0.1627642
vt -0.1556338 0.05062423
vt -0.162729 0.04924246
vt -0.1629033 0.04635634
vt -0.1543891 0.04801447
vt -0.1439814 0.2436055
vt -0.1520857 0.2466978
vt -0.1537591 0.2443399
vt -0.1443041 0.2407322
vt 0.01063816 0.3864925
vt 0.002489962 0.3924941
vt 0.000378123 0.3905191
vt 0.009378454 0.38389
vt 0.4104654 0.132811
vt 0.4129321 0.1437137
vt 0.4101611 0.1445392
vt 0.4076089 0.1332587
vt 0.3556123 -0.1756964
vt 0.3656248 -0.1699075
vt 0.3640132 -0.1675069
vt 0.354336 -0.1731019
vt 0.275796 -0.1185246
vt 0.2863276 -0.1147777
vt 0.2848762 -0.112277
vt 0.2753418 -0.1156691
vt 0.2161949 0.04812761
vt 0.2258434 0.05118013
vt 0.2243098 0.05363129
vt 0.2160396 0.05101485
vt 0.145046 0.2408156
vt 0.1531503 0.2439079
vt 0.1514769 0.2462658
vt 0.1447233 0.2436889
vt -0.00757067 0.3847652
vt -0.001750517 0.3890521
vt -0.003862357 0.391027
vt -0.008830375 0.3873678
vt -0.4080268 0.1359324
vt -0.4093882 0.1419504
vt -0.4121593 0.1411249
vt -0.4108833 0.1354847
vt -0.3567615 -0.1719088
vt -0.3617678 -0.1690143
vt -0.3633794 -0.1714149
vt -0.3580378 -0.1745033
vt -0.2773257 -0.1153538
vt -0.2831389 -0.1132856
vt -0.2845902 -0.1157864
vt -0.2777799 -0.1182093
vt -0.216785 0.05105498
vt -0.2236768 0.05323533
vt -0.2252105 0.0507842
vt -0.2169403 0.04816777
vt -0.09858844 0.2254893
vt -0.1037498 0.2324608
vt -0.10643 0.2313759
vt -0.1004084 0.2232425
vt 0.1491621 0.2964131
vt 0.1461746 0.3060819
vt 0.1433025 0.3057483
vt 0.1466025 0.2950683
vt 0.378255 0.1706596
vt 0.3803536 0.1816391
vt 0.3775564 0.182371
vt 0.3753851 0.171011
vt 0.4331188 0.007270319
vt 0.4393221 0.01703155
vt 0.4367834 0.01841542
vt 0.4307879 0.00898114
vt 0.3761256 -0.02244379
vt 0.3837079 -0.0142303
vt 0.3812603 -0.01269099
vt 0.3743959 -0.02012685
vt 0.267434 0.07392764
vt 0.2744748 0.08119665
vt 0.271961 0.08262523
vt 0.265926 0.07639465
vt 0.1009883 0.2237124
vt 0.1061497 0.2306839
vt 0.1034696 0.2317688
vt 0.09916841 0.2259592
vt -0.1456686 0.2968466
vt -0.1435346 0.3037529
vt -0.1464067 0.3040865
vt -0.1482282 0.2981913
vt -0.3757129 0.1736957
vt -0.3768713 0.1797561
vt -0.3796685 0.1790243
vt -0.3785829 0.1733443
vt -0.4323877 0.01116033
vt -0.4354893 0.01604094
vt -0.438028 0.01465705
vt -0.4347185 0.00944951
vt -0.3760057 -0.01892513
vt -0.3801909 -0.01439143
vt -0.3826385 -0.01593075
vt -0.3777354 -0.02124208
vt -0.266563 0.07678398
vt -0.2715922 0.08197614
vt -0.274106 0.08054756
vt -0.268071 0.07431699
vt -0.07981898 0.1853559
vt -0.08076768 0.193978
vt -0.08362953 0.1943904
vt -0.08252271 0.1843312
vt 0.1648776 0.1778427
vt 0.1658082 0.1879197
vt 0.1630263 0.188708
vt 0.1619984 0.1775772
vt 0.3485584 0.1061562
vt 0.3514155 0.1169631
vt 0.348676 0.1178878
vt 0.3457198 0.1067064
vt 0.4333195 0.04501657
vt 0.4373035 0.05587429
vt 0.4345285 0.05668623
vt 0.4306779 0.04619215
vt 0.4173775 0.04765188
vt 0.4213179 0.05811256
vt 0.4184712 0.0586194
vt 0.4149039 0.0491491
vt 0.2975368 0.1152686
vt 0.3003046 0.1250026
vt 0.297414 0.125073
vt 0.2950416 0.1167296
vt 0.08278709 0.1850294
vt 0.08373579 0.1936515
vt 0.08087395 0.1932392
vt 0.08008336 0.1860541
vt -0.1618142 0.1795774
vt -0.162479 0.1867753
vt -0.1652608 0.185987
vt -0.1646934 0.1798429
vt -0.3462336 0.1093611
vt -0.3478107 0.1153263
vt -0.3505502 0.1144017
vt -0.3490722 0.108811
vt -0.4317774 0.0486622
vt -0.4337694 0.05409105
vt -0.4365445 0.05327912
vt -0.434419 0.04748659
vt -0.4159442 0.05086756
vt -0.4181192 0.05664166
vt -0.4209659 0.05613483
vt -0.4184178 0.04937034
vt -0.2954188 0.1173738
vt -0.2973959 0.1243267
vt -0.3002864 0.1242563
vt -0.297914 0.1159128
vt -0.08959471 0.1376023
vt -0.08629583 0.1456247
vt -0.08861013 0.1473579
vt -0.09245884 0.1379985
vt 0.1235789 0.04377047
vt 0.1279117 0.05291589
vt 0.1255694 0.05461114
vt 0.1207835 0.04450931
vt 0.3032583 -0.02483688
vt 0.3074943 -0.01449241
vt 0.304898 -0.01321991
vt 0.3005151 -0.02392288
vt 0.4211288 -0.007704043
vt 0.423854 0.003535887
vt 0.4210047 0.004027416
vt 0.4183708 -0.006836045
vt 0.4296244 0.08738666
vt 0.429743 0.09856424
vt 0.426895 0.09806523
vt 0.4267876 0.08794593
vt 0.3014621 0.1646022
vt 0.2991825 0.174462
vt 0.2966177 0.1731271
vt 0.2985716 0.1646758
vt 0.09235628 0.1387379
vt 0.08905739 0.1467603
vt 0.08674307 0.1450271
vt 0.08949216 0.1383417
vt -0.121297 0.04645129
vt -0.1243919 0.05298374
vt -0.1267342 0.05128849
vt -0.1240925 0.04571246
vt -0.301369 -0.02135756
vt -0.3037072 -0.01564759
vt -0.3063036 -0.01692008
vt -0.3041121 -0.02227156
vt -0.4191828 -0.00425664
vt -0.4205454 0.001363328
vt -0.4233948 0.0008717968
vt -0.4219409 -0.005124635
vt -0.4271762 0.08991668
vt -0.4272417 0.09608649
vt -0.4300897 0.0965855
vt -0.430013 0.08935741
vt -0.2985908 0.1654221
vt -0.2969625 0.1724649
vt -0.2995273 0.1737998
vt -0.3014812 0.1653485
vt -0.1225127 0.09738813
vt -0.1158144 0.1028994
vt -0.117035 0.1055206
vt -0.1248497 0.09909071
vt 0.02802079 -0.08212723
vt 0.03559859 -0.07541986
vt 0.03411079 -0.0729406
vt 0.02574052 -0.08034945
vt 0.208109 -0.1982531
vt 0.2148083 -0.1893048
vt 0.2126149 -0.1874208
vt 0.2056835 -0.1966792
vt 0.402728 -0.1086639
vt 0.404816 -0.09728836
vt 0.4019435 -0.09695806
vt 0.3999255 -0.1079526
vt 0.4181828 0.1457347
vt 0.4137052 0.1559769
vt 0.4113126 0.1543534
vt 0.4153664 0.1450808
vt 0.274901 0.2170252
vt 0.2679004 0.224333
vt 0.2663788 0.2218743
vt 0.2723793 0.2156106
vt 0.12441 0.09969394
vt 0.1177116 0.1052052
vt 0.1164911 0.1025841
vt 0.122073 0.09799134
vt -0.02697587 -0.07876556
vt -0.03238859 -0.07397458
vt -0.03387637 -0.07645382
vt -0.02925614 -0.08054337
vt -0.2071545 -0.194411
vt -0.2108523 -0.1894717
vt -0.2130457 -0.1913557
vt -0.2095799 -0.1959849
vt -0.4005912 -0.1053311
vt -0.4016352 -0.09964331
vt -0.4045076 -0.09997361
vt -0.4033937 -0.1060424
vt -0.4149122 0.1470375
vt -0.4124405 0.152691
vt -0.4148331 0.1543145
vt -0.4177287 0.1476913
vt -0.2720142 0.2162617
vt -0.2670138 0.2214815
vt -0.2685353 0.2239401
vt -0.2745359 0.2176764
vt -0.4075312 0.07998075
vt -0.405203 0.07284059
vt -0.3776156 0.08183569
vt -0.3799438 0.08897585
vt -0.3762662 -0.01901512
vt -0.3738696 -0.02613259
vt -0.3463698 -0.01687295
vt -0.3487664 -0.009755475
vt -0.3160844 -0.179499
vt -0.3128265 -0.1862657
vt -0.2866821 -0.1736781
vt -0.28994 -0.1669114
vt -0.07109423 -0.3835501
vt -0.06473313 -0.3875424
vt -0.04930825 -0.3629649
vt -0.05566935 -0.3589727
vt 0.4137845 -0.1006843
vt 0.4191217 -0.09540077
vt 0.3987076 -0.07477941
vt 0.3933704 -0.08006298
vt 0.4285441 0.0801343
vt 0.431493 0.08704127
vt 0.4048065 0.09843477
vt 0.4018577 0.09152783
vt 0.405203 0.07284057
vt 0.4075312 0.07998073
vt 0.3799438 0.08897582
vt 0.3776156 0.08183566
vt 0.3738696 -0.02613267
vt 0.3762662 -0.0190152
vt 0.3487664 -0.009755555
vt 0.3463698 -0.01687303
vt 0.3128265 -0.1862657
vt 0.3160844 -0.179499
vt 0.28994 -0.1669114
vt 0.2866821 -0.173678
vt 0.06473319 -0.3875424
vt 0.07109429 -0.3835501
vt 0.05566941 -0.3589727
vt 0.04930831 -0.3629649
vt -0.4191217 -0.09540078
vt -0.4137844 -0.1006844
vt -0.3933703 -0.080063
vt -0.3987075 -0.07477941
vt -0.431493 0.08704128
vt -0.4285441 0.08013435
vt -0.4018577 0.09152785
vt -0.4048065 0.09843479
vt -0.1762587 0.1771374
vt -0.1833834 0.1795123
vt -0.1907411 0.1780067
vt -0.1963602 0.173024
vt -0.1987351 0.1658992
vt -0.1972295 0.1585416
vt -0.1922467 0.1529225
vt -0.185122 0.1505476
vt -0.1777644 0.1520532
vt -0.1721453 0.157036
vt -0.1697704 0.1641607
vt -0.171276 0.1715183
vt 0.171276 0.1715183
vt 0.1697704 0.1641607
vt 0.1721453 0.157036
vt 0.1777644 0.1520533
vt 0.185122 0.1505476
vt 0.1922467 0.1529225
vt 0.1972294 0.1585416
vt 0.1987351 0.1658992
vt 0.1963602 0.173024
vt 0.1907411 0.1780067
vt 0.1833834 0.1795123
vt 0.1762587 0.1771374
vt -0.1657071 0.0707719
vt -0.1609524 0.07169787
vt -0.160855 0.07330961
vt -0.1664022 0.07222931
vt -0.1206138 -0.1475647
vt -0.1150947 -0.1463494
vt -0.1151474 -0.1447356
vt -0.1212438 -0.1460781
vt -0.03894809 -0.3330291
vt -0.03307735 -0.3309074
vt -0.03352321 -0.3293555
vt -0.0395974 -0.3315507
vt 0.3388473 -0.2651203
vt 0.3408052 -0.2589654
vt 0.3392372 -0.2585801
vt 0.3373449 -0.2645288
vt 0.3013189 0.3089128
vt 0.295615 0.311449
vt 0.29524 0.3098785
vt 0.300404 0.3075824
vt 0.2130096 0.2546745
vt 0.2075063 0.2559594
vt 0.2075439 0.2543451
vt 0.212261 0.2532438
vt 0.1660259 0.07240876
vt 0.1612712 0.07333474
vt 0.1613686 0.071723
vt 0.1653309 0.07095136
vt 0.120211 -0.1456401
vt 0.1162688 -0.144772
vt 0.116216 -0.1463858
vt 0.119581 -0.1471268
vt 0.03821466 -0.3309439
vt 0.03497411 -0.3297727
vt 0.03452826 -0.3313246
vt 0.03756535 -0.3324222
vt -0.3378975 -0.2631243
vt -0.3388764 -0.2600469
vt -0.3404445 -0.2604322
vt -0.3394 -0.2637158
vt -0.2994794 0.3082182
vt -0.2963309 0.3096181
vt -0.2967058 0.3111887
vt -0.3003944 0.3095486
vt -0.2118916 0.253437
vt -0.2079606 0.2543548
vt -0.207923 0.2559691
vt -0.2126401 0.2548677
vt -0.2159942 0.07356669
vt -0.2113758 0.07210557
vt -0.2105193 0.07347438
vt -0.2159075 0.07517905
vt -0.2781553 -0.1000513
vt -0.2728308 -0.1019456
vt -0.2720203 -0.1005491
vt -0.2779016 -0.09845668
vt -0.3607521 -0.1667981
vt -0.3553479 -0.1699225
vt -0.3544479 -0.1685819
vt -0.3600394 -0.1653492
vt -0.4194607 0.1398186
vt -0.4180354 0.1335191
vt -0.416488 0.1339801
vt -0.4178655 0.1400686
vt -0.01464509 0.4057274
vt -0.01967125 0.4020255
vt -0.01849192 0.4009225
vt -0.01394162 0.4042741
vt 0.1421145 0.2685909
vt 0.1368345 0.2665762
vt 0.137769 0.2652594
vt 0.1422947 0.2669863
vt 0.2154913 0.07515652
vt 0.2108728 0.07369541
vt 0.2117293 0.07232659
vt 0.215578 0.07354419
vt 0.2767937 -0.09863281
vt 0.2729905 -0.09998586
vt 0.273801 -0.1013824
vt 0.2770473 -0.1002274
vt 0.3586845 -0.1660158
vt 0.3557015 -0.1677404
vt 0.3566015 -0.169081
vt 0.3593972 -0.1674646
vt 0.4176317 0.1385767
vt 0.4169191 0.1354269
vt 0.4184666 0.1349659
vt 0.4192269 0.1383267
vt 0.0149508 0.4037852
vt 0.01772516 0.4017418
vt 0.01890449 0.4028447
vt 0.01565427 0.4052386
vt -0.1418805 0.2669398
vt -0.138109 0.2655007
vt -0.1371745 0.2668175
vt -0.1417003 0.2685443
vt -0.2551746 0.09621866
vt -0.2518044 0.09273924
vt -0.2504006 0.09353702
vt -0.2543325 0.09759633
vt -0.3696259 -0.004991325
vt -0.3657925 -0.009143813
vt -0.3644257 -0.008284188
vt -0.3686599 -0.003697442
vt -0.4335641 0.0175368
vt -0.4302159 0.01226832
vt -0.4287983 0.01304113
vt -0.4322624 0.0184922
vt -0.3870096 0.1779649
vt -0.3857971 0.171621
vt -0.384235 0.1720297
vt -0.3854069 0.1781611
vt -0.1638142 0.3095031
vt -0.165657 0.303539
vt -0.1640531 0.3033527
vt -0.1623848 0.3087521
vt 0.08355408 0.2455323
vt 0.08019136 0.2409903
vt 0.08168807 0.2403845
vt 0.0845704 0.2442776
vt 0.2539768 0.09737878
vt 0.2506066 0.09389937
vt 0.2520105 0.09310159
vt 0.254819 0.09600111
vt 0.3677609 -0.004368474
vt 0.3650228 -0.007334548
vt 0.3663896 -0.00819416
vt 0.3687268 -0.005662364
vt 0.4313691 0.01727514
vt 0.4295209 0.01436704
vt 0.4309387 0.01359422
vt 0.4326708 0.01631975
vt 0.3852235 0.1766623
vt 0.3846172 0.1734904
vt 0.3861793 0.1730817
vt 0.3868262 0.1764661
vt 0.1629062 0.3077591
vt 0.1639234 0.304467
vt 0.1655273 0.3046533
vt 0.1643356 0.3085101
vt -0.08424646 0.2440152
vt -0.08184451 0.2407709
vt -0.08034781 0.2413768
vt -0.08323014 0.2452699
vt -0.2761956 0.1291154
vt -0.2748708 0.1244561
vt -0.2732565 0.1244954
vt -0.2748022 0.1299313
vt -0.4047962 0.0613831
vt -0.4028041 0.0560945
vt -0.4012144 0.05637754
vt -0.4034149 0.06221921
vt -0.43157 0.05514293
vt -0.4294197 0.04928261
vt -0.42787 0.04973602
vt -0.4300948 0.05579943
vt -0.3577998 0.1128345
vt -0.356149 0.1065903
vt -0.3546191 0.1071067
vt -0.3562146 0.1131417
vt -0.1834176 0.1843466
vt -0.1828435 0.1781306
vt -0.18129 0.1785709
vt -0.1818097 0.1841983
vt 0.0567371 0.1951017
vt 0.05611899 0.1894843
vt 0.05771717 0.1897145
vt 0.05824696 0.1945295
vt 0.2745917 0.1295715
vt 0.2732668 0.1249122
vt 0.274881 0.1248729
vt 0.2759851 0.1287556
vt 0.4028339 0.06125962
vt 0.401411 0.05748205
vt 0.4030006 0.05719901
vt 0.4042152 0.06042351
vt 0.4294809 0.05442001
vt 0.4282939 0.05118521
vt 0.4298436 0.05073179
vt 0.430956 0.0537635
vt 0.3559275 0.1116593
vt 0.3551021 0.1085372
vt 0.356632 0.1080209
vt 0.3575127 0.1113521
vt 0.1819125 0.1830813
vt 0.1815956 0.1796502
vt 0.1831491 0.17921
vt 0.1835203 0.1832296
vt -0.05809937 0.1941396
vt -0.05765787 0.1901271
vt -0.0560597 0.1898969
vt -0.0565895 0.1947118
vt -0.2760871 0.1664148
vt -0.2771783 0.1616953
vt -0.275746 0.1609499
vt -0.274473 0.166456
vt -0.4131006 0.09597698
vt -0.4130407 0.09032594
vt -0.4114502 0.09004728
vt -0.4115164 0.09628931
vt -0.4182408 0.002158491
vt -0.4167699 -0.00390811
vt -0.4151787 -0.003633621
vt -0.4167006 0.002643212
vt -0.3132883 -0.01941504
vt -0.3108407 -0.02539201
vt -0.3093908 -0.02468139
vt -0.3117564 -0.01890462
vt -0.143225 0.04351567
vt -0.1405523 0.03787439
vt -0.1392443 0.03882108
vt -0.1416639 0.04392825
vt 0.06466536 0.1350959
vt 0.06681465 0.1298692
vt 0.06810705 0.1308371
vt 0.06626482 0.1353171
vt 0.2744624 0.1660392
vt 0.2755536 0.1613197
vt 0.2769859 0.1620651
vt 0.2760766 0.1659981
vt 0.4112993 0.09518881
vt 0.4112566 0.09115235
vt 0.412847 0.09143101
vt 0.4128835 0.09487648
vt 0.4162472 0.001202744
vt 0.4154353 -0.002145903
vt 0.4170264 -0.002420398
vt 0.4177874 0.000718012
vt 0.3112794 -0.02033716
vt 0.3100556 -0.02332563
vt 0.3115055 -0.02403625
vt 0.3128112 -0.02084757
vt 0.141377 0.04284386
vt 0.1399018 0.03972998
vt 0.1412098 0.03878327
vt 0.1429381 0.04243126
vt -0.06632205 0.1349042
vt -0.06785725 0.1311709
vt -0.06656486 0.1302029
vt -0.06472261 0.134683
vt -0.2521673 0.205608
vt -0.2555183 0.20211
vt -0.2546686 0.200737
vt -0.2507591 0.2048179
vt -0.3995892 0.1467897
vt -0.401853 0.1416115
vt -0.4005169 0.1407049
vt -0.3980164 0.1464246
vt -0.3992891 -0.09897961
vt -0.3981622 -0.1051194
vt -0.3965581 -0.104935
vt -0.3977241 -0.09858238
vt -0.2191796 -0.1955255
vt -0.2153088 -0.2006957
vt -0.2140839 -0.1996436
vt -0.2178251 -0.1946465
vt -0.04598651 -0.09008091
vt -0.0413122 -0.09421831
vt -0.04048137 -0.0928338
vt -0.04471313 -0.08908813
vt 0.1017268 0.08339886
vt 0.1060909 0.07980817
vt 0.1067725 0.08127193
vt 0.1030319 0.08434967
vt 0.2509633 0.2044543
vt 0.2543142 0.2009564
vt 0.2551639 0.2023294
vt 0.2523715 0.2052443
vt 0.39827 0.145332
vt 0.3998869 0.1416333
vt 0.401223 0.1425399
vt 0.3998428 0.1456971
vt 0.3973525 -0.1000461
vt 0.3967305 -0.1034352
vt 0.3983346 -0.1036196
vt 0.3989176 -0.1004433
vt 0.2170034 -0.1959132
vt 0.215068 -0.1984984
vt 0.2162929 -0.1995505
vt 0.218358 -0.1967922
vt 0.04402333 -0.08997275
vt 0.0414432 -0.09225652
vt 0.04227404 -0.09364103
vt 0.04529672 -0.09096555
vt -0.1032774 0.08401282
vt -0.1063946 0.08144804
vt -0.105713 0.0799843
vt -0.1019724 0.08306204
vt -0.2039623 0.2390051
vt -0.2086794 0.2379037
vt -0.2087171 0.2362895
vt -0.2032137 0.2375744
vt -0.2908654 0.3000402
vt -0.2960293 0.2977442
vt -0.2956544 0.2961736
vt -0.2899504 0.2987098
vt -0.3365524 -0.2577259
vt -0.3346601 -0.2636745
vt -0.3330921 -0.2632892
vt -0.3350499 -0.2571344
vt 0.03147044 -0.3350356
vt 0.03754463 -0.3372309
vt 0.03799049 -0.335679
vt 0.03211975 -0.3335572
vt 0.1121493 -0.1583509
vt 0.1182456 -0.1596933
vt 0.1182984 -0.1580795
vt 0.1127792 -0.1568642
vt 0.1572461 0.05477823
vt 0.1627932 0.05369793
vt 0.1626959 0.05530967
vt 0.1579412 0.05623564
vt 0.203583 0.2373812
vt 0.2083002 0.2362798
vt 0.2082626 0.237894
vt 0.2043316 0.2388118
vt 0.2908747 0.2980742
vt 0.2945632 0.2964341
vt 0.2949381 0.2980047
vt 0.2917897 0.2994046
vt 0.3344962 -0.2585401
vt 0.3334517 -0.2618237
vt 0.3350198 -0.262209
vt 0.3359987 -0.2591316
vt -0.03350186 -0.3341646
vt -0.03653894 -0.3352621
vt -0.03609309 -0.3368141
vt -0.03285255 -0.3356429
vt -0.1138121 -0.1573019
vt -0.1171772 -0.1580429
vt -0.1171244 -0.1596567
vt -0.1131821 -0.1587886
vt -0.1583176 0.05605641
vt -0.1622798 0.05528478
vt -0.1623772 0.05367305
vt -0.1576225 0.05459902
vt -0.1433846 0.2505418
vt -0.1479104 0.2522686
vt -0.1488449 0.2509519
vt -0.1435648 0.2489372
vt 0.01210681 0.3922533
vt 0.007556512 0.3956049
vt 0.006377185 0.394502
vt 0.01140334 0.3908
vt 0.4137397 0.1346023
vt 0.4151172 0.1406908
vt 0.4135697 0.1411518
vt 0.4121445 0.1348523
vt 0.3574709 -0.1738105
vt 0.3630623 -0.1705778
vt 0.3621623 -0.1692372
vt 0.3567582 -0.1723617
vt 0.2766935 -0.1136843
vt 0.2825747 -0.1115919
vt 0.2817642 -0.1101954
vt 0.2764398 -0.1120897
vt 0.2162141 0.05547421
vt 0.2216022 0.05717888
vt 0.2207458 0.05854769
vt 0.2161274 0.05708657
vt 0.143979 0.2489838
vt 0.1485048 0.2507106
vt 0.1475703 0.2520274
vt 0.1437988 0.2505884
vt -0.01039342 0.3912886
vt -0.007143204 0.3936825
vt -0.008322529 0.3947854
vt -0.01109688 0.392742
vt -0.4123785 0.1363432
vt -0.4131389 0.1397039
vt -0.4146864 0.1392429
vt -0.4139737 0.1360932
vt -0.3581131 -0.1716951
vt -0.3609088 -0.1700788
vt -0.3618088 -0.1714194
vt -0.3588259 -0.173144
vt -0.2775476 -0.1119133
vt -0.2807939 -0.1107583
vt -0.2816044 -0.1121549
vt -0.2778012 -0.1135079
vt -0.2165436 0.05710908
vt -0.2203923 0.05832669
vt -0.2212487 0.05695787
vt -0.2166303 0.05549674
vt -0.09434859 0.2310112
vt -0.09723093 0.2349043
vt -0.09872764 0.2342985
vt -0.09536491 0.2297564
vt 0.1537661 0.3001741
vt 0.1520977 0.3055736
vt 0.1504938 0.3053873
vt 0.1523367 0.2994231
vt 0.3814675 0.1725587
vt 0.3826395 0.1786901
vt 0.3810773 0.1790988
vt 0.3798648 0.1727549
vt 0.4338956 0.009801762
vt 0.4373598 0.01525283
vt 0.4359421 0.01602564
vt 0.432594 0.01075716
vt 0.3746698 -0.01774102
vt 0.378904 -0.01315427
vt 0.3775372 -0.01229465
vt 0.3737038 -0.01644714
vt 0.2639616 0.08040175
vt 0.2678935 0.08446106
vt 0.2664896 0.08525883
vt 0.2631194 0.08177941
vt 0.09568875 0.230019
vt 0.09857108 0.2339121
vt 0.09707438 0.234518
vt 0.09467243 0.2312737
vt -0.1518148 0.3004162
vt -0.1506231 0.3042729
vt -0.152227 0.3044593
vt -0.1532442 0.3011672
vt -0.3800484 0.1742535
vt -0.3806953 0.1776379
vt -0.3822574 0.1772292
vt -0.3816511 0.1740573
vt -0.4334874 0.0119745
vt -0.4352194 0.01470003
vt -0.4366372 0.01392721
vt -0.434789 0.01101911
vt -0.3746027 -0.01577595
vt -0.3769399 -0.01324416
vt -0.3783067 -0.01410377
vt -0.3755686 -0.01706984
vt -0.2634751 0.08199686
vt -0.2662836 0.08489638
vt -0.2676874 0.0840986
vt -0.2643172 0.08061919
vt -0.07337536 0.1879916
vt -0.07390515 0.1928066
vt -0.07550333 0.1930369
vt -0.07488523 0.1874194
vt 0.1705688 0.1795609
vt 0.1710885 0.1851883
vt 0.169535 0.1856286
vt 0.168961 0.1794126
vt 0.3518951 0.1078268
vt 0.3534907 0.1138619
vt 0.3519608 0.1143782
vt 0.3503099 0.108134
vt 0.4335399 0.04765554
vt 0.4357647 0.05371894
vt 0.4342151 0.05417236
vt 0.4320647 0.04831204
vt 0.4142613 0.05146293
vt 0.4164618 0.0573046
vt 0.4148721 0.05758763
vt 0.4128799 0.05229903
vt 0.2914161 0.1193318
vt 0.2929618 0.1247677
vt 0.2913476 0.124807
vt 0.2900228 0.1201477
vt 0.07503282 0.1878093
vt 0.07556261 0.1926242
vt 0.07396445 0.192394
vt 0.07352296 0.1883815
vt -0.1688577 0.1805297
vt -0.1692289 0.1845493
vt -0.1707824 0.1841091
vt -0.1704656 0.180678
vt -0.3505973 0.1096164
vt -0.351478 0.1129476
vt -0.3530079 0.1124313
vt -0.3521825 0.1093092
vt -0.4326786 0.04969154
vt -0.433791 0.05272325
vt -0.4353407 0.05226983
vt -0.4341538 0.04903503
vt -0.4134607 0.05325875
vt -0.4146754 0.05648325
vt -0.4162651 0.05620022
vt -0.4148421 0.05242264
vt -0.2902334 0.1205075
vt -0.2913374 0.1243902
vt -0.2929516 0.1243509
vt -0.2916268 0.1196916
vt -0.08267609 0.1368281
vt -0.08083384 0.1413081
vt -0.08212626 0.142276
vt -0.08427555 0.1370493
vt 0.1295143 0.04343087
vt 0.1319339 0.04853805
vt 0.1306259 0.04948475
vt 0.1279532 0.04384346
vt 0.3067835 -0.02361365
vt 0.3091491 -0.01783685
vt 0.3076992 -0.01712624
vt 0.3052517 -0.02310323
vt 0.4210482 -0.005056783
vt 0.4225701 0.001220073
vt 0.4209789 0.001494563
vt 0.419508 -0.004572058
vt 0.4253913 0.08989938
vt 0.4254575 0.09614142
vt 0.423867 0.09586275
vt 0.4238071 0.0902117
vt 0.2941402 0.1652026
vt 0.2928672 0.1707087
vt 0.2914349 0.1699632
vt 0.292526 0.1652437
vt 0.0842182 0.1374622
vt 0.08237596 0.1419423
vt 0.08108355 0.1409744
vt 0.08261876 0.137241
vt -0.1282397 0.04492816
vt -0.129968 0.04857615
vt -0.1312761 0.04762945
vt -0.1298008 0.04451556
vt -0.3057289 -0.02167075
vt -0.3070347 -0.01848207
vt -0.3084846 -0.01919268
vt -0.3072608 -0.02218116
vt -0.4199613 -0.003131783
vt -0.4207222 6.627905E-06
vt -0.4223134 -0.0002678628
vt -0.4215015 -0.003616513
vt -0.424024 0.09131248
vt -0.4240605 0.09475796
vt -0.425651 0.09503662
vt -0.4256082 0.09100015
vt -0.2925367 0.1656605
vt -0.2916274 0.1695934
vt -0.2930597 0.1703389
vt -0.2941508 0.1656193
vt -0.1167813 0.09343632
vt -0.1130407 0.09651406
vt -0.1137223 0.09797782
vt -0.1180864 0.09438713
vt 0.03334512 -0.08477172
vt 0.03757687 -0.08102604
vt 0.03674604 -0.07964154
vt 0.03207172 -0.08377892
vt 0.2118285 -0.1979552
vt 0.2155696 -0.1929581
vt 0.2143448 -0.191906
vt 0.210474 -0.1970762
vt 0.4024985 -0.1060252
vt 0.4036645 -0.09967267
vt 0.4020604 -0.09948821
vt 0.4009334 -0.105628
vt 0.4132914 0.1462896
vt 0.4107908 0.1520092
vt 0.4094547 0.1511026
vt 0.4117185 0.1459244
vt 0.2683017 0.2137973
vt 0.2643923 0.2178783
vt 0.2635426 0.2165052
vt 0.2668935 0.2130073
vt 0.1178407 0.09472397
vt 0.1141001 0.0978017
vt 0.1134185 0.09633797
vt 0.1165357 0.09377319
vt -0.03276137 -0.0828941
vt -0.03578404 -0.08021862
vt -0.03661489 -0.08160314
vt -0.03403476 -0.0838869
vt -0.2112958 -0.1958097
vt -0.2133609 -0.1930514
vt -0.2145857 -0.1941035
vt -0.2126503 -0.1966887
vt -0.4013048 -0.1041647
vt -0.4018878 -0.1009884
vt -0.4034919 -0.1011728
vt -0.4028699 -0.1045619
vt -0.4114647 0.1470174
vt -0.4100844 0.1501746
vt -0.4114205 0.1510812
vt -0.4130375 0.1473825
vt -0.2666896 0.2133708
vt -0.2638971 0.2162858
vt -0.2647468 0.2176588
vt -0.2680978 0.2141608
vt -0.2473434 -0.2856516
vt -0.2115394 -0.260077
vt -0.2601307 -0.2677496
vt 0.2473434 -0.2856515
vt 0.2601307 -0.2677495
vt 0.2115394 -0.2600769
vt 0.4074554 0.04880141
vt 0.3734183 0.08431849
vt 0.3660189 0.06360025
vt -0.4074554 0.0488014
vt -0.3660189 0.06360025
vt -0.3956166 0.1464732
vt -0.437053 0.1316744
vt -0.4222542 0.09023789
vt 0.1274748 -0.09627521
vt 0.1426072 -0.07688428
vt 0.1143724 -0.03018754
vt 0.1611551 0.1240243
vt 0.161155 0.1486209
vt 0.1513164 0.1289436
vt -0.1611551 0.1240243
vt -0.1414777 0.1338629
vt -0.146397 0.1437016
vt -0.1396035 0.1839932
vt -0.1592807 0.2233479
vt -0.1611548 0.2224109
vt -0.1513162 0.2027335
vt -0.131639 0.1633789
vt -0.1396036 0.1839933
vt -0.1513162 0.2027336
vt -0.1414776 0.1830562
vt -0.146397 0.1437016
vt -0.131639 0.1633789
vt -0.1414776 0.1830562
vt -0.1439373 0.1633789
vt -0.1414776 0.1830562
vt -0.1513162 0.2027335
vt -0.1759128 0.2027336
vt -0.1586952 0.1928949
vt -0.1439373 0.1633789
vt -0.1414776 0.1830562
vt -0.1586952 0.192895
vt -0.1513163 0.1781369
vt 0.3946423 0.1341158
vt 0.3986978 0.1501095
vt 0.3563397 0.1481512
vt -0.1586952 0.192895
vt -0.1759129 0.2027337
vt -0.1882112 0.2027337
vt 0.3905867 0.118122
vt 0.3946423 0.1341157
vt 0.3563397 0.1481512
vt -0.1882102 0.4191177
vt -0.2005085 0.4191178
vt -0.160217 0.3724452
vt 0.2933552 0.03046576
vt 0.2998198 0.04921293
vt 0.2627025 0.07561214
vt -0.1218003 0.1437015
vt -0.1199263 0.1446385
vt -0.1396036 0.1839933
vt -0.131639 0.1633789
vt -0.1414777 0.1338629
vt -0.1218003 0.1437015
vt -0.1316389 0.1633788
vt -0.146397 0.1437015
vt -0.1611548 0.222411
vt -0.1808322 0.2125724
vt -0.1759129 0.2027337
vt -0.1513162 0.2027336
vt -0.1808322 0.2125724
vt -0.2005096 0.2027338
vt -0.1882112 0.2027338
vt -0.1759129 0.2027338
vt -0.2115393 -0.260077
vt -0.217933 -0.251126
vt -0.2243266 -0.242175
vt -0.237114 -0.224273
vt -0.2383318 -0.2225681
vt -0.2741358 -0.2481427
vt -0.272918 -0.2498477
vt -0.2601306 -0.2677496
vt 0.2601307 -0.2677496
vt 0.272918 -0.2498476
vt 0.2741358 -0.2481427
vt 0.2383318 -0.2225681
vt 0.237114 -0.224273
vt 0.2243267 -0.242175
vt 0.217933 -0.251126
vt 0.2115393 -0.260077
vt -0.1002265 0.2085237
vt -0.121935 0.1945229
vt -0.1131682 0.1743452
vt 0.437053 0.1316744
vt 0.3956166 0.1464732
vt 0.3882172 0.125755
vt 0.4099747 0.07938809
vt 0.419496 0.09922092
vt 0.4004533 0.05955527
vt 0.3814106 0.01988965
vt 0.390932 0.03972247
vt 0.4004533 0.05955527
vt -0.1002265 0.2085237
vt -0.1307018 0.2147006
vt -0.121935 0.1945229
vt 0.2005095 0.2027337
vt 0.1906708 0.207653
vt 0.1808322 0.1879756
vt 0.1611548 0.2224109
vt 0.1218003 0.1437015
vt 0.131639 0.1510805
vt 0.1611548 0.2101126
vt 0.1611551 0.1240243
vt 0.1808323 0.163379
vt 0.161155 0.1486209
vt 0.1808322 0.1879756
vt 0.1660743 0.1707579
vt 0.1709936 0.1682983
vt 0.2976119 -0.03486701
vt 0.2781787 0.0296435
vt 0.2606378 -0.002418525
vt 0.3751613 0.2658741
vt 0.3350278 0.2291149
vt 0.3770458 0.2348186
vt 0.2750519 0.3139749
vt 0.2880133 0.2857101
vt 0.3165741 0.3403546
vt 0.1808323 0.163379
vt 0.1759129 0.1658386
vt 0.161155 0.1486209
vt 0.1808323 0.163379
vt 0.2005095 0.2027337
vt 0.1808322 0.1879756
vt 0.1808323 0.163379
vt 0.1808322 0.1879756
vt 0.1759129 0.1658386
vt 0.1611549 0.1732176
vt 0.161155 0.1486209
vt 0.1660743 0.1707579
vt 0.161155 0.1486209
vt 0.1611549 0.1732176
vt 0.1414777 0.1461612
vt 0.1611548 0.2224109
vt 0.1611548 0.2101126
vt 0.1611549 0.1978143
vt 0.1611549 0.1732176
vt 0.1709935 0.2051933
vt 0.1414776 0.1584595
vt 0.1611549 0.1732176
vt 0.1611549 0.1978143
vt 0.1611548 0.2224109
vt 0.1592808 0.2233479
vt 0.1199263 0.1446385
vt 0.1218003 0.1437015
vt 0.131639 0.1510805
vt 0.1414776 0.1584595
vt 0.1611549 0.1978143
vt 0.1611548 0.2101126
vt 0.1611549 0.1732176
vt 0.1414776 0.1584595
vt 0.131639 0.1510805
vt 0.1218003 0.1437015
vt 0.1414777 0.1461612
vt 0.1611549 0.1732176
vt 0.1808322 0.1879756
vt 0.1709935 0.2051933
vt 0.1808322 0.2125723
vt 0.1611548 0.2224109
vt 0.1709935 0.2051933
vt 0.1808322 0.1879756
vt 0.1906708 0.207653
vt 0.1808322 0.2125723
vt 0.1808322 0.1879756
vt 0.161155 0.1486209
vt 0.1414777 0.1461612
vt 0.1218003 0.1437015
vt 0.1414777 0.1338629
vt 0.161155 0.1486209
vt 0.1414777 0.1338629
vt 0.1513164 0.1289436
vt 0.1759129 0.1658386
vt 0.1709936 0.1682983
vt 0.161155 0.1486209
vt 0.1808322 0.1879756
vt 0.1709936 0.1682983
vt 0.1759129 0.1658386
vt 0.1808322 0.1879756
vt 0.1611549 0.1732176
vt 0.1660743 0.1707579
vt 0.161155 0.1486209
vt 0.1709936 0.1682983
vt 0.1660743 0.1707579
vt 0.1320574 0.07649089
vt 0.1698378 0.1293836
vt 0.1625142 0.1346147
vt 0.1247338 0.08172204
vt -0.1320574 0.07649089
vt -0.1247338 0.08172203
vt -0.1698379 0.1293836
vt 0.1958795 -0.08094564
vt 0.2218179 -0.1328224
vt 0.2799557 -0.1037535
vt 0.2540173 -0.05187675
vt -0.1958795 -0.08094564
vt -0.2540173 -0.05187675
vt -0.2218179 -0.1328224
vt 0.005515945 -0.1718679
vt -0.00295973 -0.1688409
vt -0.02246725 -0.2234619
vt -0.01399157 -0.2264889
vt -0.005515946 -0.1718679
vt 0.01399157 -0.2264889
vt 0.00295973 -0.1688409
vt -0.1636113 0.0211713
vt -0.2103025 0.06387997
vt -0.2168379 0.05955011
vt -0.2551302 -0.05526903
vt -0.2782993 -0.1068431
vt -0.2220703 -0.1358671
vt -0.06029184 -0.2299817
vt -0.05311726 -0.2268219
vt -0.06448854 -0.1714378
o group959526367
g mesh959526367
usemtl mat16
f 3/3/1 2/2/1 1/1/1
f 7/7/2 6/6/2 5/5/2 4/4/2
f 1/11/3 7/10/3 4/9/3 8/8/3
f 5/15/4 6/14/4 2/13/4 3/12/4
f 4/18/5 5/17/5 3/16/5
f 2/22/6 6/21/6 7/20/6 1/19/6
f 1/25/7 8/24/7 3/23/7
f 3/28/8 8/27/8 4/26/8
o group934729322
g mesh934729322
usemtl mat21
f 14/34/9 13/33/9 12/32/9 11/31/9 10/30/9 9/29/9
f 25/69/18 19/68/18 26/67/18
usemtl mat13
f 18/38/10 17/37/10 16/36/10 15/35/10
f 10/42/11 18/41/11 15/40/11 9/39/11
f 20/46/12 19/45/12 12/44/12 13/43/12
f 15/51/13 16/50/13 21/49/13 14/48/13 9/47/13
f 11/56/14 22/55/14 17/54/14 18/53/14 10/52/14
f 20/59/15 13/58/15 14/57/15
f 17/63/16 24/62/16 23/61/16 16/60/16
f 22/66/17 25/65/17 17/64/17
f 30/76/20 27/75/20 29/74/20
f 24/80/21 31/79/21 30/78/21 23/77/21
f 27/84/22 30/83/22 31/82/22 25/81/22
f 29/87/23 21/86/23 16/85/23
f 29/90/24 28/89/24 20/88/24
f 27/93/25 28/92/25 29/91/25
f 22/97/26 11/96/26 12/95/26 19/94/26
f 23/100/27 30/99/27 29/98/27
f 16/103/28 23/102/28 29/101/28
f 24/106/29 17/105/29 25/104/29
f 31/109/30 24/108/30 25/107/30
f 29/118/33 20/117/33 14/116/33
f 21/121/34 29/120/34 14/119/34
f 19/124/35 25/123/35 22/122/35
usemtl mat23
f 28/73/19 27/72/19 25/71/19 26/70/19
f 20/112/31 28/111/31 26/110/31
f 20/115/32 26/114/32 19/113/32
o group2088504716
g mesh2088504716
usemtl mat21
f 34/127/36 33/126/36 32/125/36
f 37/130/37 36/129/37 35/128/37
f 33/133/38 38/132/38 32/131/38
f 43/138/39 42/137/39 41/136/39 40/135/39 39/134/39
f 45/141/40 44/140/40 32/139/40
f 47/144/41 46/143/41 33/142/41
f 44/147/42 34/146/42 32/145/42
f 49/151/43 48/150/43 42/149/43 43/148/43
f 51/155/44 49/154/44 43/153/44 50/152/44
f 52/159/45 51/158/45 50/157/45 44/156/45
f 54/163/46 53/162/46 49/161/46 51/160/46
f 55/167/47 54/166/47 51/165/47 52/164/47
f 45/170/48 54/169/48 55/168/48
f 56/173/49 53/172/49 54/171/49
f 45/176/50 55/175/50 52/174/50
f 45/179/51 35/178/51 56/177/51
f 45/182/52 52/181/52 44/180/52
f 50/186/53 43/185/53 39/184/53 57/183/53
f 44/190/54 50/189/54 57/188/54 34/187/54
f 49/194/55 53/193/55 36/192/55 48/191/55
f 53/198/56 56/197/56 35/196/56 36/195/56
f 34/206/57 57/205/57 39/204/57 40/203/57 59/202/57 58/201/57 47/200/57 33/199/57
f 37/214/58 62/213/58 61/212/58 60/211/58 41/210/58 42/209/58 48/208/58 36/207/58
f 38/217/59 63/216/59 45/215/59
f 64/220/60 37/219/60 35/218/60
f 63/226/61 38/225/61 33/224/61 65/223/61 37/222/61 64/221/61
f 63/229/62 64/228/62 45/227/62
f 66/232/63 62/231/63 37/230/63
f 68/236/64 67/235/64 59/234/64 60/233/64
f 46/239/65 65/238/65 33/237/65
f 70/242/66 69/241/66 66/240/66
f 38/245/67 45/244/67 32/243/67
f 54/248/68 45/247/68 56/246/68
f 35/251/69 45/250/69 64/249/69
f 46/254/70 71/253/70 65/252/70
f 66/257/71 37/256/71 65/255/71
f 71/260/72 66/259/72 65/258/72
f 69/263/73 46/262/73 72/261/73
f 73/266/74 72/265/74 46/264/74
f 75/271/75 72/270/75 74/269/75 68/268/75 60/267/75
f 74/274/76 72/273/76 76/272/76
f 59/278/77 40/277/77 41/276/77 60/275/77
f 68/282/78 74/281/78 76/280/78 67/279/78
f 73/287/79 59/286/79 67/285/79 76/284/79 72/283/79
f 75/290/80 66/289/80 72/288/80
f 66/294/81 75/293/81 60/292/81 61/291/81
f 66/297/82 61/296/82 62/295/82
f 58/301/83 59/300/83 73/299/83 46/298/83
f 47/304/84 58/303/84 46/302/84
f 46/307/85 70/306/85 71/305/85
f 71/310/86 70/309/86 66/308/86
f 69/313/87 72/312/87 66/311/87
f 69/316/88 70/315/88 46/314/88
o group1825844925
g mesh1825844925
usemtl mat21
f 79/319/89 78/318/89 77/317/89
f 82/322/90 81/321/90 80/320/90
f 78/325/91 83/324/91 77/323/91
f 88/330/92 87/329/92 86/328/92 85/327/92 84/326/92
f 90/333/93 89/332/93 77/331/93
f 92/336/94 91/335/94 78/334/94
f 89/339/95 79/338/95 77/337/95
f 94/343/96 93/342/96 87/341/96 88/340/96
f 96/347/97 94/346/97 88/345/97 95/344/97
f 97/351/98 96/350/98 95/349/98 89/348/98
f 99/355/99 98/354/99 94/353/99 96/352/99
f 100/359/100 99/358/100 96/357/100 97/356/100
f 90/362/101 99/361/101 100/360/101
f 101/365/102 98/364/102 99/363/102
f 90/368/103 100/367/103 97/366/103
f 90/371/104 80/370/104 101/369/104
f 90/374/105 97/373/105 89/372/105
f 95/378/106 88/377/106 84/376/106 102/375/106
f 89/382/107 95/381/107 102/380/107 79/379/107
f 94/386/108 98/385/108 81/384/108 93/383/108
f 98/390/109 101/389/109 80/388/109 81/387/109
f 79/398/110 102/397/110 84/396/110 85/395/110 104/394/110 103/393/110 92/392/110 78/391/110
f 82/406/111 107/405/111 106/404/111 105/403/111 86/402/111 87/401/111 93/400/111 81/399/111
f 83/409/112 108/408/112 90/407/112
f 109/412/113 82/411/113 80/410/113
f 108/418/114 83/417/114 78/416/114 110/415/114 82/414/114 109/413/114
f 108/421/115 109/420/115 90/419/115
f 111/424/116 107/423/116 82/422/116
f 113/428/117 112/427/117 104/426/117 105/425/117
f 91/431/118 110/430/118 78/429/118
f 115/434/119 114/433/119 111/432/119
f 83/437/120 90/436/120 77/435/120
f 99/440/121 90/439/121 101/438/121
f 80/443/122 90/442/122 109/441/122
f 91/446/123 116/445/123 110/444/123
f 111/449/124 82/448/124 110/447/124
f 116/452/125 111/451/125 110/450/125
f 114/455/126 91/454/126 117/453/126
f 118/458/127 117/457/127 91/456/127
f 120/463/128 117/462/128 119/461/128 113/460/128 105/459/128
f 119/466/129 117/465/129 121/464/129
f 104/470/130 85/469/130 86/468/130 105/467/130
f 113/474/131 119/473/131 121/472/131 112/471/131
f 118/479/132 104/478/132 112/477/132 121/476/132 117/475/132
f 120/482/133 111/481/133 117/480/133
f 111/486/134 120/485/134 105/484/134 106/483/134
f 111/489/135 106/488/135 107/487/135
f 103/493/136 104/492/136 118/491/136 91/490/136
f 92/496/137 103/495/137 91/494/137
f 91/499/138 115/498/138 116/497/138
f 116/502/139 115/501/139 111/500/139
f 114/505/140 117/504/140 111/503/140
f 114/508/141 115/507/141 91/506/141
o group1891252473
g mesh1891252473
usemtl mat4
f 128/515/142 127/514/142 126/513/142 125/512/142 124/511/142 123/510/142 122/509/142
f 135/522/143 134/521/143 133/520/143 132/519/143 131/518/143 130/517/143 129/516/143
f 163/558/145 162/557/145 161/556/145 160/555/145 159/554/145 158/553/145 157/552/145 130/551/145 131/550/145 156/549/145 155/548/145 154/547/145 153/546/145 152/545/145 151/544/145 150/543/145 127/542/145 128/541/145
usemtl mat13
f 123/540/144 149/539/144 148/538/144 147/537/144 146/536/144 145/535/144 144/534/144 143/533/144 135/532/144 129/531/144 142/530/144 141/529/144 140/528/144 139/527/144 138/526/144 137/525/144 136/524/144 122/523/144
usemtl mat16
f 136/562/146 163/561/146 128/560/146 122/559/146
f 139/570/148 140/569/148 159/568/148 160/567/148
f 137/574/149 138/573/149 161/572/149 162/571/149
f 141/578/150 142/577/150 157/576/150 158/575/150
f 138/582/151 139/581/151 160/580/151 161/579/151
f 136/586/152 137/585/152 162/584/152 163/583/152
f 140/590/153 141/589/153 158/588/153 159/587/153
f 142/594/154 129/593/154 130/592/154 157/591/154
usemtl mat9
f 124/566/147 164/565/147 149/564/147 123/563/147
f 168/602/156 167/601/156 152/600/156 153/599/156
f 170/606/157 169/605/157 145/604/157 146/603/157
f 172/610/158 171/609/158 147/608/158 148/607/158
f 174/614/159 173/613/159 143/612/159 144/611/159
f 176/618/160 175/617/160 154/616/160 155/615/160
f 178/622/161 177/621/161 150/620/161 151/619/161
f 177/662/171 179/661/171 125/660/171 126/659/171
f 167/666/172 181/665/172 180/664/172 178/663/172
f 175/674/174 183/673/174 182/672/174 168/671/174
f 165/682/176 166/681/176 184/680/176 176/679/176
f 165/686/177 156/685/177 131/684/177 132/683/177
f 173/690/178 166/689/178 133/688/178 134/687/178
f 169/698/180 183/697/180 184/696/180 174/695/180
f 171/706/182 181/705/182 182/704/182 170/703/182
f 164/714/184 179/713/184 180/712/184 172/711/184
usemtl mat18
f 166/598/155 165/597/155 132/596/155 133/595/155
f 167/626/162 178/625/162 151/624/162 152/623/162
f 177/630/163 126/629/163 127/628/163 150/627/163
f 164/634/164 172/633/164 148/632/164 149/631/164
f 171/638/165 170/637/165 146/636/165 147/635/165
f 169/642/166 174/641/166 144/640/166 145/639/166
f 175/646/167 168/645/167 153/644/167 154/643/167
f 165/650/168 176/649/168 155/648/168 156/647/168
f 173/654/169 134/653/169 135/652/169 143/651/169
f 178/658/170 180/657/170 179/656/170 177/655/170
f 168/670/173 182/669/173 181/668/173 167/667/173
f 176/678/175 184/677/175 183/676/175 175/675/175
f 174/694/179 184/693/179 166/692/179 173/691/179
f 170/702/181 182/701/181 183/700/181 169/699/181
f 172/710/183 180/709/183 181/708/183 171/707/183
f 124/718/185 125/717/185 179/716/185 164/715/185
o group1307351803
g mesh1307351803
usemtl mat16
f 188/722/186 187/721/186 186/720/186 185/719/186
f 192/726/187 191/725/187 190/724/187 189/723/187
f 186/730/188 192/729/188 189/728/188 185/727/188
f 190/734/189 191/733/189 187/732/189 188/731/189
f 189/738/190 190/737/190 188/736/190 185/735/190
f 187/742/191 191/741/191 192/740/191 186/739/191
o group239368340
g mesh239368340
usemtl mat16
f 196/746/192 195/745/192 194/744/192 193/743/192
f 200/750/193 199/749/193 198/748/193 197/747/193
f 194/754/194 200/753/194 197/752/194 193/751/194
f 198/758/195 199/757/195 195/756/195 196/755/195
f 197/762/196 198/761/196 196/760/196 193/759/196
f 195/766/197 199/765/197 200/764/197 194/763/197
o group1086031423
g mesh1086031423
usemtl mat16
f 204/770/198 203/769/198 202/768/198 201/767/198
f 208/774/199 207/773/199 206/772/199 205/771/199
f 202/778/200 208/777/200 205/776/200 201/775/200
f 206/782/201 207/781/201 203/780/201 204/779/201
f 205/786/202 206/785/202 204/784/202 201/783/202
f 203/790/203 207/789/203 208/788/203 202/787/203
o group572770700
g mesh572770700
usemtl mat16
f 211/793/204 210/792/204 209/791/204
f 210/796/205 212/795/205 209/794/205
f 212/799/206 213/798/206 211/797/206
f 211/802/207 213/801/207 210/800/207
f 209/805/208 214/804/208 211/803/208
f 211/808/209 214/807/209 212/806/209
f 212/811/210 214/810/210 209/809/210
f 210/814/211 213/813/211 212/812/211
o group1434556701
g mesh1434556701
usemtl mat16
f 218/818/212 217/817/212 216/816/212 215/815/212
f 222/822/213 221/821/213 220/820/213 219/819/213
f 216/826/214 222/825/214 219/824/214 215/823/214
f 220/829/215 221/828/215 218/827/215
f 219/832/216 220/831/216 215/830/216
f 221/835/217 222/834/217 216/833/217
f 221/838/218 217/837/218 218/836/218
f 216/841/219 217/840/219 221/839/219
f 220/844/220 218/843/220 215/842/220
o group1709927739
g mesh1709927739
usemtl mat16
f 226/848/221 225/847/221 224/846/221 223/845/221
f 229/851/222 228/850/222 227/849/222
f 224/855/223 229/854/223 230/853/223 223/852/223
f 227/858/224 228/857/224 226/856/224
f 230/861/225 227/860/225 223/859/225
f 228/864/226 229/863/226 224/862/226
f 228/867/227 225/866/227 226/865/227
f 224/870/228 225/869/228 228/868/228
f 227/873/229 226/872/229 223/871/229
f 227/876/230 230/875/230 229/874/230
o group1631651849
g mesh1631651849
usemtl mat4
f 234/880/231 233/879/231 232/878/231 231/877/231
f 238/884/232 237/883/232 236/882/232 235/881/232
f 232/887/233 235/886/233 231/885/233
f 236/890/234 233/889/234 234/888/234
f 235/894/235 236/893/235 234/892/235 231/891/235
f 233/898/236 237/897/236 238/896/236 232/895/236
f 232/901/237 238/900/237 235/899/237
f 236/904/238 237/903/238 233/902/238
o group551125605
g mesh551125605
usemtl mat4
f 242/908/239 241/907/239 240/906/239 239/905/239
f 246/912/240 245/911/240 244/910/240 243/909/240
f 240/915/241 243/914/241 239/913/241
f 244/918/242 241/917/242 242/916/242
f 243/922/243 244/921/243 242/920/243 239/919/243
f 241/926/244 245/925/244 246/924/244 240/923/244
f 240/929/245 246/928/245 243/927/245
f 244/932/246 245/931/246 241/930/246
o group346295656
g mesh346295656
usemtl mat4
f 250/936/247 249/935/247 248/934/247 247/933/247
f 254/940/248 253/939/248 252/938/248 251/937/248
f 248/944/249 254/943/249 251/942/249 247/941/249
f 252/948/250 253/947/250 249/946/250 250/945/250
f 251/952/251 252/951/251 250/950/251 247/949/251
f 249/956/252 253/955/252 254/954/252 248/953/252
o group1183679381
g mesh1183679381
usemtl mat4
f 258/960/253 257/959/253 256/958/253 255/957/253
f 262/964/254 261/963/254 260/962/254 259/961/254
f 256/968/255 262/967/255 259/966/255 255/965/255
f 260/972/256 261/971/256 257/970/256 258/969/256
f 259/976/257 260/975/257 258/974/257 255/973/257
f 257/980/258 261/979/258 262/978/258 256/977/258
o group24178565
g mesh24178565
usemtl mat23
f 266/984/259 265/983/259 264/982/259 263/981/259
f 265/988/260 268/987/260 267/986/260 264/985/260
f 268/992/261 270/991/261 269/990/261 267/989/261
f 270/996/262 272/995/262 271/994/262 269/993/262
f 272/1000/263 274/999/263 273/998/263 271/997/263
f 274/1004/264 276/1003/264 275/1002/264 273/1001/264
f 276/1008/265 278/1007/265 277/1006/265 275/1005/265
f 278/1012/266 280/1011/266 279/1010/266 277/1009/266
f 280/1016/267 282/1015/267 281/1014/267 279/1013/267
f 282/1020/268 284/1019/268 283/1018/268 281/1017/268
f 284/1024/269 286/1023/269 285/1022/269 283/1021/269
f 286/1028/270 266/1027/270 263/1026/270 285/1025/270
f 263/1040/271 264/1039/271 267/1038/271 269/1037/271 271/1036/271 273/1035/271 275/1034/271 277/1033/271 279/1032/271 281/1031/271 283/1030/271 285/1029/271
f 286/1052/272 284/1051/272 282/1050/272 280/1049/272 278/1048/272 276/1047/272 274/1046/272 272/1045/272 270/1044/272 268/1043/272 265/1042/272 266/1041/272
o group2146076598
g mesh2146076598
usemtl mat23
f 290/1056/273 289/1055/273 288/1054/273 287/1053/273
f 289/1060/274 292/1059/274 291/1058/274 288/1057/274
f 292/1064/275 294/1063/275 293/1062/275 291/1061/275
f 294/1068/276 296/1067/276 295/1066/276 293/1065/276
f 296/1072/277 298/1071/277 297/1070/277 295/1069/277
f 298/1076/278 300/1075/278 299/1074/278 297/1073/278
f 300/1080/279 302/1079/279 301/1078/279 299/1077/279
f 302/1084/280 304/1083/280 303/1082/280 301/1081/280
f 304/1088/281 306/1087/281 305/1086/281 303/1085/281
f 306/1092/282 308/1091/282 307/1090/282 305/1089/282
f 308/1096/283 310/1095/283 309/1094/283 307/1093/283
f 310/1100/284 290/1099/284 287/1098/284 309/1097/284
f 287/1112/285 288/1111/285 291/1110/285 293/1109/285 295/1108/285 297/1107/285 299/1106/285 301/1105/285 303/1104/285 305/1103/285 307/1102/285 309/1101/285
f 310/1124/286 308/1123/286 306/1122/286 304/1121/286 302/1120/286 300/1119/286 298/1118/286 296/1117/286 294/1116/286 292/1115/286 289/1114/286 290/1113/286
o group368228645
g mesh368228645
usemtl mat15
f 1226/4728/1179 1225/4727/1179 1224/4726/1179 1223/4725/1179
f 1231/4733/1180 1230/4732/1180 1229/4731/1180 1228/4730/1180 1227/4729/1180
f 1232/4737/1181 1231/4736/1181 1227/4735/1181 1223/4734/1181
f 1228/4741/1182 1229/4740/1182 1225/4739/1182 1226/4738/1182
f 1227/4745/1183 1228/4744/1183 1226/4743/1183 1223/4742/1183
f 1224/4749/1184 1230/4748/1184 1231/4747/1184 1232/4746/1184
f 1224/4752/1185 1232/4751/1185 1223/4750/1185
f 1229/4756/1186 1230/4755/1186 1224/4754/1186 1225/4753/1186
o group944767584
g mesh944767584
usemtl mat15
f 1236/4760/1187 1235/4759/1187 1234/4758/1187 1233/4757/1187
f 1241/4765/1188 1240/4764/1188 1239/4763/1188 1238/4762/1188 1237/4761/1188
f 1242/4769/1189 1241/4768/1189 1237/4767/1189 1233/4766/1189
f 1238/4773/1190 1239/4772/1190 1235/4771/1190 1236/4770/1190
f 1237/4777/1191 1238/4776/1191 1236/4775/1191 1233/4774/1191
f 1234/4781/1192 1240/4780/1192 1241/4779/1192 1242/4778/1192
f 1234/4784/1193 1242/4783/1193 1233/4782/1193
f 1239/4788/1194 1240/4787/1194 1234/4786/1194 1235/4785/1194
o group567284715
g mesh567284715
usemtl mat15
f 1245/4791/1195 1244/4790/1195 1243/4789/1195
f 1248/4794/1196 1247/4793/1196 1246/4792/1196
f 1244/4797/1197 1246/4796/1197 1243/4795/1197
f 1247/4800/1198 1248/4799/1198 1245/4798/1198
f 1246/4803/1199 1247/4802/1199 1243/4801/1199
f 1248/4806/1200 1249/4805/1200 1244/4804/1200
f 1243/4809/1201 1250/4808/1201 1245/4807/1201
f 1245/4812/1202 1250/4811/1202 1247/4810/1202
f 1247/4815/1203 1250/4814/1203 1243/4813/1203
f 1244/4818/1204 1245/4817/1204 1248/4816/1204
f 1246/4821/1205 1249/4820/1205 1248/4819/1205
f 1244/4824/1206 1249/4823/1206 1246/4822/1206
o group638641683
g mesh638641683
usemtl mat15
f 1253/4827/1207 1252/4826/1207 1251/4825/1207
f 1256/4830/1208 1255/4829/1208 1254/4828/1208
f 1251/4834/1209 1256/4833/1209 1258/4832/1209 1257/4831/1209
f 1254/4838/1210 1255/4837/1210 1252/4836/1210 1253/4835/1210
f 1258/4841/1211 1254/4840/1211 1253/4839/1211
f 1252/4844/1212 1255/4843/1212 1251/4842/1212
f 1251/4847/1213 1257/4846/1213 1253/4845/1213
f 1253/4850/1214 1257/4849/1214 1258/4848/1214
f 1254/4853/1215 1258/4852/1215 1256/4851/1215
f 1255/4856/1216 1256/4855/1216 1251/4854/1216
o group884443619
g mesh884443619
usemtl mat15
f 1261/4859/1217 1260/4858/1217 1259/4857/1217
f 1265/4863/1218 1264/4862/1218 1263/4861/1218 1262/4860/1218
f 1266/4867/1219 1265/4866/1219 1262/4865/1219 1259/4864/1219
f 1263/4871/1220 1264/4870/1220 1260/4869/1220 1261/4868/1220
f 1262/4875/1221 1263/4874/1221 1261/4873/1221 1259/4872/1221
f 1260/4878/1222 1264/4877/1222 1266/4876/1222
f 1264/4881/1223 1265/4880/1223 1266/4879/1223
f 1260/4884/1224 1266/4883/1224 1259/4882/1224
o group1798588894
g mesh1798588894
usemtl mat21
f 2181/8487/2117 2180/8486/2117 2179/8485/2117
f 2184/8490/2118 2183/8489/2118 2182/8488/2118
f 2180/8493/2119 2185/8492/2119 2179/8491/2119
f 2190/8498/2120 2189/8497/2120 2188/8496/2120 2187/8495/2120 2186/8494/2120
f 2192/8501/2121 2191/8500/2121 2179/8499/2121
f 2194/8504/2122 2193/8503/2122 2180/8502/2122
f 2191/8507/2123 2181/8506/2123 2179/8505/2123
f 2196/8511/2124 2195/8510/2124 2189/8509/2124 2190/8508/2124
f 2198/8515/2125 2196/8514/2125 2190/8513/2125 2197/8512/2125
f 2199/8519/2126 2198/8518/2126 2197/8517/2126 2191/8516/2126
f 2201/8523/2127 2200/8522/2127 2196/8521/2127 2198/8520/2127
f 2202/8527/2128 2201/8526/2128 2198/8525/2128 2199/8524/2128
f 2192/8530/2129 2201/8529/2129 2202/8528/2129
f 2203/8533/2130 2200/8532/2130 2201/8531/2130
f 2192/8536/2131 2202/8535/2131 2199/8534/2131
f 2192/8539/2132 2182/8538/2132 2203/8537/2132
f 2192/8542/2133 2199/8541/2133 2191/8540/2133
f 2197/8546/2134 2190/8545/2134 2186/8544/2134 2204/8543/2134
f 2191/8550/2135 2197/8549/2135 2204/8548/2135 2181/8547/2135
f 2196/8554/2136 2200/8553/2136 2183/8552/2136 2195/8551/2136
f 2200/8558/2137 2203/8557/2137 2182/8556/2137 2183/8555/2137
f 2181/8566/2138 2204/8565/2138 2186/8564/2138 2187/8563/2138 2206/8562/2138 2205/8561/2138 2194/8560/2138 2180/8559/2138
f 2184/8574/2139 2209/8573/2139 2208/8572/2139 2207/8571/2139 2188/8570/2139 2189/8569/2139 2195/8568/2139 2183/8567/2139
f 2185/8577/2140 2210/8576/2140 2192/8575/2140
f 2211/8580/2141 2184/8579/2141 2182/8578/2141
f 2210/8586/2142 2185/8585/2142 2180/8584/2142 2212/8583/2142 2184/8582/2142 2211/8581/2142
f 2210/8589/2143 2211/8588/2143 2192/8587/2143
f 2213/8592/2144 2209/8591/2144 2184/8590/2144
f 2215/8596/2145 2214/8595/2145 2206/8594/2145 2207/8593/2145
f 2193/8599/2146 2212/8598/2146 2180/8597/2146
f 2217/8602/2147 2216/8601/2147 2213/8600/2147
f 2185/8605/2148 2192/8604/2148 2179/8603/2148
f 2201/8608/2149 2192/8607/2149 2203/8606/2149
f 2182/8611/2150 2192/8610/2150 2211/8609/2150
f 2193/8614/2151 2218/8613/2151 2212/8612/2151
f 2213/8617/2152 2184/8616/2152 2212/8615/2152
f 2218/8620/2153 2213/8619/2153 2212/8618/2153
f 2216/8623/2154 2193/8622/2154 2219/8621/2154
f 2220/8626/2155 2219/8625/2155 2193/8624/2155
f 2222/8631/2156 2219/8630/2156 2221/8629/2156 2215/8628/2156 2207/8627/2156
f 2221/8634/2157 2219/8633/2157 2223/8632/2157
f 2206/8638/2158 2187/8637/2158 2188/8636/2158 2207/8635/2158
f 2215/8642/2159 2221/8641/2159 2223/8640/2159 2214/8639/2159
f 2220/8647/2160 2206/8646/2160 2214/8645/2160 2223/8644/2160 2219/8643/2160
f 2222/8650/2161 2213/8649/2161 2219/8648/2161
f 2213/8654/2162 2222/8653/2162 2207/8652/2162 2208/8651/2162
f 2213/8657/2163 2208/8656/2163 2209/8655/2163
f 2205/8661/2164 2206/8660/2164 2220/8659/2164 2193/8658/2164
f 2194/8664/2165 2205/8663/2165 2193/8662/2165
f 2193/8667/2166 2217/8666/2166 2218/8665/2166
f 2218/8670/2167 2217/8669/2167 2213/8668/2167
f 2216/8673/2168 2219/8672/2168 2213/8671/2168
f 2216/8676/2169 2217/8675/2169 2193/8674/2169
o group938269490
g mesh938269490
usemtl mat21
f 2226/8679/2170 2225/8678/2170 2224/8677/2170
f 2229/8682/2171 2228/8681/2171 2227/8680/2171
f 2225/8685/2172 2230/8684/2172 2224/8683/2172
f 2235/8690/2173 2234/8689/2173 2233/8688/2173 2232/8687/2173 2231/8686/2173
f 2237/8693/2174 2236/8692/2174 2224/8691/2174
f 2239/8696/2175 2238/8695/2175 2225/8694/2175
f 2236/8699/2176 2226/8698/2176 2224/8697/2176
f 2241/8703/2177 2240/8702/2177 2234/8701/2177 2235/8700/2177
f 2243/8707/2178 2241/8706/2178 2235/8705/2178 2242/8704/2178
f 2244/8711/2179 2243/8710/2179 2242/8709/2179 2236/8708/2179
f 2246/8715/2180 2245/8714/2180 2241/8713/2180 2243/8712/2180
f 2247/8719/2181 2246/8718/2181 2243/8717/2181 2244/8716/2181
f 2237/8722/2182 2246/8721/2182 2247/8720/2182
f 2248/8725/2183 2245/8724/2183 2246/8723/2183
f 2237/8728/2184 2247/8727/2184 2244/8726/2184
f 2237/8731/2185 2227/8730/2185 2248/8729/2185
f 2237/8734/2186 2244/8733/2186 2236/8732/2186
f 2242/8738/2187 2235/8737/2187 2231/8736/2187 2249/8735/2187
f 2236/8742/2188 2242/8741/2188 2249/8740/2188 2226/8739/2188
f 2241/8746/2189 2245/8745/2189 2228/8744/2189 2240/8743/2189
f 2245/8750/2190 2248/8749/2190 2227/8748/2190 2228/8747/2190
f 2226/8758/2191 2249/8757/2191 2231/8756/2191 2232/8755/2191 2251/8754/2191 2250/8753/2191 2239/8752/2191 2225/8751/2191
f 2229/8766/2192 2254/8765/2192 2253/8764/2192 2252/8763/2192 2233/8762/2192 2234/8761/2192 2240/8760/2192 2228/8759/2192
f 2230/8769/2193 2255/8768/2193 2237/8767/2193
f 2256/8772/2194 2229/8771/2194 2227/8770/2194
f 2255/8778/2195 2230/8777/2195 2225/8776/2195 2257/8775/2195 2229/8774/2195 2256/8773/2195
f 2255/8781/2196 2256/8780/2196 2237/8779/2196
f 2258/8784/2197 2254/8783/2197 2229/8782/2197
f 2260/8788/2198 2259/8787/2198 2251/8786/2198 2252/8785/2198
f 2238/8791/2199 2257/8790/2199 2225/8789/2199
f 2262/8794/2200 2261/8793/2200 2258/8792/2200
f 2230/8797/2201 2237/8796/2201 2224/8795/2201
f 2246/8800/2202 2237/8799/2202 2248/8798/2202
f 2227/8803/2203 2237/8802/2203 2256/8801/2203
f 2238/8806/2204 2263/8805/2204 2257/8804/2204
f 2258/8809/2205 2229/8808/2205 2257/8807/2205
f 2263/8812/2206 2258/8811/2206 2257/8810/2206
f 2261/8815/2207 2238/8814/2207 2264/8813/2207
f 2265/8818/2208 2264/8817/2208 2238/8816/2208
f 2267/8823/2209 2264/8822/2209 2266/8821/2209 2260/8820/2209 2252/8819/2209
f 2266/8826/2210 2264/8825/2210 2268/8824/2210
f 2251/8830/2211 2232/8829/2211 2233/8828/2211 2252/8827/2211
f 2260/8834/2212 2266/8833/2212 2268/8832/2212 2259/8831/2212
f 2265/8839/2213 2251/8838/2213 2259/8837/2213 2268/8836/2213 2264/8835/2213
f 2267/8842/2214 2258/8841/2214 2264/8840/2214
f 2258/8846/2215 2267/8845/2215 2252/8844/2215 2253/8843/2215
f 2258/8849/2216 2253/8848/2216 2254/8847/2216
f 2250/8853/2217 2251/8852/2217 2265/8851/2217 2238/8850/2217
f 2239/8856/2218 2250/8855/2218 2238/8854/2218
f 2238/8859/2219 2262/8858/2219 2263/8857/2219
f 2263/8862/2220 2262/8861/2220 2258/8860/2220
f 2261/8865/2221 2264/8864/2221 2258/8863/2221
f 2261/8868/2222 2262/8867/2222 2238/8866/2222
o group101818993
g mesh101818993
usemtl mat21
f 2271/8871/2223 2270/8870/2223 2269/8869/2223
f 2274/8874/2224 2273/8873/2224 2272/8872/2224
f 2270/8877/2225 2275/8876/2225 2269/8875/2225
f 2280/8882/2226 2279/8881/2226 2278/8880/2226 2277/8879/2226 2276/8878/2226
f 2282/8885/2227 2281/8884/2227 2269/8883/2227
f 2284/8888/2228 2283/8887/2228 2270/8886/2228
f 2281/8891/2229 2271/8890/2229 2269/8889/2229
f 2286/8895/2230 2285/8894/2230 2279/8893/2230 2280/8892/2230
f 2288/8899/2231 2286/8898/2231 2280/8897/2231 2287/8896/2231
f 2289/8903/2232 2288/8902/2232 2287/8901/2232 2281/8900/2232
f 2291/8907/2233 2290/8906/2233 2286/8905/2233 2288/8904/2233
f 2292/8911/2234 2291/8910/2234 2288/8909/2234 2289/8908/2234
f 2282/8914/2235 2291/8913/2235 2292/8912/2235
f 2293/8917/2236 2290/8916/2236 2291/8915/2236
f 2282/8920/2237 2292/8919/2237 2289/8918/2237
f 2282/8923/2238 2272/8922/2238 2293/8921/2238
f 2282/8926/2239 2289/8925/2239 2281/8924/2239
f 2287/8930/2240 2280/8929/2240 2276/8928/2240 2294/8927/2240
f 2281/8934/2241 2287/8933/2241 2294/8932/2241 2271/8931/2241
f 2286/8938/2242 2290/8937/2242 2273/8936/2242 2285/8935/2242
f 2290/8942/2243 2293/8941/2243 2272/8940/2243 2273/8939/2243
f 2271/8950/2244 2294/8949/2244 2276/8948/2244 2277/8947/2244 2296/8946/2244 2295/8945/2244 2284/8944/2244 2270/8943/2244
f 2274/8958/2245 2299/8957/2245 2298/8956/2245 2297/8955/2245 2278/8954/2245 2279/8953/2245 2285/8952/2245 2273/8951/2245
f 2275/8961/2246 2300/8960/2246 2282/8959/2246
f 2301/8964/2247 2274/8963/2247 2272/8962/2247
f 2300/8970/2248 2275/8969/2248 2270/8968/2248 2302/8967/2248 2274/8966/2248 2301/8965/2248
f 2300/8973/2249 2301/8972/2249 2282/8971/2249
f 2303/8976/2250 2299/8975/2250 2274/8974/2250
f 2305/8980/2251 2304/8979/2251 2296/8978/2251 2297/8977/2251
f 2283/8983/2252 2302/8982/2252 2270/8981/2252
f 2307/8986/2253 2306/8985/2253 2303/8984/2253
f 2275/8989/2254 2282/8988/2254 2269/8987/2254
f 2291/8992/2255 2282/8991/2255 2293/8990/2255
f 2272/8995/2256 2282/8994/2256 2301/8993/2256
f 2283/8998/2257 2308/8997/2257 2302/8996/2257
f 2303/9001/2258 2274/9000/2258 2302/8999/2258
f 2308/9004/2259 2303/9003/2259 2302/9002/2259
f 2306/9007/2260 2283/9006/2260 2309/9005/2260
f 2310/9010/2261 2309/9009/2261 2283/9008/2261
f 2312/9015/2262 2309/9014/2262 2311/9013/2262 2305/9012/2262 2297/9011/2262
f 2311/9018/2263 2309/9017/2263 2313/9016/2263
f 2296/9022/2264 2277/9021/2264 2278/9020/2264 2297/9019/2264
f 2305/9026/2265 2311/9025/2265 2313/9024/2265 2304/9023/2265
f 2310/9031/2266 2296/9030/2266 2304/9029/2266 2313/9028/2266 2309/9027/2266
f 2312/9034/2267 2303/9033/2267 2309/9032/2267
f 2303/9038/2268 2312/9037/2268 2297/9036/2268 2298/9035/2268
f 2303/9041/2269 2298/9040/2269 2299/9039/2269
f 2295/9045/2270 2296/9044/2270 2310/9043/2270 2283/9042/2270
f 2284/9048/2271 2295/9047/2271 2283/9046/2271
f 2283/9051/2272 2307/9050/2272 2308/9049/2272
f 2308/9054/2273 2307/9053/2273 2303/9052/2273
f 2306/9057/2274 2309/9056/2274 2303/9055/2274
f 2306/9060/2275 2307/9059/2275 2283/9058/2275
o group436816632
g mesh436816632
usemtl mat21
f 3228/12663/3168 3227/12662/3168 3226/12661/3168
f 3231/12666/3169 3230/12665/3169 3229/12664/3169
f 3227/12669/3170 3232/12668/3170 3226/12667/3170
f 3237/12674/3171 3236/12673/3171 3235/12672/3171 3234/12671/3171 3233/12670/3171
f 3239/12677/3172 3238/12676/3172 3226/12675/3172
f 3241/12680/3173 3240/12679/3173 3227/12678/3173
f 3238/12683/3174 3228/12682/3174 3226/12681/3174
f 3243/12687/3175 3242/12686/3175 3236/12685/3175 3237/12684/3175
f 3245/12691/3176 3243/12690/3176 3237/12689/3176 3244/12688/3176
f 3246/12695/3177 3245/12694/3177 3244/12693/3177 3238/12692/3177
f 3248/12699/3178 3247/12698/3178 3243/12697/3178 3245/12696/3178
f 3249/12703/3179 3248/12702/3179 3245/12701/3179 3246/12700/3179
f 3239/12706/3180 3248/12705/3180 3249/12704/3180
f 3250/12709/3181 3247/12708/3181 3248/12707/3181
f 3239/12712/3182 3249/12711/3182 3246/12710/3182
f 3239/12715/3183 3229/12714/3183 3250/12713/3183
f 3239/12718/3184 3246/12717/3184 3238/12716/3184
f 3244/12722/3185 3237/12721/3185 3233/12720/3185 3251/12719/3185
f 3238/12726/3186 3244/12725/3186 3251/12724/3186 3228/12723/3186
f 3243/12730/3187 3247/12729/3187 3230/12728/3187 3242/12727/3187
f 3247/12734/3188 3250/12733/3188 3229/12732/3188 3230/12731/3188
f 3228/12742/3189 3251/12741/3189 3233/12740/3189 3234/12739/3189 3253/12738/3189 3252/12737/3189 3241/12736/3189 3227/12735/3189
f 3231/12750/3190 3256/12749/3190 3255/12748/3190 3254/12747/3190 3235/12746/3190 3236/12745/3190 3242/12744/3190 3230/12743/3190
f 3232/12753/3191 3257/12752/3191 3239/12751/3191
f 3258/12756/3192 3231/12755/3192 3229/12754/3192
f 3257/12762/3193 3232/12761/3193 3227/12760/3193 3259/12759/3193 3231/12758/3193 3258/12757/3193
f 3257/12765/3194 3258/12764/3194 3239/12763/3194
f 3260/12768/3195 3256/12767/3195 3231/12766/3195
f 3262/12772/3196 3261/12771/3196 3253/12770/3196 3254/12769/3196
f 3240/12775/3197 3259/12774/3197 3227/12773/3197
f 3264/12778/3198 3263/12777/3198 3260/12776/3198
f 3232/12781/3199 3239/12780/3199 3226/12779/3199
f 3248/12784/3200 3239/12783/3200 3250/12782/3200
f 3229/12787/3201 3239/12786/3201 3258/12785/3201
f 3240/12790/3202 3265/12789/3202 3259/12788/3202
f 3260/12793/3203 3231/12792/3203 3259/12791/3203
f 3265/12796/3204 3260/12795/3204 3259/12794/3204
f 3263/12799/3205 3240/12798/3205 3266/12797/3205
f 3267/12802/3206 3266/12801/3206 3240/12800/3206
f 3269/12807/3207 3266/12806/3207 3268/12805/3207 3262/12804/3207 3254/12803/3207
f 3268/12810/3208 3266/12809/3208 3270/12808/3208
f 3253/12814/3209 3234/12813/3209 3235/12812/3209 3254/12811/3209
f 3262/12818/3210 3268/12817/3210 3270/12816/3210 3261/12815/3210
f 3267/12823/3211 3253/12822/3211 3261/12821/3211 3270/12820/3211 3266/12819/3211
f 3269/12826/3212 3260/12825/3212 3266/12824/3212
f 3260/12830/3213 3269/12829/3213 3254/12828/3213 3255/12827/3213
f 3260/12833/3214 3255/12832/3214 3256/12831/3214
f 3252/12837/3215 3253/12836/3215 3267/12835/3215 3240/12834/3215
f 3241/12840/3216 3252/12839/3216 3240/12838/3216
f 3240/12843/3217 3264/12842/3217 3265/12841/3217
f 3265/12846/3218 3264/12845/3218 3260/12844/3218
f 3263/12849/3219 3266/12848/3219 3260/12847/3219
f 3263/12852/3220 3264/12851/3220 3240/12850/3220
o group266786956
g mesh266786956
usemtl mat23
f 3274/12856/3221 3273/12855/3221 3272/12854/3221 3271/12853/3221
f 3277/12859/3222 3276/12858/3222 3275/12857/3222
f 3272/12863/3223 3277/12862/3223 3275/12861/3223 3271/12860/3223
f 3276/12866/3224 3273/12865/3224 3274/12864/3224
f 3275/12870/3225 3276/12869/3225 3274/12868/3225 3271/12867/3225
f 3273/12873/3226 3277/12872/3226 3272/12871/3226
f 3277/12876/3227 3278/12875/3227 3276/12874/3227
f 3276/12879/3228 3278/12878/3228 3273/12877/3228
f 3273/12882/3229 3278/12881/3229 3277/12880/3229
o group1808298422
g mesh1808298422
usemtl mat23
f 314/1128/287 313/1127/287 312/1126/287 311/1125/287
f 316/1132/288 315/1131/288 313/1130/288 314/1129/288
f 318/1136/289 317/1135/289 315/1134/289 316/1133/289
f 320/1140/290 319/1139/290 317/1138/290 318/1137/290
f 322/1144/291 321/1143/291 319/1142/291 320/1141/291
f 324/1148/292 323/1147/292 321/1146/292 322/1145/292
f 326/1152/293 325/1151/293 323/1150/293 324/1149/293
f 328/1156/294 327/1155/294 325/1154/294 326/1153/294
f 330/1160/295 329/1159/295 327/1158/295 328/1157/295
f 332/1164/296 331/1163/296 329/1162/296 330/1161/296
f 334/1168/297 333/1167/297 331/1166/297 332/1165/297
f 311/1172/298 312/1171/298 333/1170/298 334/1169/298
f 313/1176/299 336/1175/299 335/1174/299 312/1173/299
f 315/1180/300 337/1179/300 336/1178/300 313/1177/300
f 317/1184/301 338/1183/301 337/1182/301 315/1181/301
f 319/1188/302 339/1187/302 338/1186/302 317/1185/302
f 321/1192/303 340/1191/303 339/1190/303 319/1189/303
f 323/1196/304 341/1195/304 340/1194/304 321/1193/304
f 325/1200/305 342/1199/305 341/1198/305 323/1197/305
f 327/1204/306 343/1203/306 342/1202/306 325/1201/306
f 329/1208/307 344/1207/307 343/1206/307 327/1205/307
f 331/1212/308 345/1211/308 344/1210/308 329/1209/308
f 333/1216/309 346/1215/309 345/1214/309 331/1213/309
f 312/1220/310 335/1219/310 346/1218/310 333/1217/310
f 336/1224/311 348/1223/311 347/1222/311 335/1221/311
f 337/1228/312 349/1227/312 348/1226/312 336/1225/312
f 338/1232/313 350/1231/313 349/1230/313 337/1229/313
f 339/1236/314 351/1235/314 350/1234/314 338/1233/314
f 340/1240/315 352/1239/315 351/1238/315 339/1237/315
f 341/1244/316 353/1243/316 352/1242/316 340/1241/316
f 342/1248/317 354/1247/317 353/1246/317 341/1245/317
f 343/1252/318 355/1251/318 354/1250/318 342/1249/318
f 344/1256/319 356/1255/319 355/1254/319 343/1253/319
f 345/1260/320 357/1259/320 356/1258/320 344/1257/320
f 346/1264/321 358/1263/321 357/1262/321 345/1261/321
f 335/1268/322 347/1267/322 358/1266/322 346/1265/322
f 348/1272/323 360/1271/323 359/1270/323 347/1269/323
f 349/1276/324 361/1275/324 360/1274/324 348/1273/324
f 350/1280/325 362/1279/325 361/1278/325 349/1277/325
f 351/1284/326 363/1283/326 362/1282/326 350/1281/326
f 352/1288/327 364/1287/327 363/1286/327 351/1285/327
f 353/1292/328 365/1291/328 364/1290/328 352/1289/328
f 354/1296/329 366/1295/329 365/1294/329 353/1293/329
f 355/1300/330 367/1299/330 366/1298/330 354/1297/330
f 356/1304/331 368/1303/331 367/1302/331 355/1301/331
f 357/1308/332 369/1307/332 368/1306/332 356/1305/332
f 358/1312/333 370/1311/333 369/1310/333 357/1309/333
f 347/1316/334 359/1315/334 370/1314/334 358/1313/334
f 360/1320/335 372/1319/335 371/1318/335 359/1317/335
f 361/1324/336 373/1323/336 372/1322/336 360/1321/336
f 362/1328/337 374/1327/337 373/1326/337 361/1325/337
f 363/1332/338 375/1331/338 374/1330/338 362/1329/338
f 364/1336/339 376/1335/339 375/1334/339 363/1333/339
f 365/1340/340 377/1339/340 376/1338/340 364/1337/340
f 366/1344/341 378/1343/341 377/1342/341 365/1341/341
f 367/1348/342 379/1347/342 378/1346/342 366/1345/342
f 368/1352/343 380/1351/343 379/1350/343 367/1349/343
f 369/1356/344 381/1355/344 380/1354/344 368/1353/344
f 370/1360/345 382/1359/345 381/1358/345 369/1357/345
f 359/1364/346 371/1363/346 382/1362/346 370/1361/346
f 372/1368/347 384/1367/347 383/1366/347 371/1365/347
f 373/1372/348 385/1371/348 384/1370/348 372/1369/348
f 374/1376/349 386/1375/349 385/1374/349 373/1373/349
f 375/1380/350 387/1379/350 386/1378/350 374/1377/350
f 376/1384/351 388/1383/351 387/1382/351 375/1381/351
f 377/1388/352 389/1387/352 388/1386/352 376/1385/352
f 378/1392/353 390/1391/353 389/1390/353 377/1389/353
f 379/1396/354 391/1395/354 390/1394/354 378/1393/354
f 380/1400/355 392/1399/355 391/1398/355 379/1397/355
f 381/1404/356 393/1403/356 392/1402/356 380/1401/356
f 382/1408/357 394/1407/357 393/1406/357 381/1405/357
f 371/1412/358 383/1411/358 394/1410/358 382/1409/358
f 384/1416/359 396/1415/359 395/1414/359 383/1413/359
f 385/1420/360 397/1419/360 396/1418/360 384/1417/360
f 386/1424/361 398/1423/361 397/1422/361 385/1421/361
f 387/1428/362 399/1427/362 398/1426/362 386/1425/362
f 388/1432/363 400/1431/363 399/1430/363 387/1429/363
f 389/1436/364 401/1435/364 400/1434/364 388/1433/364
f 390/1440/365 402/1439/365 401/1438/365 389/1437/365
f 391/1444/366 403/1443/366 402/1442/366 390/1441/366
f 392/1448/367 404/1447/367 403/1446/367 391/1445/367
f 393/1452/368 405/1451/368 404/1450/368 392/1449/368
f 394/1456/369 406/1455/369 405/1454/369 393/1453/369
f 383/1460/370 395/1459/370 406/1458/370 394/1457/370
f 396/1464/371 408/1463/371 407/1462/371 395/1461/371
f 397/1468/372 409/1467/372 408/1466/372 396/1465/372
f 398/1472/373 410/1471/373 409/1470/373 397/1469/373
f 399/1476/374 411/1475/374 410/1474/374 398/1473/374
f 400/1480/375 412/1479/375 411/1478/375 399/1477/375
f 401/1484/376 413/1483/376 412/1482/376 400/1481/376
f 402/1488/377 414/1487/377 413/1486/377 401/1485/377
f 403/1492/378 415/1491/378 414/1490/378 402/1489/378
f 404/1496/379 416/1495/379 415/1494/379 403/1493/379
f 405/1500/380 417/1499/380 416/1498/380 404/1497/380
f 406/1504/381 418/1503/381 417/1502/381 405/1501/381
f 395/1508/382 407/1507/382 418/1506/382 406/1505/382
f 408/1512/383 420/1511/383 419/1510/383 407/1509/383
f 409/1516/384 421/1515/384 420/1514/384 408/1513/384
f 410/1520/385 422/1519/385 421/1518/385 409/1517/385
f 411/1524/386 423/1523/386 422/1522/386 410/1521/386
f 412/1528/387 424/1527/387 423/1526/387 411/1525/387
f 413/1532/388 425/1531/388 424/1530/388 412/1529/388
f 414/1536/389 426/1535/389 425/1534/389 413/1533/389
f 415/1540/390 427/1539/390 426/1538/390 414/1537/390
f 416/1544/391 428/1543/391 427/1542/391 415/1541/391
f 417/1548/392 429/1547/392 428/1546/392 416/1545/392
f 418/1552/393 430/1551/393 429/1550/393 417/1549/393
f 407/1556/394 419/1555/394 430/1554/394 418/1553/394
f 420/1560/395 432/1559/395 431/1558/395 419/1557/395
f 421/1564/396 433/1563/396 432/1562/396 420/1561/396
f 422/1568/397 434/1567/397 433/1566/397 421/1565/397
f 423/1572/398 435/1571/398 434/1570/398 422/1569/398
f 424/1576/399 436/1575/399 435/1574/399 423/1573/399
f 425/1580/400 437/1579/400 436/1578/400 424/1577/400
f 426/1584/401 438/1583/401 437/1582/401 425/1581/401
f 427/1588/402 439/1587/402 438/1586/402 426/1585/402
f 428/1592/403 440/1591/403 439/1590/403 427/1589/403
f 429/1596/404 441/1595/404 440/1594/404 428/1593/404
f 430/1600/405 442/1599/405 441/1598/405 429/1597/405
f 419/1604/406 431/1603/406 442/1602/406 430/1601/406
f 432/1608/407 444/1607/407 443/1606/407 431/1605/407
f 433/1612/408 445/1611/408 444/1610/408 432/1609/408
f 434/1616/409 446/1615/409 445/1614/409 433/1613/409
f 435/1620/410 447/1619/410 446/1618/410 434/1617/410
f 436/1624/411 448/1623/411 447/1622/411 435/1621/411
f 437/1628/412 449/1627/412 448/1626/412 436/1625/412
f 438/1632/413 450/1631/413 449/1630/413 437/1629/413
f 439/1636/414 451/1635/414 450/1634/414 438/1633/414
f 440/1640/415 452/1639/415 451/1638/415 439/1637/415
f 441/1644/416 453/1643/416 452/1642/416 440/1641/416
f 442/1648/417 454/1647/417 453/1646/417 441/1645/417
f 431/1652/418 443/1651/418 454/1650/418 442/1649/418
f 444/1656/419 314/1655/419 311/1654/419 443/1653/419
f 445/1660/420 316/1659/420 314/1658/420 444/1657/420
f 446/1664/421 318/1663/421 316/1662/421 445/1661/421
f 447/1668/422 320/1667/422 318/1666/422 446/1665/422
f 448/1672/423 322/1671/423 320/1670/423 447/1669/423
f 449/1676/424 324/1675/424 322/1674/424 448/1673/424
f 450/1680/425 326/1679/425 324/1678/425 449/1677/425
f 451/1684/426 328/1683/426 326/1682/426 450/1681/426
f 452/1688/427 330/1687/427 328/1686/427 451/1685/427
f 453/1692/428 332/1691/428 330/1690/428 452/1689/428
f 454/1696/429 334/1695/429 332/1694/429 453/1693/429
f 443/1700/430 311/1699/430 334/1698/430 454/1697/430
usemtl mat17
f 458/1704/431 457/1703/431 456/1702/431 455/1701/431
f 460/1708/432 459/1707/432 457/1706/432 458/1705/432
f 462/1712/433 461/1711/433 459/1710/433 460/1709/433
f 464/1716/434 463/1715/434 461/1714/434 462/1713/434
f 466/1720/435 465/1719/435 463/1718/435 464/1717/435
f 468/1724/436 467/1723/436 465/1722/436 466/1721/436
f 470/1728/437 469/1727/437 467/1726/437 468/1725/437
f 472/1732/438 471/1731/438 469/1730/438 470/1729/438
f 474/1736/439 473/1735/439 471/1734/439 472/1733/439
f 476/1740/440 475/1739/440 473/1738/440 474/1737/440
f 478/1744/441 477/1743/441 475/1742/441 476/1741/441
f 455/1748/442 456/1747/442 477/1746/442 478/1745/442
f 457/1752/443 480/1751/443 479/1750/443 456/1749/443
f 459/1756/444 481/1755/444 480/1754/444 457/1753/444
f 461/1760/445 482/1759/445 481/1758/445 459/1757/445
f 463/1764/446 483/1763/446 482/1762/446 461/1761/446
f 465/1768/447 484/1767/447 483/1766/447 463/1765/447
f 467/1772/448 485/1771/448 484/1770/448 465/1769/448
f 469/1776/449 486/1775/449 485/1774/449 467/1773/449
f 471/1780/450 487/1779/450 486/1778/450 469/1777/450
f 473/1784/451 488/1783/451 487/1782/451 471/1781/451
f 475/1788/452 489/1787/452 488/1786/452 473/1785/452
f 477/1792/453 490/1791/453 489/1790/453 475/1789/453
f 456/1796/454 479/1795/454 490/1794/454 477/1793/454
f 480/1800/455 492/1799/455 491/1798/455 479/1797/455
f 481/1804/456 493/1803/456 492/1802/456 480/1801/456
f 482/1808/457 494/1807/457 493/1806/457 481/1805/457
f 483/1812/458 495/1811/458 494/1810/458 482/1809/458
f 484/1816/459 496/1815/459 495/1814/459 483/1813/459
f 485/1820/460 497/1819/460 496/1818/460 484/1817/460
f 486/1824/461 498/1823/461 497/1822/461 485/1821/461
f 487/1828/462 499/1827/462 498/1826/462 486/1825/462
f 488/1832/463 500/1831/463 499/1830/463 487/1829/463
f 489/1836/464 501/1835/464 500/1834/464 488/1833/464
f 490/1840/465 502/1839/465 501/1838/465 489/1837/465
f 479/1844/466 491/1843/466 502/1842/466 490/1841/466
f 492/1848/467 504/1847/467 503/1846/467 491/1845/467
f 493/1852/468 505/1851/468 504/1850/468 492/1849/468
f 494/1856/469 506/1855/469 505/1854/469 493/1853/469
f 495/1860/470 507/1859/470 506/1858/470 494/1857/470
f 496/1864/471 508/1863/471 507/1862/471 495/1861/471
f 497/1868/472 509/1867/472 508/1866/472 496/1865/472
f 498/1872/473 510/1871/473 509/1870/473 497/1869/473
f 499/1876/474 511/1875/474 510/1874/474 498/1873/474
f 500/1880/475 512/1879/475 511/1878/475 499/1877/475
f 501/1884/476 513/1883/476 512/1882/476 500/1881/476
f 502/1888/477 514/1887/477 513/1886/477 501/1885/477
f 491/1892/478 503/1891/478 514/1890/478 502/1889/478
f 504/1896/479 516/1895/479 515/1894/479 503/1893/479
f 505/1900/480 517/1899/480 516/1898/480 504/1897/480
f 506/1904/481 518/1903/481 517/1902/481 505/1901/481
f 507/1908/482 519/1907/482 518/1906/482 506/1905/482
f 508/1912/483 520/1911/483 519/1910/483 507/1909/483
f 509/1916/484 521/1915/484 520/1914/484 508/1913/484
f 510/1920/485 522/1919/485 521/1918/485 509/1917/485
f 511/1924/486 523/1923/486 522/1922/486 510/1921/486
f 512/1928/487 524/1927/487 523/1926/487 511/1925/487
f 513/1932/488 525/1931/488 524/1930/488 512/1929/488
f 514/1936/489 526/1935/489 525/1934/489 513/1933/489
f 503/1940/490 515/1939/490 526/1938/490 514/1937/490
f 516/1944/491 528/1943/491 527/1942/491 515/1941/491
f 517/1948/492 529/1947/492 528/1946/492 516/1945/492
f 518/1952/493 530/1951/493 529/1950/493 517/1949/493
f 519/1956/494 531/1955/494 530/1954/494 518/1953/494
f 520/1960/495 532/1959/495 531/1958/495 519/1957/495
f 521/1964/496 533/1963/496 532/1962/496 520/1961/496
f 522/1968/497 534/1967/497 533/1966/497 521/1965/497
f 523/1972/498 535/1971/498 534/1970/498 522/1969/498
f 524/1976/499 536/1975/499 535/1974/499 523/1973/499
f 525/1980/500 537/1979/500 536/1978/500 524/1977/500
f 526/1984/501 538/1983/501 537/1982/501 525/1981/501
f 515/1988/502 527/1987/502 538/1986/502 526/1985/502
f 528/1992/503 540/1991/503 539/1990/503 527/1989/503
f 529/1996/504 541/1995/504 540/1994/504 528/1993/504
f 530/2000/505 542/1999/505 541/1998/505 529/1997/505
f 531/2004/506 543/2003/506 542/2002/506 530/2001/506
f 532/2008/507 544/2007/507 543/2006/507 531/2005/507
f 533/2012/508 545/2011/508 544/2010/508 532/2009/508
f 534/2016/509 546/2015/509 545/2014/509 533/2013/509
f 535/2020/510 547/2019/510 546/2018/510 534/2017/510
f 536/2024/511 548/2023/511 547/2022/511 535/2021/511
f 537/2028/512 549/2027/512 548/2026/512 536/2025/512
f 538/2032/513 550/2031/513 549/2030/513 537/2029/513
f 527/2036/514 539/2035/514 550/2034/514 538/2033/514
f 540/2040/515 552/2039/515 551/2038/515 539/2037/515
f 541/2044/516 553/2043/516 552/2042/516 540/2041/516
f 542/2048/517 554/2047/517 553/2046/517 541/2045/517
f 543/2052/518 555/2051/518 554/2050/518 542/2049/518
f 544/2056/519 556/2055/519 555/2054/519 543/2053/519
f 545/2060/520 557/2059/520 556/2058/520 544/2057/520
f 546/2064/521 558/2063/521 557/2062/521 545/2061/521
f 547/2068/522 559/2067/522 558/2066/522 546/2065/522
f 548/2072/523 560/2071/523 559/2070/523 547/2069/523
f 549/2076/524 561/2075/524 560/2074/524 548/2073/524
f 550/2080/525 562/2079/525 561/2078/525 549/2077/525
f 539/2084/526 551/2083/526 562/2082/526 550/2081/526
f 552/2088/527 564/2087/527 563/2086/527 551/2085/527
f 553/2092/528 565/2091/528 564/2090/528 552/2089/528
f 554/2096/529 566/2095/529 565/2094/529 553/2093/529
f 555/2100/530 567/2099/530 566/2098/530 554/2097/530
f 556/2104/531 568/2103/531 567/2102/531 555/2101/531
f 557/2108/532 569/2107/532 568/2106/532 556/2105/532
f 558/2112/533 570/2111/533 569/2110/533 557/2109/533
f 559/2116/534 571/2115/534 570/2114/534 558/2113/534
f 560/2120/535 572/2119/535 571/2118/535 559/2117/535
f 561/2124/536 573/2123/536 572/2122/536 560/2121/536
f 562/2128/537 574/2127/537 573/2126/537 561/2125/537
f 551/2132/538 563/2131/538 574/2130/538 562/2129/538
f 564/2136/539 576/2135/539 575/2134/539 563/2133/539
f 565/2140/540 577/2139/540 576/2138/540 564/2137/540
f 566/2144/541 578/2143/541 577/2142/541 565/2141/541
f 567/2148/542 579/2147/542 578/2146/542 566/2145/542
f 568/2152/543 580/2151/543 579/2150/543 567/2149/543
f 569/2156/544 581/2155/544 580/2154/544 568/2153/544
f 570/2160/545 582/2159/545 581/2158/545 569/2157/545
f 571/2164/546 583/2163/546 582/2162/546 570/2161/546
f 572/2168/547 584/2167/547 583/2166/547 571/2165/547
f 573/2172/548 585/2171/548 584/2170/548 572/2169/548
f 574/2176/549 586/2175/549 585/2174/549 573/2173/549
f 563/2180/550 575/2179/550 586/2178/550 574/2177/550
f 576/2184/551 588/2183/551 587/2182/551 575/2181/551
f 577/2188/552 589/2187/552 588/2186/552 576/2185/552
f 578/2192/553 590/2191/553 589/2190/553 577/2189/553
f 579/2196/554 591/2195/554 590/2194/554 578/2193/554
f 580/2200/555 592/2199/555 591/2198/555 579/2197/555
f 581/2204/556 593/2203/556 592/2202/556 580/2201/556
f 582/2208/557 594/2207/557 593/2206/557 581/2205/557
f 583/2212/558 595/2211/558 594/2210/558 582/2209/558
f 584/2216/559 596/2215/559 595/2214/559 583/2213/559
f 585/2220/560 597/2219/560 596/2218/560 584/2217/560
f 586/2224/561 598/2223/561 597/2222/561 585/2221/561
f 575/2228/562 587/2227/562 598/2226/562 586/2225/562
f 588/2232/563 458/2231/563 455/2230/563 587/2229/563
f 589/2236/564 460/2235/564 458/2234/564 588/2233/564
f 590/2240/565 462/2239/565 460/2238/565 589/2237/565
f 591/2244/566 464/2243/566 462/2242/566 590/2241/566
f 592/2248/567 466/2247/567 464/2246/567 591/2245/567
f 593/2252/568 468/2251/568 466/2250/568 592/2249/568
f 594/2256/569 470/2255/569 468/2254/569 593/2253/569
f 595/2260/570 472/2259/570 470/2258/570 594/2257/570
f 596/2264/571 474/2263/571 472/2262/571 595/2261/571
f 597/2268/572 476/2267/572 474/2266/572 596/2265/572
f 598/2272/573 478/2271/573 476/2270/573 597/2269/573
f 587/2276/574 455/2275/574 478/2274/574 598/2273/574
usemtl mat21
f 602/2280/575 601/2279/575 600/2278/575 599/2277/575
f 604/2284/576 603/2283/576 601/2282/576 602/2281/576
f 606/2288/577 605/2287/577 603/2286/577 604/2285/577
f 608/2292/578 607/2291/578 605/2290/578 606/2289/578
f 610/2296/579 609/2295/579 607/2294/579 608/2293/579
f 612/2300/580 611/2299/580 609/2298/580 610/2297/580
f 614/2304/581 613/2303/581 611/2302/581 612/2301/581
f 616/2308/582 615/2307/582 613/2306/582 614/2305/582
f 618/2312/583 617/2311/583 615/2310/583 616/2309/583
f 620/2316/584 619/2315/584 617/2314/584 618/2313/584
f 622/2320/585 621/2319/585 619/2318/585 620/2317/585
f 599/2324/586 600/2323/586 621/2322/586 622/2321/586
f 601/2328/587 624/2327/587 623/2326/587 600/2325/587
f 603/2332/588 625/2331/588 624/2330/588 601/2329/588
f 605/2336/589 626/2335/589 625/2334/589 603/2333/589
f 607/2340/590 627/2339/590 626/2338/590 605/2337/590
f 609/2344/591 628/2343/591 627/2342/591 607/2341/591
f 611/2348/592 629/2347/592 628/2346/592 609/2345/592
f 613/2352/593 630/2351/593 629/2350/593 611/2349/593
f 615/2356/594 631/2355/594 630/2354/594 613/2353/594
f 617/2360/595 632/2359/595 631/2358/595 615/2357/595
f 619/2364/596 633/2363/596 632/2362/596 617/2361/596
f 621/2368/597 634/2367/597 633/2366/597 619/2365/597
f 600/2372/598 623/2371/598 634/2370/598 621/2369/598
f 624/2376/599 636/2375/599 635/2374/599 623/2373/599
f 625/2380/600 637/2379/600 636/2378/600 624/2377/600
f 626/2384/601 638/2383/601 637/2382/601 625/2381/601
f 627/2388/602 639/2387/602 638/2386/602 626/2385/602
f 628/2392/603 640/2391/603 639/2390/603 627/2389/603
f 629/2396/604 641/2395/604 640/2394/604 628/2393/604
f 630/2400/605 642/2399/605 641/2398/605 629/2397/605
f 631/2404/606 643/2403/606 642/2402/606 630/2401/606
f 632/2408/607 644/2407/607 643/2406/607 631/2405/607
f 633/2412/608 645/2411/608 644/2410/608 632/2409/608
f 634/2416/609 646/2415/609 645/2414/609 633/2413/609
f 623/2420/610 635/2419/610 646/2418/610 634/2417/610
f 636/2424/611 648/2423/611 647/2422/611 635/2421/611
f 637/2428/612 649/2427/612 648/2426/612 636/2425/612
f 638/2432/613 650/2431/613 649/2430/613 637/2429/613
f 639/2436/614 651/2435/614 650/2434/614 638/2433/614
f 640/2440/615 652/2439/615 651/2438/615 639/2437/615
f 641/2444/616 653/2443/616 652/2442/616 640/2441/616
f 642/2448/617 654/2447/617 653/2446/617 641/2445/617
f 643/2452/618 655/2451/618 654/2450/618 642/2449/618
f 644/2456/619 656/2455/619 655/2454/619 643/2453/619
f 645/2460/620 657/2459/620 656/2458/620 644/2457/620
f 646/2464/621 658/2463/621 657/2462/621 645/2461/621
f 635/2468/622 647/2467/622 658/2466/622 646/2465/622
f 648/2472/623 660/2471/623 659/2470/623 647/2469/623
f 649/2476/624 661/2475/624 660/2474/624 648/2473/624
f 650/2480/625 662/2479/625 661/2478/625 649/2477/625
f 651/2484/626 663/2483/626 662/2482/626 650/2481/626
f 652/2488/627 664/2487/627 663/2486/627 651/2485/627
f 653/2492/628 665/2491/628 664/2490/628 652/2489/628
f 654/2496/629 666/2495/629 665/2494/629 653/2493/629
f 655/2500/630 667/2499/630 666/2498/630 654/2497/630
f 656/2504/631 668/2503/631 667/2502/631 655/2501/631
f 657/2508/632 669/2507/632 668/2506/632 656/2505/632
f 658/2512/633 670/2511/633 669/2510/633 657/2509/633
f 647/2516/634 659/2515/634 670/2514/634 658/2513/634
f 660/2520/635 672/2519/635 671/2518/635 659/2517/635
f 661/2524/636 673/2523/636 672/2522/636 660/2521/636
f 662/2528/637 674/2527/637 673/2526/637 661/2525/637
f 663/2532/638 675/2531/638 674/2530/638 662/2529/638
f 664/2536/639 676/2535/639 675/2534/639 663/2533/639
f 665/2540/640 677/2539/640 676/2538/640 664/2537/640
f 666/2544/641 678/2543/641 677/2542/641 665/2541/641
f 667/2548/642 679/2547/642 678/2546/642 666/2545/642
f 668/2552/643 680/2551/643 679/2550/643 667/2549/643
f 669/2556/644 681/2555/644 680/2554/644 668/2553/644
f 670/2560/645 682/2559/645 681/2558/645 669/2557/645
f 659/2564/646 671/2563/646 682/2562/646 670/2561/646
f 672/2568/647 684/2567/647 683/2566/647 671/2565/647
f 673/2572/648 685/2571/648 684/2570/648 672/2569/648
f 674/2576/649 686/2575/649 685/2574/649 673/2573/649
f 675/2580/650 687/2579/650 686/2578/650 674/2577/650
f 676/2584/651 688/2583/651 687/2582/651 675/2581/651
f 677/2588/652 689/2587/652 688/2586/652 676/2585/652
f 678/2592/653 690/2591/653 689/2590/653 677/2589/653
f 679/2596/654 691/2595/654 690/2594/654 678/2593/654
f 680/2600/655 692/2599/655 691/2598/655 679/2597/655
f 681/2604/656 693/2603/656 692/2602/656 680/2601/656
f 682/2608/657 694/2607/657 693/2606/657 681/2605/657
f 671/2612/658 683/2611/658 694/2610/658 682/2609/658
f 684/2616/659 696/2615/659 695/2614/659 683/2613/659
f 685/2620/660 697/2619/660 696/2618/660 684/2617/660
f 686/2624/661 698/2623/661 697/2622/661 685/2621/661
f 687/2628/662 699/2627/662 698/2626/662 686/2625/662
f 688/2632/663 700/2631/663 699/2630/663 687/2629/663
f 689/2636/664 701/2635/664 700/2634/664 688/2633/664
f 690/2640/665 702/2639/665 701/2638/665 689/2637/665
f 691/2644/666 703/2643/666 702/2642/666 690/2641/666
f 692/2648/667 704/2647/667 703/2646/667 691/2645/667
f 693/2652/668 705/2651/668 704/2650/668 692/2649/668
f 694/2656/669 706/2655/669 705/2654/669 693/2653/669
f 683/2660/670 695/2659/670 706/2658/670 694/2657/670
f 696/2664/671 708/2663/671 707/2662/671 695/2661/671
f 697/2668/672 709/2667/672 708/2666/672 696/2665/672
f 698/2672/673 710/2671/673 709/2670/673 697/2669/673
f 699/2676/674 711/2675/674 710/2674/674 698/2673/674
f 700/2680/675 712/2679/675 711/2678/675 699/2677/675
f 701/2684/676 713/2683/676 712/2682/676 700/2681/676
f 702/2688/677 714/2687/677 713/2686/677 701/2685/677
f 703/2692/678 715/2691/678 714/2690/678 702/2689/678
f 704/2696/679 716/2695/679 715/2694/679 703/2693/679
f 705/2700/680 717/2699/680 716/2698/680 704/2697/680
f 706/2704/681 718/2703/681 717/2702/681 705/2701/681
f 695/2708/682 707/2707/682 718/2706/682 706/2705/682
f 708/2712/683 720/2711/683 719/2710/683 707/2709/683
f 709/2716/684 721/2715/684 720/2714/684 708/2713/684
f 710/2720/685 722/2719/685 721/2718/685 709/2717/685
f 711/2724/686 723/2723/686 722/2722/686 710/2721/686
f 712/2728/687 724/2727/687 723/2726/687 711/2725/687
f 713/2732/688 725/2731/688 724/2730/688 712/2729/688
f 714/2736/689 726/2735/689 725/2734/689 713/2733/689
f 715/2740/690 727/2739/690 726/2738/690 714/2737/690
f 716/2744/691 728/2743/691 727/2742/691 715/2741/691
f 717/2748/692 729/2747/692 728/2746/692 716/2745/692
f 718/2752/693 730/2751/693 729/2750/693 717/2749/693
f 707/2756/694 719/2755/694 730/2754/694 718/2753/694
f 720/2760/695 732/2759/695 731/2758/695 719/2757/695
f 721/2764/696 733/2763/696 732/2762/696 720/2761/696
f 722/2768/697 734/2767/697 733/2766/697 721/2765/697
f 723/2772/698 735/2771/698 734/2770/698 722/2769/698
f 724/2776/699 736/2775/699 735/2774/699 723/2773/699
f 725/2780/700 737/2779/700 736/2778/700 724/2777/700
f 726/2784/701 738/2783/701 737/2782/701 725/2781/701
f 727/2788/702 739/2787/702 738/2786/702 726/2785/702
f 728/2792/703 740/2791/703 739/2790/703 727/2789/703
f 729/2796/704 741/2795/704 740/2794/704 728/2793/704
f 730/2800/705 742/2799/705 741/2798/705 729/2797/705
f 719/2804/706 731/2803/706 742/2802/706 730/2801/706
f 732/2808/707 602/2807/707 599/2806/707 731/2805/707
f 733/2812/708 604/2811/708 602/2810/708 732/2809/708
f 734/2816/709 606/2815/709 604/2814/709 733/2813/709
f 735/2820/710 608/2819/710 606/2818/710 734/2817/710
f 736/2824/711 610/2823/711 608/2822/711 735/2821/711
f 737/2828/712 612/2827/712 610/2826/712 736/2825/712
f 738/2832/713 614/2831/713 612/2830/713 737/2829/713
f 739/2836/714 616/2835/714 614/2834/714 738/2833/714
f 740/2840/715 618/2839/715 616/2838/715 739/2837/715
f 741/2844/716 620/2843/716 618/2842/716 740/2841/716
f 742/2848/717 622/2847/717 620/2846/717 741/2845/717
f 731/2852/718 599/2851/718 622/2850/718 742/2849/718
usemtl mat15
f 746/2856/719 745/2855/719 744/2854/719 743/2853/719
f 745/2860/720 748/2859/720 747/2858/720 744/2857/720
f 748/2864/721 750/2863/721 749/2862/721 747/2861/721
f 750/2868/722 752/2867/722 751/2866/722 749/2865/722
f 752/2872/723 754/2871/723 753/2870/723 751/2869/723
f 754/2876/724 756/2875/724 755/2874/724 753/2873/724
f 756/2880/725 758/2879/725 757/2878/725 755/2877/725
f 758/2884/726 760/2883/726 759/2882/726 757/2881/726
f 760/2888/727 762/2887/727 761/2886/727 759/2885/727
f 762/2892/728 764/2891/728 763/2890/728 761/2889/728
f 764/2896/729 766/2895/729 765/2894/729 763/2893/729
f 766/2900/730 746/2899/730 743/2898/730 765/2897/730
f 743/2912/731 744/2911/731 747/2910/731 749/2909/731 751/2908/731 753/2907/731 755/2906/731 757/2905/731 759/2904/731 761/2903/731 763/2902/731 765/2901/731
f 766/2924/732 764/2923/732 762/2922/732 760/2921/732 758/2920/732 756/2919/732 754/2918/732 752/2917/732 750/2916/732 748/2915/732 745/2914/732 746/2913/732
o group965558297
g mesh965558297
usemtl mat23
f 770/2928/733 769/2927/733 768/2926/733 767/2925/733
f 772/2932/734 771/2931/734 769/2930/734 770/2929/734
f 774/2936/735 773/2935/735 771/2934/735 772/2933/735
f 776/2940/736 775/2939/736 773/2938/736 774/2937/736
f 778/2944/737 777/2943/737 775/2942/737 776/2941/737
f 780/2948/738 779/2947/738 777/2946/738 778/2945/738
f 782/2952/739 781/2951/739 779/2950/739 780/2949/739
f 784/2956/740 783/2955/740 781/2954/740 782/2953/740
f 786/2960/741 785/2959/741 783/2958/741 784/2957/741
f 788/2964/742 787/2963/742 785/2962/742 786/2961/742
f 790/2968/743 789/2967/743 787/2966/743 788/2965/743
f 767/2972/744 768/2971/744 789/2970/744 790/2969/744
f 769/2976/745 792/2975/745 791/2974/745 768/2973/745
f 771/2980/746 793/2979/746 792/2978/746 769/2977/746
f 773/2984/747 794/2983/747 793/2982/747 771/2981/747
f 775/2988/748 795/2987/748 794/2986/748 773/2985/748
f 777/2992/749 796/2991/749 795/2990/749 775/2989/749
f 779/2996/750 797/2995/750 796/2994/750 777/2993/750
f 781/3000/751 798/2999/751 797/2998/751 779/2997/751
f 783/3004/752 799/3003/752 798/3002/752 781/3001/752
f 785/3008/753 800/3007/753 799/3006/753 783/3005/753
f 787/3012/754 801/3011/754 800/3010/754 785/3009/754
f 789/3016/755 802/3015/755 801/3014/755 787/3013/755
f 768/3020/756 791/3019/756 802/3018/756 789/3017/756
f 792/3024/757 804/3023/757 803/3022/757 791/3021/757
f 793/3028/758 805/3027/758 804/3026/758 792/3025/758
f 794/3032/759 806/3031/759 805/3030/759 793/3029/759
f 795/3036/760 807/3035/760 806/3034/760 794/3033/760
f 796/3040/761 808/3039/761 807/3038/761 795/3037/761
f 797/3044/762 809/3043/762 808/3042/762 796/3041/762
f 798/3048/763 810/3047/763 809/3046/763 797/3045/763
f 799/3052/764 811/3051/764 810/3050/764 798/3049/764
f 800/3056/765 812/3055/765 811/3054/765 799/3053/765
f 801/3060/766 813/3059/766 812/3058/766 800/3057/766
f 802/3064/767 814/3063/767 813/3062/767 801/3061/767
f 791/3068/768 803/3067/768 814/3066/768 802/3065/768
f 804/3072/769 816/3071/769 815/3070/769 803/3069/769
f 805/3076/770 817/3075/770 816/3074/770 804/3073/770
f 806/3080/771 818/3079/771 817/3078/771 805/3077/771
f 807/3084/772 819/3083/772 818/3082/772 806/3081/772
f 808/3088/773 820/3087/773 819/3086/773 807/3085/773
f 809/3092/774 821/3091/774 820/3090/774 808/3089/774
f 810/3096/775 822/3095/775 821/3094/775 809/3093/775
f 811/3100/776 823/3099/776 822/3098/776 810/3097/776
f 812/3104/777 824/3103/777 823/3102/777 811/3101/777
f 813/3108/778 825/3107/778 824/3106/778 812/3105/778
f 814/3112/779 826/3111/779 825/3110/779 813/3109/779
f 803/3116/780 815/3115/780 826/3114/780 814/3113/780
f 816/3120/781 828/3119/781 827/3118/781 815/3117/781
f 817/3124/782 829/3123/782 828/3122/782 816/3121/782
f 818/3128/783 830/3127/783 829/3126/783 817/3125/783
f 819/3132/784 831/3131/784 830/3130/784 818/3129/784
f 820/3136/785 832/3135/785 831/3134/785 819/3133/785
f 821/3140/786 833/3139/786 832/3138/786 820/3137/786
f 822/3144/787 834/3143/787 833/3142/787 821/3141/787
f 823/3148/788 835/3147/788 834/3146/788 822/3145/788
f 824/3152/789 836/3151/789 835/3150/789 823/3149/789
f 825/3156/790 837/3155/790 836/3154/790 824/3153/790
f 826/3160/791 838/3159/791 837/3158/791 825/3157/791
f 815/3164/792 827/3163/792 838/3162/792 826/3161/792
f 828/3168/793 840/3167/793 839/3166/793 827/3165/793
f 829/3172/794 841/3171/794 840/3170/794 828/3169/794
f 830/3176/795 842/3175/795 841/3174/795 829/3173/795
f 831/3180/796 843/3179/796 842/3178/796 830/3177/796
f 832/3184/797 844/3183/797 843/3182/797 831/3181/797
f 833/3188/798 845/3187/798 844/3186/798 832/3185/798
f 834/3192/799 846/3191/799 845/3190/799 833/3189/799
f 835/3196/800 847/3195/800 846/3194/800 834/3193/800
f 836/3200/801 848/3199/801 847/3198/801 835/3197/801
f 837/3204/802 849/3203/802 848/3202/802 836/3201/802
f 838/3208/803 850/3207/803 849/3206/803 837/3205/803
f 827/3212/804 839/3211/804 850/3210/804 838/3209/804
f 840/3216/805 852/3215/805 851/3214/805 839/3213/805
f 841/3220/806 853/3219/806 852/3218/806 840/3217/806
f 842/3224/807 854/3223/807 853/3222/807 841/3221/807
f 843/3228/808 855/3227/808 854/3226/808 842/3225/808
f 844/3232/809 856/3231/809 855/3230/809 843/3229/809
f 845/3236/810 857/3235/810 856/3234/810 844/3233/810
f 846/3240/811 858/3239/811 857/3238/811 845/3237/811
f 847/3244/812 859/3243/812 858/3242/812 846/3241/812
f 848/3248/813 860/3247/813 859/3246/813 847/3245/813
f 849/3252/814 861/3251/814 860/3250/814 848/3249/814
f 850/3256/815 862/3255/815 861/3254/815 849/3253/815
f 839/3260/816 851/3259/816 862/3258/816 850/3257/816
f 852/3264/817 864/3263/817 863/3262/817 851/3261/817
f 853/3268/818 865/3267/818 864/3266/818 852/3265/818
f 854/3272/819 866/3271/819 865/3270/819 853/3269/819
f 855/3276/820 867/3275/820 866/3274/820 854/3273/820
f 856/3280/821 868/3279/821 867/3278/821 855/3277/821
f 857/3284/822 869/3283/822 868/3282/822 856/3281/822
f 858/3288/823 870/3287/823 869/3286/823 857/3285/823
f 859/3292/824 871/3291/824 870/3290/824 858/3289/824
f 860/3296/825 872/3295/825 871/3294/825 859/3293/825
f 861/3300/826 873/3299/826 872/3298/826 860/3297/826
f 862/3304/827 874/3303/827 873/3302/827 861/3301/827
f 851/3308/828 863/3307/828 874/3306/828 862/3305/828
f 864/3312/829 876/3311/829 875/3310/829 863/3309/829
f 865/3316/830 877/3315/830 876/3314/830 864/3313/830
f 866/3320/831 878/3319/831 877/3318/831 865/3317/831
f 867/3324/832 879/3323/832 878/3322/832 866/3321/832
f 868/3328/833 880/3327/833 879/3326/833 867/3325/833
f 869/3332/834 881/3331/834 880/3330/834 868/3329/834
f 870/3336/835 882/3335/835 881/3334/835 869/3333/835
f 871/3340/836 883/3339/836 882/3338/836 870/3337/836
f 872/3344/837 884/3343/837 883/3342/837 871/3341/837
f 873/3348/838 885/3347/838 884/3346/838 872/3345/838
f 874/3352/839 886/3351/839 885/3350/839 873/3349/839
f 863/3356/840 875/3355/840 886/3354/840 874/3353/840
f 876/3360/841 888/3359/841 887/3358/841 875/3357/841
f 877/3364/842 889/3363/842 888/3362/842 876/3361/842
f 878/3368/843 890/3367/843 889/3366/843 877/3365/843
f 879/3372/844 891/3371/844 890/3370/844 878/3369/844
f 880/3376/845 892/3375/845 891/3374/845 879/3373/845
f 881/3380/846 893/3379/846 892/3378/846 880/3377/846
f 882/3384/847 894/3383/847 893/3382/847 881/3381/847
f 883/3388/848 895/3387/848 894/3386/848 882/3385/848
f 884/3392/849 896/3391/849 895/3390/849 883/3389/849
f 885/3396/850 897/3395/850 896/3394/850 884/3393/850
f 886/3400/851 898/3399/851 897/3398/851 885/3397/851
f 875/3404/852 887/3403/852 898/3402/852 886/3401/852
f 888/3408/853 900/3407/853 899/3406/853 887/3405/853
f 889/3412/854 901/3411/854 900/3410/854 888/3409/854
f 890/3416/855 902/3415/855 901/3414/855 889/3413/855
f 891/3420/856 903/3419/856 902/3418/856 890/3417/856
f 892/3424/857 904/3423/857 903/3422/857 891/3421/857
f 893/3428/858 905/3427/858 904/3426/858 892/3425/858
f 894/3432/859 906/3431/859 905/3430/859 893/3429/859
f 895/3436/860 907/3435/860 906/3434/860 894/3433/860
f 896/3440/861 908/3439/861 907/3438/861 895/3437/861
f 897/3444/862 909/3443/862 908/3442/862 896/3441/862
f 898/3448/863 910/3447/863 909/3446/863 897/3445/863
f 887/3452/864 899/3451/864 910/3450/864 898/3449/864
f 900/3456/865 770/3455/865 767/3454/865 899/3453/865
f 901/3460/866 772/3459/866 770/3458/866 900/3457/866
f 902/3464/867 774/3463/867 772/3462/867 901/3461/867
f 903/3468/868 776/3467/868 774/3466/868 902/3465/868
f 904/3472/869 778/3471/869 776/3470/869 903/3469/869
f 905/3476/870 780/3475/870 778/3474/870 904/3473/870
f 906/3480/871 782/3479/871 780/3478/871 905/3477/871
f 907/3484/872 784/3483/872 782/3482/872 906/3481/872
f 908/3488/873 786/3487/873 784/3486/873 907/3485/873
f 909/3492/874 788/3491/874 786/3490/874 908/3489/874
f 910/3496/875 790/3495/875 788/3494/875 909/3493/875
f 899/3500/876 767/3499/876 790/3498/876 910/3497/876
usemtl mat17
f 914/3504/877 913/3503/877 912/3502/877 911/3501/877
f 916/3508/878 915/3507/878 913/3506/878 914/3505/878
f 918/3512/879 917/3511/879 915/3510/879 916/3509/879
f 920/3516/880 919/3515/880 917/3514/880 918/3513/880
f 922/3520/881 921/3519/881 919/3518/881 920/3517/881
f 924/3524/882 923/3523/882 921/3522/882 922/3521/882
f 926/3528/883 925/3527/883 923/3526/883 924/3525/883
f 928/3532/884 927/3531/884 925/3530/884 926/3529/884
f 930/3536/885 929/3535/885 927/3534/885 928/3533/885
f 932/3540/886 931/3539/886 929/3538/886 930/3537/886
f 934/3544/887 933/3543/887 931/3542/887 932/3541/887
f 911/3548/888 912/3547/888 933/3546/888 934/3545/888
f 913/3552/889 936/3551/889 935/3550/889 912/3549/889
f 915/3556/890 937/3555/890 936/3554/890 913/3553/890
f 917/3560/891 938/3559/891 937/3558/891 915/3557/891
f 919/3564/892 939/3563/892 938/3562/892 917/3561/892
f 921/3568/893 940/3567/893 939/3566/893 919/3565/893
f 923/3572/894 941/3571/894 940/3570/894 921/3569/894
f 925/3576/895 942/3575/895 941/3574/895 923/3573/895
f 927/3580/896 943/3579/896 942/3578/896 925/3577/896
f 929/3584/897 944/3583/897 943/3582/897 927/3581/897
f 931/3588/898 945/3587/898 944/3586/898 929/3585/898
f 933/3592/899 946/3591/899 945/3590/899 931/3589/899
f 912/3596/900 935/3595/900 946/3594/900 933/3593/900
f 936/3600/901 948/3599/901 947/3598/901 935/3597/901
f 937/3604/902 949/3603/902 948/3602/902 936/3601/902
f 938/3608/903 950/3607/903 949/3606/903 937/3605/903
f 939/3612/904 951/3611/904 950/3610/904 938/3609/904
f 940/3616/905 952/3615/905 951/3614/905 939/3613/905
f 941/3620/906 953/3619/906 952/3618/906 940/3617/906
f 942/3624/907 954/3623/907 953/3622/907 941/3621/907
f 943/3628/908 955/3627/908 954/3626/908 942/3625/908
f 944/3632/909 956/3631/909 955/3630/909 943/3629/909
f 945/3636/910 957/3635/910 956/3634/910 944/3633/910
f 946/3640/911 958/3639/911 957/3638/911 945/3637/911
f 935/3644/912 947/3643/912 958/3642/912 946/3641/912
f 948/3648/913 960/3647/913 959/3646/913 947/3645/913
f 949/3652/914 961/3651/914 960/3650/914 948/3649/914
f 950/3656/915 962/3655/915 961/3654/915 949/3653/915
f 951/3660/916 963/3659/916 962/3658/916 950/3657/916
f 952/3664/917 964/3663/917 963/3662/917 951/3661/917
f 953/3668/918 965/3667/918 964/3666/918 952/3665/918
f 954/3672/919 966/3671/919 965/3670/919 953/3669/919
f 955/3676/920 967/3675/920 966/3674/920 954/3673/920
f 956/3680/921 968/3679/921 967/3678/921 955/3677/921
f 957/3684/922 969/3683/922 968/3682/922 956/3681/922
f 958/3688/923 970/3687/923 969/3686/923 957/3685/923
f 947/3692/924 959/3691/924 970/3690/924 958/3689/924
f 960/3696/925 972/3695/925 971/3694/925 959/3693/925
f 961/3700/926 973/3699/926 972/3698/926 960/3697/926
f 962/3704/927 974/3703/927 973/3702/927 961/3701/927
f 963/3708/928 975/3707/928 974/3706/928 962/3705/928
f 964/3712/929 976/3711/929 975/3710/929 963/3709/929
f 965/3716/930 977/3715/930 976/3714/930 964/3713/930
f 966/3720/931 978/3719/931 977/3718/931 965/3717/931
f 967/3724/932 979/3723/932 978/3722/932 966/3721/932
f 968/3728/933 980/3727/933 979/3726/933 967/3725/933
f 969/3732/934 981/3731/934 980/3730/934 968/3729/934
f 970/3736/935 982/3735/935 981/3734/935 969/3733/935
f 959/3740/936 971/3739/936 982/3738/936 970/3737/936
f 972/3744/937 984/3743/937 983/3742/937 971/3741/937
f 973/3748/938 985/3747/938 984/3746/938 972/3745/938
f 974/3752/939 986/3751/939 985/3750/939 973/3749/939
f 975/3756/940 987/3755/940 986/3754/940 974/3753/940
f 976/3760/941 988/3759/941 987/3758/941 975/3757/941
f 977/3764/942 989/3763/942 988/3762/942 976/3761/942
f 978/3768/943 990/3767/943 989/3766/943 977/3765/943
f 979/3772/944 991/3771/944 990/3770/944 978/3769/944
f 980/3776/945 992/3775/945 991/3774/945 979/3773/945
f 981/3780/946 993/3779/946 992/3778/946 980/3777/946
f 982/3784/947 994/3783/947 993/3782/947 981/3781/947
f 971/3788/948 983/3787/948 994/3786/948 982/3785/948
f 984/3792/949 996/3791/949 995/3790/949 983/3789/949
f 985/3796/950 997/3795/950 996/3794/950 984/3793/950
f 986/3800/951 998/3799/951 997/3798/951 985/3797/951
f 987/3804/952 999/3803/952 998/3802/952 986/3801/952
f 988/3808/953 1000/3807/953 999/3806/953 987/3805/953
f 989/3812/954 1001/3811/954 1000/3810/954 988/3809/954
f 990/3816/955 1002/3815/955 1001/3814/955 989/3813/955
f 991/3820/956 1003/3819/956 1002/3818/956 990/3817/956
f 992/3824/957 1004/3823/957 1003/3822/957 991/3821/957
f 993/3828/958 1005/3827/958 1004/3826/958 992/3825/958
f 994/3832/959 1006/3831/959 1005/3830/959 993/3829/959
f 983/3836/960 995/3835/960 1006/3834/960 994/3833/960
f 996/3840/961 1008/3839/961 1007/3838/961 995/3837/961
f 997/3844/962 1009/3843/962 1008/3842/962 996/3841/962
f 998/3848/963 1010/3847/963 1009/3846/963 997/3845/963
f 999/3852/964 1011/3851/964 1010/3850/964 998/3849/964
f 1000/3856/965 1012/3855/965 1011/3854/965 999/3853/965
f 1001/3860/966 1013/3859/966 1012/3858/966 1000/3857/966
f 1002/3864/967 1014/3863/967 1013/3862/967 1001/3861/967
f 1003/3868/968 1015/3867/968 1014/3866/968 1002/3865/968
f 1004/3872/969 1016/3871/969 1015/3870/969 1003/3869/969
f 1005/3876/970 1017/3875/970 1016/3874/970 1004/3873/970
f 1006/3880/971 1018/3879/971 1017/3878/971 1005/3877/971
f 995/3884/972 1007/3883/972 1018/3882/972 1006/3881/972
f 1008/3888/973 1020/3887/973 1019/3886/973 1007/3885/973
f 1009/3892/974 1021/3891/974 1020/3890/974 1008/3889/974
f 1010/3896/975 1022/3895/975 1021/3894/975 1009/3893/975
f 1011/3900/976 1023/3899/976 1022/3898/976 1010/3897/976
f 1012/3904/977 1024/3903/977 1023/3902/977 1011/3901/977
f 1013/3908/978 1025/3907/978 1024/3906/978 1012/3905/978
f 1014/3912/979 1026/3911/979 1025/3910/979 1013/3909/979
f 1015/3916/980 1027/3915/980 1026/3914/980 1014/3913/980
f 1016/3920/981 1028/3919/981 1027/3918/981 1015/3917/981
f 1017/3924/982 1029/3923/982 1028/3922/982 1016/3921/982
f 1018/3928/983 1030/3927/983 1029/3926/983 1017/3925/983
f 1007/3932/984 1019/3931/984 1030/3930/984 1018/3929/984
f 1020/3936/985 1032/3935/985 1031/3934/985 1019/3933/985
f 1021/3940/986 1033/3939/986 1032/3938/986 1020/3937/986
f 1022/3944/987 1034/3943/987 1033/3942/987 1021/3941/987
f 1023/3948/988 1035/3947/988 1034/3946/988 1022/3945/988
f 1024/3952/989 1036/3951/989 1035/3950/989 1023/3949/989
f 1025/3956/990 1037/3955/990 1036/3954/990 1024/3953/990
f 1026/3960/991 1038/3959/991 1037/3958/991 1025/3957/991
f 1027/3964/992 1039/3963/992 1038/3962/992 1026/3961/992
f 1028/3968/993 1040/3967/993 1039/3966/993 1027/3965/993
f 1029/3972/994 1041/3971/994 1040/3970/994 1028/3969/994
f 1030/3976/995 1042/3975/995 1041/3974/995 1029/3973/995
f 1019/3980/996 1031/3979/996 1042/3978/996 1030/3977/996
f 1032/3984/997 1044/3983/997 1043/3982/997 1031/3981/997
f 1033/3988/998 1045/3987/998 1044/3986/998 1032/3985/998
f 1034/3992/999 1046/3991/999 1045/3990/999 1033/3989/999
f 1035/3996/1000 1047/3995/1000 1046/3994/1000 1034/3993/1000
f 1036/4000/1001 1048/3999/1001 1047/3998/1001 1035/3997/1001
f 1037/4004/1002 1049/4003/1002 1048/4002/1002 1036/4001/1002
f 1038/4008/1003 1050/4007/1003 1049/4006/1003 1037/4005/1003
f 1039/4012/1004 1051/4011/1004 1050/4010/1004 1038/4009/1004
f 1040/4016/1005 1052/4015/1005 1051/4014/1005 1039/4013/1005
f 1041/4020/1006 1053/4019/1006 1052/4018/1006 1040/4017/1006
f 1042/4024/1007 1054/4023/1007 1053/4022/1007 1041/4021/1007
f 1031/4028/1008 1043/4027/1008 1054/4026/1008 1042/4025/1008
f 1044/4032/1009 914/4031/1009 911/4030/1009 1043/4029/1009
f 1045/4036/1010 916/4035/1010 914/4034/1010 1044/4033/1010
f 1046/4040/1011 918/4039/1011 916/4038/1011 1045/4037/1011
f 1047/4044/1012 920/4043/1012 918/4042/1012 1046/4041/1012
f 1048/4048/1013 922/4047/1013 920/4046/1013 1047/4045/1013
f 1049/4052/1014 924/4051/1014 922/4050/1014 1048/4049/1014
f 1050/4056/1015 926/4055/1015 924/4054/1015 1049/4053/1015
f 1051/4060/1016 928/4059/1016 926/4058/1016 1050/4057/1016
f 1052/4064/1017 930/4063/1017 928/4062/1017 1051/4061/1017
f 1053/4068/1018 932/4067/1018 930/4066/1018 1052/4065/1018
f 1054/4072/1019 934/4071/1019 932/4070/1019 1053/4069/1019
f 1043/4076/1020 911/4075/1020 934/4074/1020 1054/4073/1020
usemtl mat15
f 1058/4080/1021 1057/4079/1021 1056/4078/1021 1055/4077/1021
f 1057/4084/1022 1060/4083/1022 1059/4082/1022 1056/4081/1022
f 1060/4088/1023 1062/4087/1023 1061/4086/1023 1059/4085/1023
f 1062/4092/1024 1064/4091/1024 1063/4090/1024 1061/4089/1024
f 1064/4096/1025 1066/4095/1025 1065/4094/1025 1063/4093/1025
f 1066/4100/1026 1068/4099/1026 1067/4098/1026 1065/4097/1026
f 1068/4104/1027 1070/4103/1027 1069/4102/1027 1067/4101/1027
f 1070/4108/1028 1072/4107/1028 1071/4106/1028 1069/4105/1028
f 1072/4112/1029 1074/4111/1029 1073/4110/1029 1071/4109/1029
f 1074/4116/1030 1076/4115/1030 1075/4114/1030 1073/4113/1030
f 1076/4120/1031 1078/4119/1031 1077/4118/1031 1075/4117/1031
f 1078/4124/1032 1058/4123/1032 1055/4122/1032 1077/4121/1032
f 1055/4136/1033 1056/4135/1033 1059/4134/1033 1061/4133/1033 1063/4132/1033 1065/4131/1033 1067/4130/1033 1069/4129/1033 1071/4128/1033 1073/4127/1033 1075/4126/1033 1077/4125/1033
f 1078/4148/1034 1076/4147/1034 1074/4146/1034 1072/4145/1034 1070/4144/1034 1068/4143/1034 1066/4142/1034 1064/4141/1034 1062/4140/1034 1060/4139/1034 1057/4138/1034 1058/4137/1034
usemtl mat21
f 1082/4152/1035 1081/4151/1035 1080/4150/1035 1079/4149/1035
f 1084/4156/1036 1083/4155/1036 1081/4154/1036 1082/4153/1036
f 1086/4160/1037 1085/4159/1037 1083/4158/1037 1084/4157/1037
f 1088/4164/1038 1087/4163/1038 1085/4162/1038 1086/4161/1038
f 1090/4168/1039 1089/4167/1039 1087/4166/1039 1088/4165/1039
f 1092/4172/1040 1091/4171/1040 1089/4170/1040 1090/4169/1040
f 1094/4176/1041 1093/4175/1041 1091/4174/1041 1092/4173/1041
f 1096/4180/1042 1095/4179/1042 1093/4178/1042 1094/4177/1042
f 1098/4184/1043 1097/4183/1043 1095/4182/1043 1096/4181/1043
f 1100/4188/1044 1099/4187/1044 1097/4186/1044 1098/4185/1044
f 1102/4192/1045 1101/4191/1045 1099/4190/1045 1100/4189/1045
f 1079/4196/1046 1080/4195/1046 1101/4194/1046 1102/4193/1046
f 1081/4200/1047 1104/4199/1047 1103/4198/1047 1080/4197/1047
f 1083/4204/1048 1105/4203/1048 1104/4202/1048 1081/4201/1048
f 1085/4208/1049 1106/4207/1049 1105/4206/1049 1083/4205/1049
f 1087/4212/1050 1107/4211/1050 1106/4210/1050 1085/4209/1050
f 1089/4216/1051 1108/4215/1051 1107/4214/1051 1087/4213/1051
f 1091/4220/1052 1109/4219/1052 1108/4218/1052 1089/4217/1052
f 1093/4224/1053 1110/4223/1053 1109/4222/1053 1091/4221/1053
f 1095/4228/1054 1111/4227/1054 1110/4226/1054 1093/4225/1054
f 1097/4232/1055 1112/4231/1055 1111/4230/1055 1095/4229/1055
f 1099/4236/1056 1113/4235/1056 1112/4234/1056 1097/4233/1056
f 1101/4240/1057 1114/4239/1057 1113/4238/1057 1099/4237/1057
f 1080/4244/1058 1103/4243/1058 1114/4242/1058 1101/4241/1058
f 1104/4248/1059 1116/4247/1059 1115/4246/1059 1103/4245/1059
f 1105/4252/1060 1117/4251/1060 1116/4250/1060 1104/4249/1060
f 1106/4256/1061 1118/4255/1061 1117/4254/1061 1105/4253/1061
f 1107/4260/1062 1119/4259/1062 1118/4258/1062 1106/4257/1062
f 1108/4264/1063 1120/4263/1063 1119/4262/1063 1107/4261/1063
f 1109/4268/1064 1121/4267/1064 1120/4266/1064 1108/4265/1064
f 1110/4272/1065 1122/4271/1065 1121/4270/1065 1109/4269/1065
f 1111/4276/1066 1123/4275/1066 1122/4274/1066 1110/4273/1066
f 1112/4280/1067 1124/4279/1067 1123/4278/1067 1111/4277/1067
f 1113/4284/1068 1125/4283/1068 1124/4282/1068 1112/4281/1068
f 1114/4288/1069 1126/4287/1069 1125/4286/1069 1113/4285/1069
f 1103/4292/1070 1115/4291/1070 1126/4290/1070 1114/4289/1070
f 1116/4296/1071 1128/4295/1071 1127/4294/1071 1115/4293/1071
f 1117/4300/1072 1129/4299/1072 1128/4298/1072 1116/4297/1072
f 1118/4304/1073 1130/4303/1073 1129/4302/1073 1117/4301/1073
f 1119/4308/1074 1131/4307/1074 1130/4306/1074 1118/4305/1074
f 1120/4312/1075 1132/4311/1075 1131/4310/1075 1119/4309/1075
f 1121/4316/1076 1133/4315/1076 1132/4314/1076 1120/4313/1076
f 1122/4320/1077 1134/4319/1077 1133/4318/1077 1121/4317/1077
f 1123/4324/1078 1135/4323/1078 1134/4322/1078 1122/4321/1078
f 1124/4328/1079 1136/4327/1079 1135/4326/1079 1123/4325/1079
f 1125/4332/1080 1137/4331/1080 1136/4330/1080 1124/4329/1080
f 1126/4336/1081 1138/4335/1081 1137/4334/1081 1125/4333/1081
f 1115/4340/1082 1127/4339/1082 1138/4338/1082 1126/4337/1082
f 1128/4344/1083 1140/4343/1083 1139/4342/1083 1127/4341/1083
f 1129/4348/1084 1141/4347/1084 1140/4346/1084 1128/4345/1084
f 1130/4352/1085 1142/4351/1085 1141/4350/1085 1129/4349/1085
f 1131/4356/1086 1143/4355/1086 1142/4354/1086 1130/4353/1086
f 1132/4360/1087 1144/4359/1087 1143/4358/1087 1131/4357/1087
f 1133/4364/1088 1145/4363/1088 1144/4362/1088 1132/4361/1088
f 1134/4368/1089 1146/4367/1089 1145/4366/1089 1133/4365/1089
f 1135/4372/1090 1147/4371/1090 1146/4370/1090 1134/4369/1090
f 1136/4376/1091 1148/4375/1091 1147/4374/1091 1135/4373/1091
f 1137/4380/1092 1149/4379/1092 1148/4378/1092 1136/4377/1092
f 1138/4384/1093 1150/4383/1093 1149/4382/1093 1137/4381/1093
f 1127/4388/1094 1139/4387/1094 1150/4386/1094 1138/4385/1094
f 1140/4392/1095 1152/4391/1095 1151/4390/1095 1139/4389/1095
f 1141/4396/1096 1153/4395/1096 1152/4394/1096 1140/4393/1096
f 1142/4400/1097 1154/4399/1097 1153/4398/1097 1141/4397/1097
f 1143/4404/1098 1155/4403/1098 1154/4402/1098 1142/4401/1098
f 1144/4408/1099 1156/4407/1099 1155/4406/1099 1143/4405/1099
f 1145/4412/1100 1157/4411/1100 1156/4410/1100 1144/4409/1100
f 1146/4416/1101 1158/4415/1101 1157/4414/1101 1145/4413/1101
f 1147/4420/1102 1159/4419/1102 1158/4418/1102 1146/4417/1102
f 1148/4424/1103 1160/4423/1103 1159/4422/1103 1147/4421/1103
f 1149/4428/1104 1161/4427/1104 1160/4426/1104 1148/4425/1104
f 1150/4432/1105 1162/4431/1105 1161/4430/1105 1149/4429/1105
f 1139/4436/1106 1151/4435/1106 1162/4434/1106 1150/4433/1106
f 1152/4440/1107 1164/4439/1107 1163/4438/1107 1151/4437/1107
f 1153/4444/1108 1165/4443/1108 1164/4442/1108 1152/4441/1108
f 1154/4448/1109 1166/4447/1109 1165/4446/1109 1153/4445/1109
f 1155/4452/1110 1167/4451/1110 1166/4450/1110 1154/4449/1110
f 1156/4456/1111 1168/4455/1111 1167/4454/1111 1155/4453/1111
f 1157/4460/1112 1169/4459/1112 1168/4458/1112 1156/4457/1112
f 1158/4464/1113 1170/4463/1113 1169/4462/1113 1157/4461/1113
f 1159/4468/1114 1171/4467/1114 1170/4466/1114 1158/4465/1114
f 1160/4472/1115 1172/4471/1115 1171/4470/1115 1159/4469/1115
f 1161/4476/1116 1173/4475/1116 1172/4474/1116 1160/4473/1116
f 1162/4480/1117 1174/4479/1117 1173/4478/1117 1161/4477/1117
f 1151/4484/1118 1163/4483/1118 1174/4482/1118 1162/4481/1118
f 1164/4488/1119 1176/4487/1119 1175/4486/1119 1163/4485/1119
f 1165/4492/1120 1177/4491/1120 1176/4490/1120 1164/4489/1120
f 1166/4496/1121 1178/4495/1121 1177/4494/1121 1165/4493/1121
f 1167/4500/1122 1179/4499/1122 1178/4498/1122 1166/4497/1122
f 1168/4504/1123 1180/4503/1123 1179/4502/1123 1167/4501/1123
f 1169/4508/1124 1181/4507/1124 1180/4506/1124 1168/4505/1124
f 1170/4512/1125 1182/4511/1125 1181/4510/1125 1169/4509/1125
f 1171/4516/1126 1183/4515/1126 1182/4514/1126 1170/4513/1126
f 1172/4520/1127 1184/4519/1127 1183/4518/1127 1171/4517/1127
f 1173/4524/1128 1185/4523/1128 1184/4522/1128 1172/4521/1128
f 1174/4528/1129 1186/4527/1129 1185/4526/1129 1173/4525/1129
f 1163/4532/1130 1175/4531/1130 1186/4530/1130 1174/4529/1130
f 1176/4536/1131 1188/4535/1131 1187/4534/1131 1175/4533/1131
f 1177/4540/1132 1189/4539/1132 1188/4538/1132 1176/4537/1132
f 1178/4544/1133 1190/4543/1133 1189/4542/1133 1177/4541/1133
f 1179/4548/1134 1191/4547/1134 1190/4546/1134 1178/4545/1134
f 1180/4552/1135 1192/4551/1135 1191/4550/1135 1179/4549/1135
f 1181/4556/1136 1193/4555/1136 1192/4554/1136 1180/4553/1136
f 1182/4560/1137 1194/4559/1137 1193/4558/1137 1181/4557/1137
f 1183/4564/1138 1195/4563/1138 1194/4562/1138 1182/4561/1138
f 1184/4568/1139 1196/4567/1139 1195/4566/1139 1183/4565/1139
f 1185/4572/1140 1197/4571/1140 1196/4570/1140 1184/4569/1140
f 1186/4576/1141 1198/4575/1141 1197/4574/1141 1185/4573/1141
f 1175/4580/1142 1187/4579/1142 1198/4578/1142 1186/4577/1142
f 1188/4584/1143 1200/4583/1143 1199/4582/1143 1187/4581/1143
f 1189/4588/1144 1201/4587/1144 1200/4586/1144 1188/4585/1144
f 1190/4592/1145 1202/4591/1145 1201/4590/1145 1189/4589/1145
f 1191/4596/1146 1203/4595/1146 1202/4594/1146 1190/4593/1146
f 1192/4600/1147 1204/4599/1147 1203/4598/1147 1191/4597/1147
f 1193/4604/1148 1205/4603/1148 1204/4602/1148 1192/4601/1148
f 1194/4608/1149 1206/4607/1149 1205/4606/1149 1193/4605/1149
f 1195/4612/1150 1207/4611/1150 1206/4610/1150 1194/4609/1150
f 1196/4616/1151 1208/4615/1151 1207/4614/1151 1195/4613/1151
f 1197/4620/1152 1209/4619/1152 1208/4618/1152 1196/4617/1152
f 1198/4624/1153 1210/4623/1153 1209/4622/1153 1197/4621/1153
f 1187/4628/1154 1199/4627/1154 1210/4626/1154 1198/4625/1154
f 1200/4632/1155 1212/4631/1155 1211/4630/1155 1199/4629/1155
f 1201/4636/1156 1213/4635/1156 1212/4634/1156 1200/4633/1156
f 1202/4640/1157 1214/4639/1157 1213/4638/1157 1201/4637/1157
f 1203/4644/1158 1215/4643/1158 1214/4642/1158 1202/4641/1158
f 1204/4648/1159 1216/4647/1159 1215/4646/1159 1203/4645/1159
f 1205/4652/1160 1217/4651/1160 1216/4650/1160 1204/4649/1160
f 1206/4656/1161 1218/4655/1161 1217/4654/1161 1205/4653/1161
f 1207/4660/1162 1219/4659/1162 1218/4658/1162 1206/4657/1162
f 1208/4664/1163 1220/4663/1163 1219/4662/1163 1207/4661/1163
f 1209/4668/1164 1221/4667/1164 1220/4666/1164 1208/4665/1164
f 1210/4672/1165 1222/4671/1165 1221/4670/1165 1209/4669/1165
f 1199/4676/1166 1211/4675/1166 1222/4674/1166 1210/4673/1166
f 1212/4680/1167 1082/4679/1167 1079/4678/1167 1211/4677/1167
f 1213/4684/1168 1084/4683/1168 1082/4682/1168 1212/4681/1168
f 1214/4688/1169 1086/4687/1169 1084/4686/1169 1213/4685/1169
f 1215/4692/1170 1088/4691/1170 1086/4690/1170 1214/4689/1170
f 1216/4696/1171 1090/4695/1171 1088/4694/1171 1215/4693/1171
f 1217/4700/1172 1092/4699/1172 1090/4698/1172 1216/4697/1172
f 1218/4704/1173 1094/4703/1173 1092/4702/1173 1217/4701/1173
f 1219/4708/1174 1096/4707/1174 1094/4706/1174 1218/4705/1174
f 1220/4712/1175 1098/4711/1175 1096/4710/1175 1219/4709/1175
f 1221/4716/1176 1100/4715/1176 1098/4714/1176 1220/4713/1176
f 1222/4720/1177 1102/4719/1177 1100/4718/1177 1221/4717/1177
f 1211/4724/1178 1079/4723/1178 1102/4722/1178 1222/4721/1178
o group1647464667
g mesh1647464667
usemtl mat23
f 1270/4888/1225 1269/4887/1225 1268/4886/1225 1267/4885/1225
f 1272/4892/1226 1271/4891/1226 1269/4890/1226 1270/4889/1226
f 1274/4896/1227 1273/4895/1227 1271/4894/1227 1272/4893/1227
f 1276/4900/1228 1275/4899/1228 1273/4898/1228 1274/4897/1228
f 1278/4904/1229 1277/4903/1229 1275/4902/1229 1276/4901/1229
f 1280/4908/1230 1279/4907/1230 1277/4906/1230 1278/4905/1230
f 1282/4912/1231 1281/4911/1231 1279/4910/1231 1280/4909/1231
f 1284/4916/1232 1283/4915/1232 1281/4914/1232 1282/4913/1232
f 1286/4920/1233 1285/4919/1233 1283/4918/1233 1284/4917/1233
f 1288/4924/1234 1287/4923/1234 1285/4922/1234 1286/4921/1234
f 1290/4928/1235 1289/4927/1235 1287/4926/1235 1288/4925/1235
f 1267/4932/1236 1268/4931/1236 1289/4930/1236 1290/4929/1236
f 1269/4936/1237 1292/4935/1237 1291/4934/1237 1268/4933/1237
f 1271/4940/1238 1293/4939/1238 1292/4938/1238 1269/4937/1238
f 1273/4944/1239 1294/4943/1239 1293/4942/1239 1271/4941/1239
f 1275/4948/1240 1295/4947/1240 1294/4946/1240 1273/4945/1240
f 1277/4952/1241 1296/4951/1241 1295/4950/1241 1275/4949/1241
f 1279/4956/1242 1297/4955/1242 1296/4954/1242 1277/4953/1242
f 1281/4960/1243 1298/4959/1243 1297/4958/1243 1279/4957/1243
f 1283/4964/1244 1299/4963/1244 1298/4962/1244 1281/4961/1244
f 1285/4968/1245 1300/4967/1245 1299/4966/1245 1283/4965/1245
f 1287/4972/1246 1301/4971/1246 1300/4970/1246 1285/4969/1246
f 1289/4976/1247 1302/4975/1247 1301/4974/1247 1287/4973/1247
f 1268/4980/1248 1291/4979/1248 1302/4978/1248 1289/4977/1248
f 1292/4984/1249 1304/4983/1249 1303/4982/1249 1291/4981/1249
f 1293/4988/1250 1305/4987/1250 1304/4986/1250 1292/4985/1250
f 1294/4992/1251 1306/4991/1251 1305/4990/1251 1293/4989/1251
f 1295/4996/1252 1307/4995/1252 1306/4994/1252 1294/4993/1252
f 1296/5000/1253 1308/4999/1253 1307/4998/1253 1295/4997/1253
f 1297/5004/1254 1309/5003/1254 1308/5002/1254 1296/5001/1254
f 1298/5008/1255 1310/5007/1255 1309/5006/1255 1297/5005/1255
f 1299/5012/1256 1311/5011/1256 1310/5010/1256 1298/5009/1256
f 1300/5016/1257 1312/5015/1257 1311/5014/1257 1299/5013/1257
f 1301/5020/1258 1313/5019/1258 1312/5018/1258 1300/5017/1258
f 1302/5024/1259 1314/5023/1259 1313/5022/1259 1301/5021/1259
f 1291/5028/1260 1303/5027/1260 1314/5026/1260 1302/5025/1260
f 1304/5032/1261 1316/5031/1261 1315/5030/1261 1303/5029/1261
f 1305/5036/1262 1317/5035/1262 1316/5034/1262 1304/5033/1262
f 1306/5040/1263 1318/5039/1263 1317/5038/1263 1305/5037/1263
f 1307/5044/1264 1319/5043/1264 1318/5042/1264 1306/5041/1264
f 1308/5048/1265 1320/5047/1265 1319/5046/1265 1307/5045/1265
f 1309/5052/1266 1321/5051/1266 1320/5050/1266 1308/5049/1266
f 1310/5056/1267 1322/5055/1267 1321/5054/1267 1309/5053/1267
f 1311/5060/1268 1323/5059/1268 1322/5058/1268 1310/5057/1268
f 1312/5064/1269 1324/5063/1269 1323/5062/1269 1311/5061/1269
f 1313/5068/1270 1325/5067/1270 1324/5066/1270 1312/5065/1270
f 1314/5072/1271 1326/5071/1271 1325/5070/1271 1313/5069/1271
f 1303/5076/1272 1315/5075/1272 1326/5074/1272 1314/5073/1272
f 1316/5080/1273 1328/5079/1273 1327/5078/1273 1315/5077/1273
f 1317/5084/1274 1329/5083/1274 1328/5082/1274 1316/5081/1274
f 1318/5088/1275 1330/5087/1275 1329/5086/1275 1317/5085/1275
f 1319/5092/1276 1331/5091/1276 1330/5090/1276 1318/5089/1276
f 1320/5096/1277 1332/5095/1277 1331/5094/1277 1319/5093/1277
f 1321/5100/1278 1333/5099/1278 1332/5098/1278 1320/5097/1278
f 1322/5104/1279 1334/5103/1279 1333/5102/1279 1321/5101/1279
f 1323/5108/1280 1335/5107/1280 1334/5106/1280 1322/5105/1280
f 1324/5112/1281 1336/5111/1281 1335/5110/1281 1323/5109/1281
f 1325/5116/1282 1337/5115/1282 1336/5114/1282 1324/5113/1282
f 1326/5120/1283 1338/5119/1283 1337/5118/1283 1325/5117/1283
f 1315/5124/1284 1327/5123/1284 1338/5122/1284 1326/5121/1284
f 1328/5128/1285 1340/5127/1285 1339/5126/1285 1327/5125/1285
f 1329/5132/1286 1341/5131/1286 1340/5130/1286 1328/5129/1286
f 1330/5136/1287 1342/5135/1287 1341/5134/1287 1329/5133/1287
f 1331/5140/1288 1343/5139/1288 1342/5138/1288 1330/5137/1288
f 1332/5144/1289 1344/5143/1289 1343/5142/1289 1331/5141/1289
f 1333/5148/1290 1345/5147/1290 1344/5146/1290 1332/5145/1290
f 1334/5152/1291 1346/5151/1291 1345/5150/1291 1333/5149/1291
f 1335/5156/1292 1347/5155/1292 1346/5154/1292 1334/5153/1292
f 1336/5160/1293 1348/5159/1293 1347/5158/1293 1335/5157/1293
f 1337/5164/1294 1349/5163/1294 1348/5162/1294 1336/5161/1294
f 1338/5168/1295 1350/5167/1295 1349/5166/1295 1337/5165/1295
f 1327/5172/1296 1339/5171/1296 1350/5170/1296 1338/5169/1296
f 1340/5176/1297 1352/5175/1297 1351/5174/1297 1339/5173/1297
f 1341/5180/1298 1353/5179/1298 1352/5178/1298 1340/5177/1298
f 1342/5184/1299 1354/5183/1299 1353/5182/1299 1341/5181/1299
f 1343/5188/1300 1355/5187/1300 1354/5186/1300 1342/5185/1300
f 1344/5192/1301 1356/5191/1301 1355/5190/1301 1343/5189/1301
f 1345/5196/1302 1357/5195/1302 1356/5194/1302 1344/5193/1302
f 1346/5200/1303 1358/5199/1303 1357/5198/1303 1345/5197/1303
f 1347/5204/1304 1359/5203/1304 1358/5202/1304 1346/5201/1304
f 1348/5208/1305 1360/5207/1305 1359/5206/1305 1347/5205/1305
f 1349/5212/1306 1361/5211/1306 1360/5210/1306 1348/5209/1306
f 1350/5216/1307 1362/5215/1307 1361/5214/1307 1349/5213/1307
f 1339/5220/1308 1351/5219/1308 1362/5218/1308 1350/5217/1308
f 1352/5224/1309 1364/5223/1309 1363/5222/1309 1351/5221/1309
f 1353/5228/1310 1365/5227/1310 1364/5226/1310 1352/5225/1310
f 1354/5232/1311 1366/5231/1311 1365/5230/1311 1353/5229/1311
f 1355/5236/1312 1367/5235/1312 1366/5234/1312 1354/5233/1312
f 1356/5240/1313 1368/5239/1313 1367/5238/1313 1355/5237/1313
f 1357/5244/1314 1369/5243/1314 1368/5242/1314 1356/5241/1314
f 1358/5248/1315 1370/5247/1315 1369/5246/1315 1357/5245/1315
f 1359/5252/1316 1371/5251/1316 1370/5250/1316 1358/5249/1316
f 1360/5256/1317 1372/5255/1317 1371/5254/1317 1359/5253/1317
f 1361/5260/1318 1373/5259/1318 1372/5258/1318 1360/5257/1318
f 1362/5264/1319 1374/5263/1319 1373/5262/1319 1361/5261/1319
f 1351/5268/1320 1363/5267/1320 1374/5266/1320 1362/5265/1320
f 1364/5272/1321 1376/5271/1321 1375/5270/1321 1363/5269/1321
f 1365/5276/1322 1377/5275/1322 1376/5274/1322 1364/5273/1322
f 1366/5280/1323 1378/5279/1323 1377/5278/1323 1365/5277/1323
f 1367/5284/1324 1379/5283/1324 1378/5282/1324 1366/5281/1324
f 1368/5288/1325 1380/5287/1325 1379/5286/1325 1367/5285/1325
f 1369/5292/1326 1381/5291/1326 1380/5290/1326 1368/5289/1326
f 1370/5296/1327 1382/5295/1327 1381/5294/1327 1369/5293/1327
f 1371/5300/1328 1383/5299/1328 1382/5298/1328 1370/5297/1328
f 1372/5304/1329 1384/5303/1329 1383/5302/1329 1371/5301/1329
f 1373/5308/1330 1385/5307/1330 1384/5306/1330 1372/5305/1330
f 1374/5312/1331 1386/5311/1331 1385/5310/1331 1373/5309/1331
f 1363/5316/1332 1375/5315/1332 1386/5314/1332 1374/5313/1332
f 1376/5320/1333 1388/5319/1333 1387/5318/1333 1375/5317/1333
f 1377/5324/1334 1389/5323/1334 1388/5322/1334 1376/5321/1334
f 1378/5328/1335 1390/5327/1335 1389/5326/1335 1377/5325/1335
f 1379/5332/1336 1391/5331/1336 1390/5330/1336 1378/5329/1336
f 1380/5336/1337 1392/5335/1337 1391/5334/1337 1379/5333/1337
f 1381/5340/1338 1393/5339/1338 1392/5338/1338 1380/5337/1338
f 1382/5344/1339 1394/5343/1339 1393/5342/1339 1381/5341/1339
f 1383/5348/1340 1395/5347/1340 1394/5346/1340 1382/5345/1340
f 1384/5352/1341 1396/5351/1341 1395/5350/1341 1383/5349/1341
f 1385/5356/1342 1397/5355/1342 1396/5354/1342 1384/5353/1342
f 1386/5360/1343 1398/5359/1343 1397/5358/1343 1385/5357/1343
f 1375/5364/1344 1387/5363/1344 1398/5362/1344 1386/5361/1344
f 1388/5368/1345 1400/5367/1345 1399/5366/1345 1387/5365/1345
f 1389/5372/1346 1401/5371/1346 1400/5370/1346 1388/5369/1346
f 1390/5376/1347 1402/5375/1347 1401/5374/1347 1389/5373/1347
f 1391/5380/1348 1403/5379/1348 1402/5378/1348 1390/5377/1348
f 1392/5384/1349 1404/5383/1349 1403/5382/1349 1391/5381/1349
f 1393/5388/1350 1405/5387/1350 1404/5386/1350 1392/5385/1350
f 1394/5392/1351 1406/5391/1351 1405/5390/1351 1393/5389/1351
f 1395/5396/1352 1407/5395/1352 1406/5394/1352 1394/5393/1352
f 1396/5400/1353 1408/5399/1353 1407/5398/1353 1395/5397/1353
f 1397/5404/1354 1409/5403/1354 1408/5402/1354 1396/5401/1354
f 1398/5408/1355 1410/5407/1355 1409/5406/1355 1397/5405/1355
f 1387/5412/1356 1399/5411/1356 1410/5410/1356 1398/5409/1356
f 1400/5416/1357 1270/5415/1357 1267/5414/1357 1399/5413/1357
f 1401/5420/1358 1272/5419/1358 1270/5418/1358 1400/5417/1358
f 1402/5424/1359 1274/5423/1359 1272/5422/1359 1401/5421/1359
f 1403/5428/1360 1276/5427/1360 1274/5426/1360 1402/5425/1360
f 1404/5432/1361 1278/5431/1361 1276/5430/1361 1403/5429/1361
f 1405/5436/1362 1280/5435/1362 1278/5434/1362 1404/5433/1362
f 1406/5440/1363 1282/5439/1363 1280/5438/1363 1405/5437/1363
f 1407/5444/1364 1284/5443/1364 1282/5442/1364 1406/5441/1364
f 1408/5448/1365 1286/5447/1365 1284/5446/1365 1407/5445/1365
f 1409/5452/1366 1288/5451/1366 1286/5450/1366 1408/5449/1366
f 1410/5456/1367 1290/5455/1367 1288/5454/1367 1409/5453/1367
f 1399/5460/1368 1267/5459/1368 1290/5458/1368 1410/5457/1368
usemtl mat17
f 1414/5464/1369 1413/5463/1369 1412/5462/1369 1411/5461/1369
f 1416/5468/1370 1415/5467/1370 1413/5466/1370 1414/5465/1370
f 1418/5472/1371 1417/5471/1371 1415/5470/1371 1416/5469/1371
f 1420/5476/1372 1419/5475/1372 1417/5474/1372 1418/5473/1372
f 1422/5480/1373 1421/5479/1373 1419/5478/1373 1420/5477/1373
f 1424/5484/1374 1423/5483/1374 1421/5482/1374 1422/5481/1374
f 1426/5488/1375 1425/5487/1375 1423/5486/1375 1424/5485/1375
f 1428/5492/1376 1427/5491/1376 1425/5490/1376 1426/5489/1376
f 1430/5496/1377 1429/5495/1377 1427/5494/1377 1428/5493/1377
f 1432/5500/1378 1431/5499/1378 1429/5498/1378 1430/5497/1378
f 1434/5504/1379 1433/5503/1379 1431/5502/1379 1432/5501/1379
f 1411/5508/1380 1412/5507/1380 1433/5506/1380 1434/5505/1380
f 1413/5512/1381 1436/5511/1381 1435/5510/1381 1412/5509/1381
f 1415/5516/1382 1437/5515/1382 1436/5514/1382 1413/5513/1382
f 1417/5520/1383 1438/5519/1383 1437/5518/1383 1415/5517/1383
f 1419/5524/1384 1439/5523/1384 1438/5522/1384 1417/5521/1384
f 1421/5528/1385 1440/5527/1385 1439/5526/1385 1419/5525/1385
f 1423/5532/1386 1441/5531/1386 1440/5530/1386 1421/5529/1386
f 1425/5536/1387 1442/5535/1387 1441/5534/1387 1423/5533/1387
f 1427/5540/1388 1443/5539/1388 1442/5538/1388 1425/5537/1388
f 1429/5544/1389 1444/5543/1389 1443/5542/1389 1427/5541/1389
f 1431/5548/1390 1445/5547/1390 1444/5546/1390 1429/5545/1390
f 1433/5552/1391 1446/5551/1391 1445/5550/1391 1431/5549/1391
f 1412/5556/1392 1435/5555/1392 1446/5554/1392 1433/5553/1392
f 1436/5560/1393 1448/5559/1393 1447/5558/1393 1435/5557/1393
f 1437/5564/1394 1449/5563/1394 1448/5562/1394 1436/5561/1394
f 1438/5568/1395 1450/5567/1395 1449/5566/1395 1437/5565/1395
f 1439/5572/1396 1451/5571/1396 1450/5570/1396 1438/5569/1396
f 1440/5576/1397 1452/5575/1397 1451/5574/1397 1439/5573/1397
f 1441/5580/1398 1453/5579/1398 1452/5578/1398 1440/5577/1398
f 1442/5584/1399 1454/5583/1399 1453/5582/1399 1441/5581/1399
f 1443/5588/1400 1455/5587/1400 1454/5586/1400 1442/5585/1400
f 1444/5592/1401 1456/5591/1401 1455/5590/1401 1443/5589/1401
f 1445/5596/1402 1457/5595/1402 1456/5594/1402 1444/5593/1402
f 1446/5600/1403 1458/5599/1403 1457/5598/1403 1445/5597/1403
f 1435/5604/1404 1447/5603/1404 1458/5602/1404 1446/5601/1404
f 1448/5608/1405 1460/5607/1405 1459/5606/1405 1447/5605/1405
f 1449/5612/1406 1461/5611/1406 1460/5610/1406 1448/5609/1406
f 1450/5616/1407 1462/5615/1407 1461/5614/1407 1449/5613/1407
f 1451/5620/1408 1463/5619/1408 1462/5618/1408 1450/5617/1408
f 1452/5624/1409 1464/5623/1409 1463/5622/1409 1451/5621/1409
f 1453/5628/1410 1465/5627/1410 1464/5626/1410 1452/5625/1410
f 1454/5632/1411 1466/5631/1411 1465/5630/1411 1453/5629/1411
f 1455/5636/1412 1467/5635/1412 1466/5634/1412 1454/5633/1412
f 1456/5640/1413 1468/5639/1413 1467/5638/1413 1455/5637/1413
f 1457/5644/1414 1469/5643/1414 1468/5642/1414 1456/5641/1414
f 1458/5648/1415 1470/5647/1415 1469/5646/1415 1457/5645/1415
f 1447/5652/1416 1459/5651/1416 1470/5650/1416 1458/5649/1416
f 1460/5656/1417 1472/5655/1417 1471/5654/1417 1459/5653/1417
f 1461/5660/1418 1473/5659/1418 1472/5658/1418 1460/5657/1418
f 1462/5664/1419 1474/5663/1419 1473/5662/1419 1461/5661/1419
f 1463/5668/1420 1475/5667/1420 1474/5666/1420 1462/5665/1420
f 1464/5672/1421 1476/5671/1421 1475/5670/1421 1463/5669/1421
f 1465/5676/1422 1477/5675/1422 1476/5674/1422 1464/5673/1422
f 1466/5680/1423 1478/5679/1423 1477/5678/1423 1465/5677/1423
f 1467/5684/1424 1479/5683/1424 1478/5682/1424 1466/5681/1424
f 1468/5688/1425 1480/5687/1425 1479/5686/1425 1467/5685/1425
f 1469/5692/1426 1481/5691/1426 1480/5690/1426 1468/5689/1426
f 1470/5696/1427 1482/5695/1427 1481/5694/1427 1469/5693/1427
f 1459/5700/1428 1471/5699/1428 1482/5698/1428 1470/5697/1428
f 1472/5704/1429 1484/5703/1429 1483/5702/1429 1471/5701/1429
f 1473/5708/1430 1485/5707/1430 1484/5706/1430 1472/5705/1430
f 1474/5712/1431 1486/5711/1431 1485/5710/1431 1473/5709/1431
f 1475/5716/1432 1487/5715/1432 1486/5714/1432 1474/5713/1432
f 1476/5720/1433 1488/5719/1433 1487/5718/1433 1475/5717/1433
f 1477/5724/1434 1489/5723/1434 1488/5722/1434 1476/5721/1434
f 1478/5728/1435 1490/5727/1435 1489/5726/1435 1477/5725/1435
f 1479/5732/1436 1491/5731/1436 1490/5730/1436 1478/5729/1436
f 1480/5736/1437 1492/5735/1437 1491/5734/1437 1479/5733/1437
f 1481/5740/1438 1493/5739/1438 1492/5738/1438 1480/5737/1438
f 1482/5744/1439 1494/5743/1439 1493/5742/1439 1481/5741/1439
f 1471/5748/1440 1483/5747/1440 1494/5746/1440 1482/5745/1440
f 1484/5752/1441 1496/5751/1441 1495/5750/1441 1483/5749/1441
f 1485/5756/1442 1497/5755/1442 1496/5754/1442 1484/5753/1442
f 1486/5760/1443 1498/5759/1443 1497/5758/1443 1485/5757/1443
f 1487/5764/1444 1499/5763/1444 1498/5762/1444 1486/5761/1444
f 1488/5768/1445 1500/5767/1445 1499/5766/1445 1487/5765/1445
f 1489/5772/1446 1501/5771/1446 1500/5770/1446 1488/5769/1446
f 1490/5776/1447 1502/5775/1447 1501/5774/1447 1489/5773/1447
f 1491/5780/1448 1503/5779/1448 1502/5778/1448 1490/5777/1448
f 1492/5784/1449 1504/5783/1449 1503/5782/1449 1491/5781/1449
f 1493/5788/1450 1505/5787/1450 1504/5786/1450 1492/5785/1450
f 1494/5792/1451 1506/5791/1451 1505/5790/1451 1493/5789/1451
f 1483/5796/1452 1495/5795/1452 1506/5794/1452 1494/5793/1452
f 1496/5800/1453 1508/5799/1453 1507/5798/1453 1495/5797/1453
f 1497/5804/1454 1509/5803/1454 1508/5802/1454 1496/5801/1454
f 1498/5808/1455 1510/5807/1455 1509/5806/1455 1497/5805/1455
f 1499/5812/1456 1511/5811/1456 1510/5810/1456 1498/5809/1456
f 1500/5816/1457 1512/5815/1457 1511/5814/1457 1499/5813/1457
f 1501/5820/1458 1513/5819/1458 1512/5818/1458 1500/5817/1458
f 1502/5824/1459 1514/5823/1459 1513/5822/1459 1501/5821/1459
f 1503/5828/1460 1515/5827/1460 1514/5826/1460 1502/5825/1460
f 1504/5832/1461 1516/5831/1461 1515/5830/1461 1503/5829/1461
f 1505/5836/1462 1517/5835/1462 1516/5834/1462 1504/5833/1462
f 1506/5840/1463 1518/5839/1463 1517/5838/1463 1505/5837/1463
f 1495/5844/1464 1507/5843/1464 1518/5842/1464 1506/5841/1464
f 1508/5848/1465 1520/5847/1465 1519/5846/1465 1507/5845/1465
f 1509/5852/1466 1521/5851/1466 1520/5850/1466 1508/5849/1466
f 1510/5856/1467 1522/5855/1467 1521/5854/1467 1509/5853/1467
f 1511/5860/1468 1523/5859/1468 1522/5858/1468 1510/5857/1468
f 1512/5864/1469 1524/5863/1469 1523/5862/1469 1511/5861/1469
f 1513/5868/1470 1525/5867/1470 1524/5866/1470 1512/5865/1470
f 1514/5872/1471 1526/5871/1471 1525/5870/1471 1513/5869/1471
f 1515/5876/1472 1527/5875/1472 1526/5874/1472 1514/5873/1472
f 1516/5880/1473 1528/5879/1473 1527/5878/1473 1515/5877/1473
f 1517/5884/1474 1529/5883/1474 1528/5882/1474 1516/5881/1474
f 1518/5888/1475 1530/5887/1475 1529/5886/1475 1517/5885/1475
f 1507/5892/1476 1519/5891/1476 1530/5890/1476 1518/5889/1476
f 1520/5896/1477 1532/5895/1477 1531/5894/1477 1519/5893/1477
f 1521/5900/1478 1533/5899/1478 1532/5898/1478 1520/5897/1478
f 1522/5904/1479 1534/5903/1479 1533/5902/1479 1521/5901/1479
f 1523/5908/1480 1535/5907/1480 1534/5906/1480 1522/5905/1480
f 1524/5912/1481 1536/5911/1481 1535/5910/1481 1523/5909/1481
f 1525/5916/1482 1537/5915/1482 1536/5914/1482 1524/5913/1482
f 1526/5920/1483 1538/5919/1483 1537/5918/1483 1525/5917/1483
f 1527/5924/1484 1539/5923/1484 1538/5922/1484 1526/5921/1484
f 1528/5928/1485 1540/5927/1485 1539/5926/1485 1527/5925/1485
f 1529/5932/1486 1541/5931/1486 1540/5930/1486 1528/5929/1486
f 1530/5936/1487 1542/5935/1487 1541/5934/1487 1529/5933/1487
f 1519/5940/1488 1531/5939/1488 1542/5938/1488 1530/5937/1488
f 1532/5944/1489 1544/5943/1489 1543/5942/1489 1531/5941/1489
f 1533/5948/1490 1545/5947/1490 1544/5946/1490 1532/5945/1490
f 1534/5952/1491 1546/5951/1491 1545/5950/1491 1533/5949/1491
f 1535/5956/1492 1547/5955/1492 1546/5954/1492 1534/5953/1492
f 1536/5960/1493 1548/5959/1493 1547/5958/1493 1535/5957/1493
f 1537/5964/1494 1549/5963/1494 1548/5962/1494 1536/5961/1494
f 1538/5968/1495 1550/5967/1495 1549/5966/1495 1537/5965/1495
f 1539/5972/1496 1551/5971/1496 1550/5970/1496 1538/5969/1496
f 1540/5976/1497 1552/5975/1497 1551/5974/1497 1539/5973/1497
f 1541/5980/1498 1553/5979/1498 1552/5978/1498 1540/5977/1498
f 1542/5984/1499 1554/5983/1499 1553/5982/1499 1541/5981/1499
f 1531/5988/1500 1543/5987/1500 1554/5986/1500 1542/5985/1500
f 1544/5992/1501 1414/5991/1501 1411/5990/1501 1543/5989/1501
f 1545/5996/1502 1416/5995/1502 1414/5994/1502 1544/5993/1502
f 1546/6000/1503 1418/5999/1503 1416/5998/1503 1545/5997/1503
f 1547/6004/1504 1420/6003/1504 1418/6002/1504 1546/6001/1504
f 1548/6008/1505 1422/6007/1505 1420/6006/1505 1547/6005/1505
f 1549/6012/1506 1424/6011/1506 1422/6010/1506 1548/6009/1506
f 1550/6016/1507 1426/6015/1507 1424/6014/1507 1549/6013/1507
f 1551/6020/1508 1428/6019/1508 1426/6018/1508 1550/6017/1508
f 1552/6024/1509 1430/6023/1509 1428/6022/1509 1551/6021/1509
f 1553/6028/1510 1432/6027/1510 1430/6026/1510 1552/6025/1510
f 1554/6032/1511 1434/6031/1511 1432/6030/1511 1553/6029/1511
f 1543/6036/1512 1411/6035/1512 1434/6034/1512 1554/6033/1512
usemtl mat15
f 1558/6040/1513 1557/6039/1513 1556/6038/1513 1555/6037/1513
f 1557/6044/1514 1560/6043/1514 1559/6042/1514 1556/6041/1514
f 1560/6048/1515 1562/6047/1515 1561/6046/1515 1559/6045/1515
f 1562/6052/1516 1564/6051/1516 1563/6050/1516 1561/6049/1516
f 1564/6056/1517 1566/6055/1517 1565/6054/1517 1563/6053/1517
f 1566/6060/1518 1568/6059/1518 1567/6058/1518 1565/6057/1518
f 1568/6064/1519 1570/6063/1519 1569/6062/1519 1567/6061/1519
f 1570/6068/1520 1572/6067/1520 1571/6066/1520 1569/6065/1520
f 1572/6072/1521 1574/6071/1521 1573/6070/1521 1571/6069/1521
f 1574/6076/1522 1576/6075/1522 1575/6074/1522 1573/6073/1522
f 1576/6080/1523 1578/6079/1523 1577/6078/1523 1575/6077/1523
f 1578/6084/1524 1558/6083/1524 1555/6082/1524 1577/6081/1524
f 1555/6096/1525 1556/6095/1525 1559/6094/1525 1561/6093/1525 1563/6092/1525 1565/6091/1525 1567/6090/1525 1569/6089/1525 1571/6088/1525 1573/6087/1525 1575/6086/1525 1577/6085/1525
f 1578/6108/1526 1576/6107/1526 1574/6106/1526 1572/6105/1526 1570/6104/1526 1568/6103/1526 1566/6102/1526 1564/6101/1526 1562/6100/1526 1560/6099/1526 1557/6098/1526 1558/6097/1526
usemtl mat21
f 1582/6112/1527 1581/6111/1527 1580/6110/1527 1579/6109/1527
f 1584/6116/1528 1583/6115/1528 1581/6114/1528 1582/6113/1528
f 1586/6120/1529 1585/6119/1529 1583/6118/1529 1584/6117/1529
f 1588/6124/1530 1587/6123/1530 1585/6122/1530 1586/6121/1530
f 1590/6128/1531 1589/6127/1531 1587/6126/1531 1588/6125/1531
f 1592/6132/1532 1591/6131/1532 1589/6130/1532 1590/6129/1532
f 1594/6136/1533 1593/6135/1533 1591/6134/1533 1592/6133/1533
f 1596/6140/1534 1595/6139/1534 1593/6138/1534 1594/6137/1534
f 1598/6144/1535 1597/6143/1535 1595/6142/1535 1596/6141/1535
f 1600/6148/1536 1599/6147/1536 1597/6146/1536 1598/6145/1536
f 1602/6152/1537 1601/6151/1537 1599/6150/1537 1600/6149/1537
f 1579/6156/1538 1580/6155/1538 1601/6154/1538 1602/6153/1538
f 1581/6160/1539 1604/6159/1539 1603/6158/1539 1580/6157/1539
f 1583/6164/1540 1605/6163/1540 1604/6162/1540 1581/6161/1540
f 1585/6168/1541 1606/6167/1541 1605/6166/1541 1583/6165/1541
f 1587/6172/1542 1607/6171/1542 1606/6170/1542 1585/6169/1542
f 1589/6176/1543 1608/6175/1543 1607/6174/1543 1587/6173/1543
f 1591/6180/1544 1609/6179/1544 1608/6178/1544 1589/6177/1544
f 1593/6184/1545 1610/6183/1545 1609/6182/1545 1591/6181/1545
f 1595/6188/1546 1611/6187/1546 1610/6186/1546 1593/6185/1546
f 1597/6192/1547 1612/6191/1547 1611/6190/1547 1595/6189/1547
f 1599/6196/1548 1613/6195/1548 1612/6194/1548 1597/6193/1548
f 1601/6200/1549 1614/6199/1549 1613/6198/1549 1599/6197/1549
f 1580/6204/1550 1603/6203/1550 1614/6202/1550 1601/6201/1550
f 1604/6208/1551 1616/6207/1551 1615/6206/1551 1603/6205/1551
f 1605/6212/1552 1617/6211/1552 1616/6210/1552 1604/6209/1552
f 1606/6216/1553 1618/6215/1553 1617/6214/1553 1605/6213/1553
f 1607/6220/1554 1619/6219/1554 1618/6218/1554 1606/6217/1554
f 1608/6224/1555 1620/6223/1555 1619/6222/1555 1607/6221/1555
f 1609/6228/1556 1621/6227/1556 1620/6226/1556 1608/6225/1556
f 1610/6232/1557 1622/6231/1557 1621/6230/1557 1609/6229/1557
f 1611/6236/1558 1623/6235/1558 1622/6234/1558 1610/6233/1558
f 1612/6240/1559 1624/6239/1559 1623/6238/1559 1611/6237/1559
f 1613/6244/1560 1625/6243/1560 1624/6242/1560 1612/6241/1560
f 1614/6248/1561 1626/6247/1561 1625/6246/1561 1613/6245/1561
f 1603/6252/1562 1615/6251/1562 1626/6250/1562 1614/6249/1562
f 1616/6256/1563 1628/6255/1563 1627/6254/1563 1615/6253/1563
f 1617/6260/1564 1629/6259/1564 1628/6258/1564 1616/6257/1564
f 1618/6264/1565 1630/6263/1565 1629/6262/1565 1617/6261/1565
f 1619/6268/1566 1631/6267/1566 1630/6266/1566 1618/6265/1566
f 1620/6272/1567 1632/6271/1567 1631/6270/1567 1619/6269/1567
f 1621/6276/1568 1633/6275/1568 1632/6274/1568 1620/6273/1568
f 1622/6280/1569 1634/6279/1569 1633/6278/1569 1621/6277/1569
f 1623/6284/1570 1635/6283/1570 1634/6282/1570 1622/6281/1570
f 1624/6288/1571 1636/6287/1571 1635/6286/1571 1623/6285/1571
f 1625/6292/1572 1637/6291/1572 1636/6290/1572 1624/6289/1572
f 1626/6296/1573 1638/6295/1573 1637/6294/1573 1625/6293/1573
f 1615/6300/1574 1627/6299/1574 1638/6298/1574 1626/6297/1574
f 1628/6304/1575 1640/6303/1575 1639/6302/1575 1627/6301/1575
f 1629/6308/1576 1641/6307/1576 1640/6306/1576 1628/6305/1576
f 1630/6312/1577 1642/6311/1577 1641/6310/1577 1629/6309/1577
f 1631/6316/1578 1643/6315/1578 1642/6314/1578 1630/6313/1578
f 1632/6320/1579 1644/6319/1579 1643/6318/1579 1631/6317/1579
f 1633/6324/1580 1645/6323/1580 1644/6322/1580 1632/6321/1580
f 1634/6328/1581 1646/6327/1581 1645/6326/1581 1633/6325/1581
f 1635/6332/1582 1647/6331/1582 1646/6330/1582 1634/6329/1582
f 1636/6336/1583 1648/6335/1583 1647/6334/1583 1635/6333/1583
f 1637/6340/1584 1649/6339/1584 1648/6338/1584 1636/6337/1584
f 1638/6344/1585 1650/6343/1585 1649/6342/1585 1637/6341/1585
f 1627/6348/1586 1639/6347/1586 1650/6346/1586 1638/6345/1586
f 1640/6352/1587 1652/6351/1587 1651/6350/1587 1639/6349/1587
f 1641/6356/1588 1653/6355/1588 1652/6354/1588 1640/6353/1588
f 1642/6360/1589 1654/6359/1589 1653/6358/1589 1641/6357/1589
f 1643/6364/1590 1655/6363/1590 1654/6362/1590 1642/6361/1590
f 1644/6368/1591 1656/6367/1591 1655/6366/1591 1643/6365/1591
f 1645/6372/1592 1657/6371/1592 1656/6370/1592 1644/6369/1592
f 1646/6376/1593 1658/6375/1593 1657/6374/1593 1645/6373/1593
f 1647/6380/1594 1659/6379/1594 1658/6378/1594 1646/6377/1594
f 1648/6384/1595 1660/6383/1595 1659/6382/1595 1647/6381/1595
f 1649/6388/1596 1661/6387/1596 1660/6386/1596 1648/6385/1596
f 1650/6392/1597 1662/6391/1597 1661/6390/1597 1649/6389/1597
f 1639/6396/1598 1651/6395/1598 1662/6394/1598 1650/6393/1598
f 1652/6400/1599 1664/6399/1599 1663/6398/1599 1651/6397/1599
f 1653/6404/1600 1665/6403/1600 1664/6402/1600 1652/6401/1600
f 1654/6408/1601 1666/6407/1601 1665/6406/1601 1653/6405/1601
f 1655/6412/1602 1667/6411/1602 1666/6410/1602 1654/6409/1602
f 1656/6416/1603 1668/6415/1603 1667/6414/1603 1655/6413/1603
f 1657/6420/1604 1669/6419/1604 1668/6418/1604 1656/6417/1604
f 1658/6424/1605 1670/6423/1605 1669/6422/1605 1657/6421/1605
f 1659/6428/1606 1671/6427/1606 1670/6426/1606 1658/6425/1606
f 1660/6432/1607 1672/6431/1607 1671/6430/1607 1659/6429/1607
f 1661/6436/1608 1673/6435/1608 1672/6434/1608 1660/6433/1608
f 1662/6440/1609 1674/6439/1609 1673/6438/1609 1661/6437/1609
f 1651/6444/1610 1663/6443/1610 1674/6442/1610 1662/6441/1610
f 1664/6448/1611 1676/6447/1611 1675/6446/1611 1663/6445/1611
f 1665/6452/1612 1677/6451/1612 1676/6450/1612 1664/6449/1612
f 1666/6456/1613 1678/6455/1613 1677/6454/1613 1665/6453/1613
f 1667/6460/1614 1679/6459/1614 1678/6458/1614 1666/6457/1614
f 1668/6464/1615 1680/6463/1615 1679/6462/1615 1667/6461/1615
f 1669/6468/1616 1681/6467/1616 1680/6466/1616 1668/6465/1616
f 1670/6472/1617 1682/6471/1617 1681/6470/1617 1669/6469/1617
f 1671/6476/1618 1683/6475/1618 1682/6474/1618 1670/6473/1618
f 1672/6480/1619 1684/6479/1619 1683/6478/1619 1671/6477/1619
f 1673/6484/1620 1685/6483/1620 1684/6482/1620 1672/6481/1620
f 1674/6488/1621 1686/6487/1621 1685/6486/1621 1673/6485/1621
f 1663/6492/1622 1675/6491/1622 1686/6490/1622 1674/6489/1622
f 1676/6496/1623 1688/6495/1623 1687/6494/1623 1675/6493/1623
f 1677/6500/1624 1689/6499/1624 1688/6498/1624 1676/6497/1624
f 1678/6504/1625 1690/6503/1625 1689/6502/1625 1677/6501/1625
f 1679/6508/1626 1691/6507/1626 1690/6506/1626 1678/6505/1626
f 1680/6512/1627 1692/6511/1627 1691/6510/1627 1679/6509/1627
f 1681/6516/1628 1693/6515/1628 1692/6514/1628 1680/6513/1628
f 1682/6520/1629 1694/6519/1629 1693/6518/1629 1681/6517/1629
f 1683/6524/1630 1695/6523/1630 1694/6522/1630 1682/6521/1630
f 1684/6528/1631 1696/6527/1631 1695/6526/1631 1683/6525/1631
f 1685/6532/1632 1697/6531/1632 1696/6530/1632 1684/6529/1632
f 1686/6536/1633 1698/6535/1633 1697/6534/1633 1685/6533/1633
f 1675/6540/1634 1687/6539/1634 1698/6538/1634 1686/6537/1634
f 1688/6544/1635 1700/6543/1635 1699/6542/1635 1687/6541/1635
f 1689/6548/1636 1701/6547/1636 1700/6546/1636 1688/6545/1636
f 1690/6552/1637 1702/6551/1637 1701/6550/1637 1689/6549/1637
f 1691/6556/1638 1703/6555/1638 1702/6554/1638 1690/6553/1638
f 1692/6560/1639 1704/6559/1639 1703/6558/1639 1691/6557/1639
f 1693/6564/1640 1705/6563/1640 1704/6562/1640 1692/6561/1640
f 1694/6568/1641 1706/6567/1641 1705/6566/1641 1693/6565/1641
f 1695/6572/1642 1707/6571/1642 1706/6570/1642 1694/6569/1642
f 1696/6576/1643 1708/6575/1643 1707/6574/1643 1695/6573/1643
f 1697/6580/1644 1709/6579/1644 1708/6578/1644 1696/6577/1644
f 1698/6584/1645 1710/6583/1645 1709/6582/1645 1697/6581/1645
f 1687/6588/1646 1699/6587/1646 1710/6586/1646 1698/6585/1646
f 1700/6592/1647 1712/6591/1647 1711/6590/1647 1699/6589/1647
f 1701/6596/1648 1713/6595/1648 1712/6594/1648 1700/6593/1648
f 1702/6600/1649 1714/6599/1649 1713/6598/1649 1701/6597/1649
f 1703/6604/1650 1715/6603/1650 1714/6602/1650 1702/6601/1650
f 1704/6608/1651 1716/6607/1651 1715/6606/1651 1703/6605/1651
f 1705/6612/1652 1717/6611/1652 1716/6610/1652 1704/6609/1652
f 1706/6616/1653 1718/6615/1653 1717/6614/1653 1705/6613/1653
f 1707/6620/1654 1719/6619/1654 1718/6618/1654 1706/6617/1654
f 1708/6624/1655 1720/6623/1655 1719/6622/1655 1707/6621/1655
f 1709/6628/1656 1721/6627/1656 1720/6626/1656 1708/6625/1656
f 1710/6632/1657 1722/6631/1657 1721/6630/1657 1709/6629/1657
f 1699/6636/1658 1711/6635/1658 1722/6634/1658 1710/6633/1658
f 1712/6640/1659 1582/6639/1659 1579/6638/1659 1711/6637/1659
f 1713/6644/1660 1584/6643/1660 1582/6642/1660 1712/6641/1660
f 1714/6648/1661 1586/6647/1661 1584/6646/1661 1713/6645/1661
f 1715/6652/1662 1588/6651/1662 1586/6650/1662 1714/6649/1662
f 1716/6656/1663 1590/6655/1663 1588/6654/1663 1715/6653/1663
f 1717/6660/1664 1592/6659/1664 1590/6658/1664 1716/6657/1664
f 1718/6664/1665 1594/6663/1665 1592/6662/1665 1717/6661/1665
f 1719/6668/1666 1596/6667/1666 1594/6666/1666 1718/6665/1666
f 1720/6672/1667 1598/6671/1667 1596/6670/1667 1719/6669/1667
f 1721/6676/1668 1600/6675/1668 1598/6674/1668 1720/6673/1668
f 1722/6680/1669 1602/6679/1669 1600/6678/1669 1721/6677/1669
f 1711/6684/1670 1579/6683/1670 1602/6682/1670 1722/6681/1670
o group596952348
g mesh596952348
usemtl mat17
f 1726/6688/1671 1725/6687/1671 1724/6686/1671 1723/6685/1671
f 1728/6692/1672 1727/6691/1672 1725/6690/1672 1726/6689/1672
f 1730/6696/1673 1729/6695/1673 1727/6694/1673 1728/6693/1673
f 1732/6700/1674 1731/6699/1674 1729/6698/1674 1730/6697/1674
f 1734/6704/1675 1733/6703/1675 1731/6702/1675 1732/6701/1675
f 1736/6708/1676 1735/6707/1676 1733/6706/1676 1734/6705/1676
f 1738/6712/1677 1737/6711/1677 1735/6710/1677 1736/6709/1677
f 1740/6716/1678 1739/6715/1678 1737/6714/1678 1738/6713/1678
f 1742/6720/1679 1741/6719/1679 1739/6718/1679 1740/6717/1679
f 1744/6724/1680 1743/6723/1680 1741/6722/1680 1742/6721/1680
f 1746/6728/1681 1745/6727/1681 1743/6726/1681 1744/6725/1681
f 1723/6732/1682 1724/6731/1682 1745/6730/1682 1746/6729/1682
f 1725/6736/1683 1748/6735/1683 1747/6734/1683 1724/6733/1683
f 1727/6740/1684 1749/6739/1684 1748/6738/1684 1725/6737/1684
f 1729/6744/1685 1750/6743/1685 1749/6742/1685 1727/6741/1685
f 1731/6748/1686 1751/6747/1686 1750/6746/1686 1729/6745/1686
f 1733/6752/1687 1752/6751/1687 1751/6750/1687 1731/6749/1687
f 1735/6756/1688 1753/6755/1688 1752/6754/1688 1733/6753/1688
f 1737/6760/1689 1754/6759/1689 1753/6758/1689 1735/6757/1689
f 1739/6764/1690 1755/6763/1690 1754/6762/1690 1737/6761/1690
f 1741/6768/1691 1756/6767/1691 1755/6766/1691 1739/6765/1691
f 1743/6772/1692 1757/6771/1692 1756/6770/1692 1741/6769/1692
f 1745/6776/1693 1758/6775/1693 1757/6774/1693 1743/6773/1693
f 1724/6780/1694 1747/6779/1694 1758/6778/1694 1745/6777/1694
f 1748/6784/1695 1760/6783/1695 1759/6782/1695 1747/6781/1695
f 1749/6788/1696 1761/6787/1696 1760/6786/1696 1748/6785/1696
f 1750/6792/1697 1762/6791/1697 1761/6790/1697 1749/6789/1697
f 1751/6796/1698 1763/6795/1698 1762/6794/1698 1750/6793/1698
f 1752/6800/1699 1764/6799/1699 1763/6798/1699 1751/6797/1699
f 1753/6804/1700 1765/6803/1700 1764/6802/1700 1752/6801/1700
f 1754/6808/1701 1766/6807/1701 1765/6806/1701 1753/6805/1701
f 1755/6812/1702 1767/6811/1702 1766/6810/1702 1754/6809/1702
f 1756/6816/1703 1768/6815/1703 1767/6814/1703 1755/6813/1703
f 1757/6820/1704 1769/6819/1704 1768/6818/1704 1756/6817/1704
f 1758/6824/1705 1770/6823/1705 1769/6822/1705 1757/6821/1705
f 1747/6828/1706 1759/6827/1706 1770/6826/1706 1758/6825/1706
f 1760/6832/1707 1772/6831/1707 1771/6830/1707 1759/6829/1707
f 1761/6836/1708 1773/6835/1708 1772/6834/1708 1760/6833/1708
f 1762/6840/1709 1774/6839/1709 1773/6838/1709 1761/6837/1709
f 1763/6844/1710 1775/6843/1710 1774/6842/1710 1762/6841/1710
f 1764/6848/1711 1776/6847/1711 1775/6846/1711 1763/6845/1711
f 1765/6852/1712 1777/6851/1712 1776/6850/1712 1764/6849/1712
f 1766/6856/1713 1778/6855/1713 1777/6854/1713 1765/6853/1713
f 1767/6860/1714 1779/6859/1714 1778/6858/1714 1766/6857/1714
f 1768/6864/1715 1780/6863/1715 1779/6862/1715 1767/6861/1715
f 1769/6868/1716 1781/6867/1716 1780/6866/1716 1768/6865/1716
f 1770/6872/1717 1782/6871/1717 1781/6870/1717 1769/6869/1717
f 1759/6876/1718 1771/6875/1718 1782/6874/1718 1770/6873/1718
f 1772/6880/1719 1784/6879/1719 1783/6878/1719 1771/6877/1719
f 1773/6884/1720 1785/6883/1720 1784/6882/1720 1772/6881/1720
f 1774/6888/1721 1786/6887/1721 1785/6886/1721 1773/6885/1721
f 1775/6892/1722 1787/6891/1722 1786/6890/1722 1774/6889/1722
f 1776/6896/1723 1788/6895/1723 1787/6894/1723 1775/6893/1723
f 1777/6900/1724 1789/6899/1724 1788/6898/1724 1776/6897/1724
f 1778/6904/1725 1790/6903/1725 1789/6902/1725 1777/6901/1725
f 1779/6908/1726 1791/6907/1726 1790/6906/1726 1778/6905/1726
f 1780/6912/1727 1792/6911/1727 1791/6910/1727 1779/6909/1727
f 1781/6916/1728 1793/6915/1728 1792/6914/1728 1780/6913/1728
f 1782/6920/1729 1794/6919/1729 1793/6918/1729 1781/6917/1729
f 1771/6924/1730 1783/6923/1730 1794/6922/1730 1782/6921/1730
f 1784/6928/1731 1796/6927/1731 1795/6926/1731 1783/6925/1731
f 1785/6932/1732 1797/6931/1732 1796/6930/1732 1784/6929/1732
f 1786/6936/1733 1798/6935/1733 1797/6934/1733 1785/6933/1733
f 1787/6940/1734 1799/6939/1734 1798/6938/1734 1786/6937/1734
f 1788/6944/1735 1800/6943/1735 1799/6942/1735 1787/6941/1735
f 1789/6948/1736 1801/6947/1736 1800/6946/1736 1788/6945/1736
f 1790/6952/1737 1802/6951/1737 1801/6950/1737 1789/6949/1737
f 1791/6956/1738 1803/6955/1738 1802/6954/1738 1790/6953/1738
f 1792/6960/1739 1804/6959/1739 1803/6958/1739 1791/6957/1739
f 1793/6964/1740 1805/6963/1740 1804/6962/1740 1792/6961/1740
f 1794/6968/1741 1806/6967/1741 1805/6966/1741 1793/6965/1741
f 1783/6972/1742 1795/6971/1742 1806/6970/1742 1794/6969/1742
f 1796/6976/1743 1808/6975/1743 1807/6974/1743 1795/6973/1743
f 1797/6980/1744 1809/6979/1744 1808/6978/1744 1796/6977/1744
f 1798/6984/1745 1810/6983/1745 1809/6982/1745 1797/6981/1745
f 1799/6988/1746 1811/6987/1746 1810/6986/1746 1798/6985/1746
f 1800/6992/1747 1812/6991/1747 1811/6990/1747 1799/6989/1747
f 1801/6996/1748 1813/6995/1748 1812/6994/1748 1800/6993/1748
f 1802/7000/1749 1814/6999/1749 1813/6998/1749 1801/6997/1749
f 1803/7004/1750 1815/7003/1750 1814/7002/1750 1802/7001/1750
f 1804/7008/1751 1816/7007/1751 1815/7006/1751 1803/7005/1751
f 1805/7012/1752 1817/7011/1752 1816/7010/1752 1804/7009/1752
f 1806/7016/1753 1818/7015/1753 1817/7014/1753 1805/7013/1753
f 1795/7020/1754 1807/7019/1754 1818/7018/1754 1806/7017/1754
f 1808/7024/1755 1820/7023/1755 1819/7022/1755 1807/7021/1755
f 1809/7028/1756 1821/7027/1756 1820/7026/1756 1808/7025/1756
f 1810/7032/1757 1822/7031/1757 1821/7030/1757 1809/7029/1757
f 1811/7036/1758 1823/7035/1758 1822/7034/1758 1810/7033/1758
f 1812/7040/1759 1824/7039/1759 1823/7038/1759 1811/7037/1759
f 1813/7044/1760 1825/7043/1760 1824/7042/1760 1812/7041/1760
f 1814/7048/1761 1826/7047/1761 1825/7046/1761 1813/7045/1761
f 1815/7052/1762 1827/7051/1762 1826/7050/1762 1814/7049/1762
f 1816/7056/1763 1828/7055/1763 1827/7054/1763 1815/7053/1763
f 1817/7060/1764 1829/7059/1764 1828/7058/1764 1816/7057/1764
f 1818/7064/1765 1830/7063/1765 1829/7062/1765 1817/7061/1765
f 1807/7068/1766 1819/7067/1766 1830/7066/1766 1818/7065/1766
f 1820/7072/1767 1832/7071/1767 1831/7070/1767 1819/7069/1767
f 1821/7076/1768 1833/7075/1768 1832/7074/1768 1820/7073/1768
f 1822/7080/1769 1834/7079/1769 1833/7078/1769 1821/7077/1769
f 1823/7084/1770 1835/7083/1770 1834/7082/1770 1822/7081/1770
f 1824/7088/1771 1836/7087/1771 1835/7086/1771 1823/7085/1771
f 1825/7092/1772 1837/7091/1772 1836/7090/1772 1824/7089/1772
f 1826/7096/1773 1838/7095/1773 1837/7094/1773 1825/7093/1773
f 1827/7100/1774 1839/7099/1774 1838/7098/1774 1826/7097/1774
f 1828/7104/1775 1840/7103/1775 1839/7102/1775 1827/7101/1775
f 1829/7108/1776 1841/7107/1776 1840/7106/1776 1828/7105/1776
f 1830/7112/1777 1842/7111/1777 1841/7110/1777 1829/7109/1777
f 1819/7116/1778 1831/7115/1778 1842/7114/1778 1830/7113/1778
f 1832/7120/1779 1844/7119/1779 1843/7118/1779 1831/7117/1779
f 1833/7124/1780 1845/7123/1780 1844/7122/1780 1832/7121/1780
f 1834/7128/1781 1846/7127/1781 1845/7126/1781 1833/7125/1781
f 1835/7132/1782 1847/7131/1782 1846/7130/1782 1834/7129/1782
f 1836/7136/1783 1848/7135/1783 1847/7134/1783 1835/7133/1783
f 1837/7140/1784 1849/7139/1784 1848/7138/1784 1836/7137/1784
f 1838/7144/1785 1850/7143/1785 1849/7142/1785 1837/7141/1785
f 1839/7148/1786 1851/7147/1786 1850/7146/1786 1838/7145/1786
f 1840/7152/1787 1852/7151/1787 1851/7150/1787 1839/7149/1787
f 1841/7156/1788 1853/7155/1788 1852/7154/1788 1840/7153/1788
f 1842/7160/1789 1854/7159/1789 1853/7158/1789 1841/7157/1789
f 1831/7164/1790 1843/7163/1790 1854/7162/1790 1842/7161/1790
f 1844/7168/1791 1856/7167/1791 1855/7166/1791 1843/7165/1791
f 1845/7172/1792 1857/7171/1792 1856/7170/1792 1844/7169/1792
f 1846/7176/1793 1858/7175/1793 1857/7174/1793 1845/7173/1793
f 1847/7180/1794 1859/7179/1794 1858/7178/1794 1846/7177/1794
f 1848/7184/1795 1860/7183/1795 1859/7182/1795 1847/7181/1795
f 1849/7188/1796 1861/7187/1796 1860/7186/1796 1848/7185/1796
f 1850/7192/1797 1862/7191/1797 1861/7190/1797 1849/7189/1797
f 1851/7196/1798 1863/7195/1798 1862/7194/1798 1850/7193/1798
f 1852/7200/1799 1864/7199/1799 1863/7198/1799 1851/7197/1799
f 1853/7204/1800 1865/7203/1800 1864/7202/1800 1852/7201/1800
f 1854/7208/1801 1866/7207/1801 1865/7206/1801 1853/7205/1801
f 1843/7212/1802 1855/7211/1802 1866/7210/1802 1854/7209/1802
f 1856/7216/1803 1726/7215/1803 1723/7214/1803 1855/7213/1803
f 1857/7220/1804 1728/7219/1804 1726/7218/1804 1856/7217/1804
f 1858/7224/1805 1730/7223/1805 1728/7222/1805 1857/7221/1805
f 1859/7228/1806 1732/7227/1806 1730/7226/1806 1858/7225/1806
f 1860/7232/1807 1734/7231/1807 1732/7230/1807 1859/7229/1807
f 1861/7236/1808 1736/7235/1808 1734/7234/1808 1860/7233/1808
f 1862/7240/1809 1738/7239/1809 1736/7238/1809 1861/7237/1809
f 1863/7244/1810 1740/7243/1810 1738/7242/1810 1862/7241/1810
f 1864/7248/1811 1742/7247/1811 1740/7246/1811 1863/7245/1811
f 1865/7252/1812 1744/7251/1812 1742/7250/1812 1864/7249/1812
f 1866/7256/1813 1746/7255/1813 1744/7254/1813 1865/7253/1813
f 1855/7260/1814 1723/7259/1814 1746/7258/1814 1866/7257/1814
usemtl mat23
f 1870/7264/1815 1869/7263/1815 1868/7262/1815 1867/7261/1815
f 1872/7268/1816 1871/7267/1816 1869/7266/1816 1870/7265/1816
f 1874/7272/1817 1873/7271/1817 1871/7270/1817 1872/7269/1817
f 1876/7276/1818 1875/7275/1818 1873/7274/1818 1874/7273/1818
f 1878/7280/1819 1877/7279/1819 1875/7278/1819 1876/7277/1819
f 1880/7284/1820 1879/7283/1820 1877/7282/1820 1878/7281/1820
f 1882/7288/1821 1881/7287/1821 1879/7286/1821 1880/7285/1821
f 1884/7292/1822 1883/7291/1822 1881/7290/1822 1882/7289/1822
f 1886/7296/1823 1885/7295/1823 1883/7294/1823 1884/7293/1823
f 1888/7300/1824 1887/7299/1824 1885/7298/1824 1886/7297/1824
f 1890/7304/1825 1889/7303/1825 1887/7302/1825 1888/7301/1825
f 1867/7308/1826 1868/7307/1826 1889/7306/1826 1890/7305/1826
f 1869/7312/1827 1892/7311/1827 1891/7310/1827 1868/7309/1827
f 1871/7316/1828 1893/7315/1828 1892/7314/1828 1869/7313/1828
f 1873/7320/1829 1894/7319/1829 1893/7318/1829 1871/7317/1829
f 1875/7324/1830 1895/7323/1830 1894/7322/1830 1873/7321/1830
f 1877/7328/1831 1896/7327/1831 1895/7326/1831 1875/7325/1831
f 1879/7332/1832 1897/7331/1832 1896/7330/1832 1877/7329/1832
f 1881/7336/1833 1898/7335/1833 1897/7334/1833 1879/7333/1833
f 1883/7340/1834 1899/7339/1834 1898/7338/1834 1881/7337/1834
f 1885/7344/1835 1900/7343/1835 1899/7342/1835 1883/7341/1835
f 1887/7348/1836 1901/7347/1836 1900/7346/1836 1885/7345/1836
f 1889/7352/1837 1902/7351/1837 1901/7350/1837 1887/7349/1837
f 1868/7356/1838 1891/7355/1838 1902/7354/1838 1889/7353/1838
f 1892/7360/1839 1904/7359/1839 1903/7358/1839 1891/7357/1839
f 1893/7364/1840 1905/7363/1840 1904/7362/1840 1892/7361/1840
f 1894/7368/1841 1906/7367/1841 1905/7366/1841 1893/7365/1841
f 1895/7372/1842 1907/7371/1842 1906/7370/1842 1894/7369/1842
f 1896/7376/1843 1908/7375/1843 1907/7374/1843 1895/7373/1843
f 1897/7380/1844 1909/7379/1844 1908/7378/1844 1896/7377/1844
f 1898/7384/1845 1910/7383/1845 1909/7382/1845 1897/7381/1845
f 1899/7388/1846 1911/7387/1846 1910/7386/1846 1898/7385/1846
f 1900/7392/1847 1912/7391/1847 1911/7390/1847 1899/7389/1847
f 1901/7396/1848 1913/7395/1848 1912/7394/1848 1900/7393/1848
f 1902/7400/1849 1914/7399/1849 1913/7398/1849 1901/7397/1849
f 1891/7404/1850 1903/7403/1850 1914/7402/1850 1902/7401/1850
f 1904/7408/1851 1916/7407/1851 1915/7406/1851 1903/7405/1851
f 1905/7412/1852 1917/7411/1852 1916/7410/1852 1904/7409/1852
f 1906/7416/1853 1918/7415/1853 1917/7414/1853 1905/7413/1853
f 1907/7420/1854 1919/7419/1854 1918/7418/1854 1906/7417/1854
f 1908/7424/1855 1920/7423/1855 1919/7422/1855 1907/7421/1855
f 1909/7428/1856 1921/7427/1856 1920/7426/1856 1908/7425/1856
f 1910/7432/1857 1922/7431/1857 1921/7430/1857 1909/7429/1857
f 1911/7436/1858 1923/7435/1858 1922/7434/1858 1910/7433/1858
f 1912/7440/1859 1924/7439/1859 1923/7438/1859 1911/7437/1859
f 1913/7444/1860 1925/7443/1860 1924/7442/1860 1912/7441/1860
f 1914/7448/1861 1926/7447/1861 1925/7446/1861 1913/7445/1861
f 1903/7452/1862 1915/7451/1862 1926/7450/1862 1914/7449/1862
f 1916/7456/1863 1928/7455/1863 1927/7454/1863 1915/7453/1863
f 1917/7460/1864 1929/7459/1864 1928/7458/1864 1916/7457/1864
f 1918/7464/1865 1930/7463/1865 1929/7462/1865 1917/7461/1865
f 1919/7468/1866 1931/7467/1866 1930/7466/1866 1918/7465/1866
f 1920/7472/1867 1932/7471/1867 1931/7470/1867 1919/7469/1867
f 1921/7476/1868 1933/7475/1868 1932/7474/1868 1920/7473/1868
f 1922/7480/1869 1934/7479/1869 1933/7478/1869 1921/7477/1869
f 1923/7484/1870 1935/7483/1870 1934/7482/1870 1922/7481/1870
f 1924/7488/1871 1936/7487/1871 1935/7486/1871 1923/7485/1871
f 1925/7492/1872 1937/7491/1872 1936/7490/1872 1924/7489/1872
f 1926/7496/1873 1938/7495/1873 1937/7494/1873 1925/7493/1873
f 1915/7500/1874 1927/7499/1874 1938/7498/1874 1926/7497/1874
f 1928/7504/1875 1940/7503/1875 1939/7502/1875 1927/7501/1875
f 1929/7508/1876 1941/7507/1876 1940/7506/1876 1928/7505/1876
f 1930/7512/1877 1942/7511/1877 1941/7510/1877 1929/7509/1877
f 1931/7516/1878 1943/7515/1878 1942/7514/1878 1930/7513/1878
f 1932/7520/1879 1944/7519/1879 1943/7518/1879 1931/7517/1879
f 1933/7524/1880 1945/7523/1880 1944/7522/1880 1932/7521/1880
f 1934/7528/1881 1946/7527/1881 1945/7526/1881 1933/7525/1881
f 1935/7532/1882 1947/7531/1882 1946/7530/1882 1934/7529/1882
f 1936/7536/1883 1948/7535/1883 1947/7534/1883 1935/7533/1883
f 1937/7540/1884 1949/7539/1884 1948/7538/1884 1936/7537/1884
f 1938/7544/1885 1950/7543/1885 1949/7542/1885 1937/7541/1885
f 1927/7548/1886 1939/7547/1886 1950/7546/1886 1938/7545/1886
f 1940/7552/1887 1952/7551/1887 1951/7550/1887 1939/7549/1887
f 1941/7556/1888 1953/7555/1888 1952/7554/1888 1940/7553/1888
f 1942/7560/1889 1954/7559/1889 1953/7558/1889 1941/7557/1889
f 1943/7564/1890 1955/7563/1890 1954/7562/1890 1942/7561/1890
f 1944/7568/1891 1956/7567/1891 1955/7566/1891 1943/7565/1891
f 1945/7572/1892 1957/7571/1892 1956/7570/1892 1944/7569/1892
f 1946/7576/1893 1958/7575/1893 1957/7574/1893 1945/7573/1893
f 1947/7580/1894 1959/7579/1894 1958/7578/1894 1946/7577/1894
f 1948/7584/1895 1960/7583/1895 1959/7582/1895 1947/7581/1895
f 1949/7588/1896 1961/7587/1896 1960/7586/1896 1948/7585/1896
f 1950/7592/1897 1962/7591/1897 1961/7590/1897 1949/7589/1897
f 1939/7596/1898 1951/7595/1898 1962/7594/1898 1950/7593/1898
f 1952/7600/1899 1964/7599/1899 1963/7598/1899 1951/7597/1899
f 1953/7604/1900 1965/7603/1900 1964/7602/1900 1952/7601/1900
f 1954/7608/1901 1966/7607/1901 1965/7606/1901 1953/7605/1901
f 1955/7612/1902 1967/7611/1902 1966/7610/1902 1954/7609/1902
f 1956/7616/1903 1968/7615/1903 1967/7614/1903 1955/7613/1903
f 1957/7620/1904 1969/7619/1904 1968/7618/1904 1956/7617/1904
f 1958/7624/1905 1970/7623/1905 1969/7622/1905 1957/7621/1905
f 1959/7628/1906 1971/7627/1906 1970/7626/1906 1958/7625/1906
f 1960/7632/1907 1972/7631/1907 1971/7630/1907 1959/7629/1907
f 1961/7636/1908 1973/7635/1908 1972/7634/1908 1960/7633/1908
f 1962/7640/1909 1974/7639/1909 1973/7638/1909 1961/7637/1909
f 1951/7644/1910 1963/7643/1910 1974/7642/1910 1962/7641/1910
f 1964/7648/1911 1976/7647/1911 1975/7646/1911 1963/7645/1911
f 1965/7652/1912 1977/7651/1912 1976/7650/1912 1964/7649/1912
f 1966/7656/1913 1978/7655/1913 1977/7654/1913 1965/7653/1913
f 1967/7660/1914 1979/7659/1914 1978/7658/1914 1966/7657/1914
f 1968/7664/1915 1980/7663/1915 1979/7662/1915 1967/7661/1915
f 1969/7668/1916 1981/7667/1916 1980/7666/1916 1968/7665/1916
f 1970/7672/1917 1982/7671/1917 1981/7670/1917 1969/7669/1917
f 1971/7676/1918 1983/7675/1918 1982/7674/1918 1970/7673/1918
f 1972/7680/1919 1984/7679/1919 1983/7678/1919 1971/7677/1919
f 1973/7684/1920 1985/7683/1920 1984/7682/1920 1972/7681/1920
f 1974/7688/1921 1986/7687/1921 1985/7686/1921 1973/7685/1921
f 1963/7692/1922 1975/7691/1922 1986/7690/1922 1974/7689/1922
f 1976/7696/1923 1988/7695/1923 1987/7694/1923 1975/7693/1923
f 1977/7700/1924 1989/7699/1924 1988/7698/1924 1976/7697/1924
f 1978/7704/1925 1990/7703/1925 1989/7702/1925 1977/7701/1925
f 1979/7708/1926 1991/7707/1926 1990/7706/1926 1978/7705/1926
f 1980/7712/1927 1992/7711/1927 1991/7710/1927 1979/7709/1927
f 1981/7716/1928 1993/7715/1928 1992/7714/1928 1980/7713/1928
f 1982/7720/1929 1994/7719/1929 1993/7718/1929 1981/7717/1929
f 1983/7724/1930 1995/7723/1930 1994/7722/1930 1982/7721/1930
f 1984/7728/1931 1996/7727/1931 1995/7726/1931 1983/7725/1931
f 1985/7732/1932 1997/7731/1932 1996/7730/1932 1984/7729/1932
f 1986/7736/1933 1998/7735/1933 1997/7734/1933 1985/7733/1933
f 1975/7740/1934 1987/7739/1934 1998/7738/1934 1986/7737/1934
f 1988/7744/1935 2000/7743/1935 1999/7742/1935 1987/7741/1935
f 1989/7748/1936 2001/7747/1936 2000/7746/1936 1988/7745/1936
f 1990/7752/1937 2002/7751/1937 2001/7750/1937 1989/7749/1937
f 1991/7756/1938 2003/7755/1938 2002/7754/1938 1990/7753/1938
f 1992/7760/1939 2004/7759/1939 2003/7758/1939 1991/7757/1939
f 1993/7764/1940 2005/7763/1940 2004/7762/1940 1992/7761/1940
f 1994/7768/1941 2006/7767/1941 2005/7766/1941 1993/7765/1941
f 1995/7772/1942 2007/7771/1942 2006/7770/1942 1994/7769/1942
f 1996/7776/1943 2008/7775/1943 2007/7774/1943 1995/7773/1943
f 1997/7780/1944 2009/7779/1944 2008/7778/1944 1996/7777/1944
f 1998/7784/1945 2010/7783/1945 2009/7782/1945 1997/7781/1945
f 1987/7788/1946 1999/7787/1946 2010/7786/1946 1998/7785/1946
f 2000/7792/1947 1870/7791/1947 1867/7790/1947 1999/7789/1947
f 2001/7796/1948 1872/7795/1948 1870/7794/1948 2000/7793/1948
f 2002/7800/1949 1874/7799/1949 1872/7798/1949 2001/7797/1949
f 2003/7804/1950 1876/7803/1950 1874/7802/1950 2002/7801/1950
f 2004/7808/1951 1878/7807/1951 1876/7806/1951 2003/7805/1951
f 2005/7812/1952 1880/7811/1952 1878/7810/1952 2004/7809/1952
f 2006/7816/1953 1882/7815/1953 1880/7814/1953 2005/7813/1953
f 2007/7820/1954 1884/7819/1954 1882/7818/1954 2006/7817/1954
f 2008/7824/1955 1886/7823/1955 1884/7822/1955 2007/7821/1955
f 2009/7828/1956 1888/7827/1956 1886/7826/1956 2008/7825/1956
f 2010/7832/1957 1890/7831/1957 1888/7830/1957 2009/7829/1957
f 1999/7836/1958 1867/7835/1958 1890/7834/1958 2010/7833/1958
usemtl mat15
f 2014/7840/1959 2013/7839/1959 2012/7838/1959 2011/7837/1959
f 2013/7844/1960 2016/7843/1960 2015/7842/1960 2012/7841/1960
f 2016/7848/1961 2018/7847/1961 2017/7846/1961 2015/7845/1961
f 2018/7852/1962 2020/7851/1962 2019/7850/1962 2017/7849/1962
f 2020/7856/1963 2022/7855/1963 2021/7854/1963 2019/7853/1963
f 2022/7860/1964 2024/7859/1964 2023/7858/1964 2021/7857/1964
f 2024/7864/1965 2026/7863/1965 2025/7862/1965 2023/7861/1965
f 2026/7868/1966 2028/7867/1966 2027/7866/1966 2025/7865/1966
f 2028/7872/1967 2030/7871/1967 2029/7870/1967 2027/7869/1967
f 2030/7876/1968 2032/7875/1968 2031/7874/1968 2029/7873/1968
f 2032/7880/1969 2034/7879/1969 2033/7878/1969 2031/7877/1969
f 2034/7884/1970 2014/7883/1970 2011/7882/1970 2033/7881/1970
f 2011/7896/1971 2012/7895/1971 2015/7894/1971 2017/7893/1971 2019/7892/1971 2021/7891/1971 2023/7890/1971 2025/7889/1971 2027/7888/1971 2029/7887/1971 2031/7886/1971 2033/7885/1971
f 2034/7908/1972 2032/7907/1972 2030/7906/1972 2028/7905/1972 2026/7904/1972 2024/7903/1972 2022/7902/1972 2020/7901/1972 2018/7900/1972 2016/7899/1972 2013/7898/1972 2014/7897/1972
usemtl mat21
f 2038/7912/1973 2037/7911/1973 2036/7910/1973 2035/7909/1973
f 2040/7916/1974 2039/7915/1974 2037/7914/1974 2038/7913/1974
f 2042/7920/1975 2041/7919/1975 2039/7918/1975 2040/7917/1975
f 2044/7924/1976 2043/7923/1976 2041/7922/1976 2042/7921/1976
f 2046/7928/1977 2045/7927/1977 2043/7926/1977 2044/7925/1977
f 2048/7932/1978 2047/7931/1978 2045/7930/1978 2046/7929/1978
f 2050/7936/1979 2049/7935/1979 2047/7934/1979 2048/7933/1979
f 2052/7940/1980 2051/7939/1980 2049/7938/1980 2050/7937/1980
f 2054/7944/1981 2053/7943/1981 2051/7942/1981 2052/7941/1981
f 2056/7948/1982 2055/7947/1982 2053/7946/1982 2054/7945/1982
f 2058/7952/1983 2057/7951/1983 2055/7950/1983 2056/7949/1983
f 2035/7956/1984 2036/7955/1984 2057/7954/1984 2058/7953/1984
f 2037/7960/1985 2060/7959/1985 2059/7958/1985 2036/7957/1985
f 2039/7964/1986 2061/7963/1986 2060/7962/1986 2037/7961/1986
f 2041/7968/1987 2062/7967/1987 2061/7966/1987 2039/7965/1987
f 2043/7972/1988 2063/7971/1988 2062/7970/1988 2041/7969/1988
f 2045/7976/1989 2064/7975/1989 2063/7974/1989 2043/7973/1989
f 2047/7980/1990 2065/7979/1990 2064/7978/1990 2045/7977/1990
f 2049/7984/1991 2066/7983/1991 2065/7982/1991 2047/7981/1991
f 2051/7988/1992 2067/7987/1992 2066/7986/1992 2049/7985/1992
f 2053/7992/1993 2068/7991/1993 2067/7990/1993 2051/7989/1993
f 2055/7996/1994 2069/7995/1994 2068/7994/1994 2053/7993/1994
f 2057/8000/1995 2070/7999/1995 2069/7998/1995 2055/7997/1995
f 2036/8004/1996 2059/8003/1996 2070/8002/1996 2057/8001/1996
f 2060/8008/1997 2072/8007/1997 2071/8006/1997 2059/8005/1997
f 2061/8012/1998 2073/8011/1998 2072/8010/1998 2060/8009/1998
f 2062/8016/1999 2074/8015/1999 2073/8014/1999 2061/8013/1999
f 2063/8020/2000 2075/8019/2000 2074/8018/2000 2062/8017/2000
f 2064/8024/2001 2076/8023/2001 2075/8022/2001 2063/8021/2001
f 2065/8028/2002 2077/8027/2002 2076/8026/2002 2064/8025/2002
f 2066/8032/2003 2078/8031/2003 2077/8030/2003 2065/8029/2003
f 2067/8036/2004 2079/8035/2004 2078/8034/2004 2066/8033/2004
f 2068/8040/2005 2080/8039/2005 2079/8038/2005 2067/8037/2005
f 2069/8044/2006 2081/8043/2006 2080/8042/2006 2068/8041/2006
f 2070/8048/2007 2082/8047/2007 2081/8046/2007 2069/8045/2007
f 2059/8052/2008 2071/8051/2008 2082/8050/2008 2070/8049/2008
f 2072/8056/2009 2084/8055/2009 2083/8054/2009 2071/8053/2009
f 2073/8060/2010 2085/8059/2010 2084/8058/2010 2072/8057/2010
f 2074/8064/2011 2086/8063/2011 2085/8062/2011 2073/8061/2011
f 2075/8068/2012 2087/8067/2012 2086/8066/2012 2074/8065/2012
f 2076/8072/2013 2088/8071/2013 2087/8070/2013 2075/8069/2013
f 2077/8076/2014 2089/8075/2014 2088/8074/2014 2076/8073/2014
f 2078/8080/2015 2090/8079/2015 2089/8078/2015 2077/8077/2015
f 2079/8084/2016 2091/8083/2016 2090/8082/2016 2078/8081/2016
f 2080/8088/2017 2092/8087/2017 2091/8086/2017 2079/8085/2017
f 2081/8092/2018 2093/8091/2018 2092/8090/2018 2080/8089/2018
f 2082/8096/2019 2094/8095/2019 2093/8094/2019 2081/8093/2019
f 2071/8100/2020 2083/8099/2020 2094/8098/2020 2082/8097/2020
f 2084/8104/2021 2096/8103/2021 2095/8102/2021 2083/8101/2021
f 2085/8108/2022 2097/8107/2022 2096/8106/2022 2084/8105/2022
f 2086/8112/2023 2098/8111/2023 2097/8110/2023 2085/8109/2023
f 2087/8116/2024 2099/8115/2024 2098/8114/2024 2086/8113/2024
f 2088/8120/2025 2100/8119/2025 2099/8118/2025 2087/8117/2025
f 2089/8124/2026 2101/8123/2026 2100/8122/2026 2088/8121/2026
f 2090/8128/2027 2102/8127/2027 2101/8126/2027 2089/8125/2027
f 2091/8132/2028 2103/8131/2028 2102/8130/2028 2090/8129/2028
f 2092/8136/2029 2104/8135/2029 2103/8134/2029 2091/8133/2029
f 2093/8140/2030 2105/8139/2030 2104/8138/2030 2092/8137/2030
f 2094/8144/2031 2106/8143/2031 2105/8142/2031 2093/8141/2031
f 2083/8148/2032 2095/8147/2032 2106/8146/2032 2094/8145/2032
f 2096/8152/2033 2108/8151/2033 2107/8150/2033 2095/8149/2033
f 2097/8156/2034 2109/8155/2034 2108/8154/2034 2096/8153/2034
f 2098/8160/2035 2110/8159/2035 2109/8158/2035 2097/8157/2035
f 2099/8164/2036 2111/8163/2036 2110/8162/2036 2098/8161/2036
f 2100/8168/2037 2112/8167/2037 2111/8166/2037 2099/8165/2037
f 2101/8172/2038 2113/8171/2038 2112/8170/2038 2100/8169/2038
f 2102/8176/2039 2114/8175/2039 2113/8174/2039 2101/8173/2039
f 2103/8180/2040 2115/8179/2040 2114/8178/2040 2102/8177/2040
f 2104/8184/2041 2116/8183/2041 2115/8182/2041 2103/8181/2041
f 2105/8188/2042 2117/8187/2042 2116/8186/2042 2104/8185/2042
f 2106/8192/2043 2118/8191/2043 2117/8190/2043 2105/8189/2043
f 2095/8196/2044 2107/8195/2044 2118/8194/2044 2106/8193/2044
f 2108/8200/2045 2120/8199/2045 2119/8198/2045 2107/8197/2045
f 2109/8204/2046 2121/8203/2046 2120/8202/2046 2108/8201/2046
f 2110/8208/2047 2122/8207/2047 2121/8206/2047 2109/8205/2047
f 2111/8212/2048 2123/8211/2048 2122/8210/2048 2110/8209/2048
f 2112/8216/2049 2124/8215/2049 2123/8214/2049 2111/8213/2049
f 2113/8220/2050 2125/8219/2050 2124/8218/2050 2112/8217/2050
f 2114/8224/2051 2126/8223/2051 2125/8222/2051 2113/8221/2051
f 2115/8228/2052 2127/8227/2052 2126/8226/2052 2114/8225/2052
f 2116/8232/2053 2128/8231/2053 2127/8230/2053 2115/8229/2053
f 2117/8236/2054 2129/8235/2054 2128/8234/2054 2116/8233/2054
f 2118/8240/2055 2130/8239/2055 2129/8238/2055 2117/8237/2055
f 2107/8244/2056 2119/8243/2056 2130/8242/2056 2118/8241/2056
f 2120/8248/2057 2132/8247/2057 2131/8246/2057 2119/8245/2057
f 2121/8252/2058 2133/8251/2058 2132/8250/2058 2120/8249/2058
f 2122/8256/2059 2134/8255/2059 2133/8254/2059 2121/8253/2059
f 2123/8260/2060 2135/8259/2060 2134/8258/2060 2122/8257/2060
f 2124/8264/2061 2136/8263/2061 2135/8262/2061 2123/8261/2061
f 2125/8268/2062 2137/8267/2062 2136/8266/2062 2124/8265/2062
f 2126/8272/2063 2138/8271/2063 2137/8270/2063 2125/8269/2063
f 2127/8276/2064 2139/8275/2064 2138/8274/2064 2126/8273/2064
f 2128/8280/2065 2140/8279/2065 2139/8278/2065 2127/8277/2065
f 2129/8284/2066 2141/8283/2066 2140/8282/2066 2128/8281/2066
f 2130/8288/2067 2142/8287/2067 2141/8286/2067 2129/8285/2067
f 2119/8292/2068 2131/8291/2068 2142/8290/2068 2130/8289/2068
f 2132/8296/2069 2144/8295/2069 2143/8294/2069 2131/8293/2069
f 2133/8300/2070 2145/8299/2070 2144/8298/2070 2132/8297/2070
f 2134/8304/2071 2146/8303/2071 2145/8302/2071 2133/8301/2071
f 2135/8308/2072 2147/8307/2072 2146/8306/2072 2134/8305/2072
f 2136/8312/2073 2148/8311/2073 2147/8310/2073 2135/8309/2073
f 2137/8316/2074 2149/8315/2074 2148/8314/2074 2136/8313/2074
f 2138/8320/2075 2150/8319/2075 2149/8318/2075 2137/8317/2075
f 2139/8324/2076 2151/8323/2076 2150/8322/2076 2138/8321/2076
f 2140/8328/2077 2152/8327/2077 2151/8326/2077 2139/8325/2077
f 2141/8332/2078 2153/8331/2078 2152/8330/2078 2140/8329/2078
f 2142/8336/2079 2154/8335/2079 2153/8334/2079 2141/8333/2079
f 2131/8340/2080 2143/8339/2080 2154/8338/2080 2142/8337/2080
f 2144/8344/2081 2156/8343/2081 2155/8342/2081 2143/8341/2081
f 2145/8348/2082 2157/8347/2082 2156/8346/2082 2144/8345/2082
f 2146/8352/2083 2158/8351/2083 2157/8350/2083 2145/8349/2083
f 2147/8356/2084 2159/8355/2084 2158/8354/2084 2146/8353/2084
f 2148/8360/2085 2160/8359/2085 2159/8358/2085 2147/8357/2085
f 2149/8364/2086 2161/8363/2086 2160/8362/2086 2148/8361/2086
f 2150/8368/2087 2162/8367/2087 2161/8366/2087 2149/8365/2087
f 2151/8372/2088 2163/8371/2088 2162/8370/2088 2150/8369/2088
f 2152/8376/2089 2164/8375/2089 2163/8374/2089 2151/8373/2089
f 2153/8380/2090 2165/8379/2090 2164/8378/2090 2152/8377/2090
f 2154/8384/2091 2166/8383/2091 2165/8382/2091 2153/8381/2091
f 2143/8388/2092 2155/8387/2092 2166/8386/2092 2154/8385/2092
f 2156/8392/2093 2168/8391/2093 2167/8390/2093 2155/8389/2093
f 2157/8396/2094 2169/8395/2094 2168/8394/2094 2156/8393/2094
f 2158/8400/2095 2170/8399/2095 2169/8398/2095 2157/8397/2095
f 2159/8404/2096 2171/8403/2096 2170/8402/2096 2158/8401/2096
f 2160/8408/2097 2172/8407/2097 2171/8406/2097 2159/8405/2097
f 2161/8412/2098 2173/8411/2098 2172/8410/2098 2160/8409/2098
f 2162/8416/2099 2174/8415/2099 2173/8414/2099 2161/8413/2099
f 2163/8420/2100 2175/8419/2100 2174/8418/2100 2162/8417/2100
f 2164/8424/2101 2176/8423/2101 2175/8422/2101 2163/8421/2101
f 2165/8428/2102 2177/8427/2102 2176/8426/2102 2164/8425/2102
f 2166/8432/2103 2178/8431/2103 2177/8430/2103 2165/8429/2103
f 2155/8436/2104 2167/8435/2104 2178/8434/2104 2166/8433/2104
f 2168/8440/2105 2038/8439/2105 2035/8438/2105 2167/8437/2105
f 2169/8444/2106 2040/8443/2106 2038/8442/2106 2168/8441/2106
f 2170/8448/2107 2042/8447/2107 2040/8446/2107 2169/8445/2107
f 2171/8452/2108 2044/8451/2108 2042/8450/2108 2170/8449/2108
f 2172/8456/2109 2046/8455/2109 2044/8454/2109 2171/8453/2109
f 2173/8460/2110 2048/8459/2110 2046/8458/2110 2172/8457/2110
f 2174/8464/2111 2050/8463/2111 2048/8462/2111 2173/8461/2111
f 2175/8468/2112 2052/8467/2112 2050/8466/2112 2174/8465/2112
f 2176/8472/2113 2054/8471/2113 2052/8470/2113 2175/8469/2113
f 2177/8476/2114 2056/8475/2114 2054/8474/2114 2176/8473/2114
f 2178/8480/2115 2058/8479/2115 2056/8478/2115 2177/8477/2115
f 2167/8484/2116 2035/8483/2116 2058/8482/2116 2178/8481/2116
o group1271310404
g mesh1271310404
usemtl mat23
f 2317/9064/2276 2316/9063/2276 2315/9062/2276 2314/9061/2276
f 2319/9068/2277 2318/9067/2277 2316/9066/2277 2317/9065/2277
f 2321/9072/2278 2320/9071/2278 2318/9070/2278 2319/9069/2278
f 2323/9076/2279 2322/9075/2279 2320/9074/2279 2321/9073/2279
f 2325/9080/2280 2324/9079/2280 2322/9078/2280 2323/9077/2280
f 2327/9084/2281 2326/9083/2281 2324/9082/2281 2325/9081/2281
f 2329/9088/2282 2328/9087/2282 2326/9086/2282 2327/9085/2282
f 2331/9092/2283 2330/9091/2283 2328/9090/2283 2329/9089/2283
f 2333/9096/2284 2332/9095/2284 2330/9094/2284 2331/9093/2284
f 2335/9100/2285 2334/9099/2285 2332/9098/2285 2333/9097/2285
f 2337/9104/2286 2336/9103/2286 2334/9102/2286 2335/9101/2286
f 2314/9108/2287 2315/9107/2287 2336/9106/2287 2337/9105/2287
f 2316/9112/2288 2339/9111/2288 2338/9110/2288 2315/9109/2288
f 2318/9116/2289 2340/9115/2289 2339/9114/2289 2316/9113/2289
f 2320/9120/2290 2341/9119/2290 2340/9118/2290 2318/9117/2290
f 2322/9124/2291 2342/9123/2291 2341/9122/2291 2320/9121/2291
f 2324/9128/2292 2343/9127/2292 2342/9126/2292 2322/9125/2292
f 2326/9132/2293 2344/9131/2293 2343/9130/2293 2324/9129/2293
f 2328/9136/2294 2345/9135/2294 2344/9134/2294 2326/9133/2294
f 2330/9140/2295 2346/9139/2295 2345/9138/2295 2328/9137/2295
f 2332/9144/2296 2347/9143/2296 2346/9142/2296 2330/9141/2296
f 2334/9148/2297 2348/9147/2297 2347/9146/2297 2332/9145/2297
f 2336/9152/2298 2349/9151/2298 2348/9150/2298 2334/9149/2298
f 2315/9156/2299 2338/9155/2299 2349/9154/2299 2336/9153/2299
f 2339/9160/2300 2351/9159/2300 2350/9158/2300 2338/9157/2300
f 2340/9164/2301 2352/9163/2301 2351/9162/2301 2339/9161/2301
f 2341/9168/2302 2353/9167/2302 2352/9166/2302 2340/9165/2302
f 2342/9172/2303 2354/9171/2303 2353/9170/2303 2341/9169/2303
f 2343/9176/2304 2355/9175/2304 2354/9174/2304 2342/9173/2304
f 2344/9180/2305 2356/9179/2305 2355/9178/2305 2343/9177/2305
f 2345/9184/2306 2357/9183/2306 2356/9182/2306 2344/9181/2306
f 2346/9188/2307 2358/9187/2307 2357/9186/2307 2345/9185/2307
f 2347/9192/2308 2359/9191/2308 2358/9190/2308 2346/9189/2308
f 2348/9196/2309 2360/9195/2309 2359/9194/2309 2347/9193/2309
f 2349/9200/2310 2361/9199/2310 2360/9198/2310 2348/9197/2310
f 2338/9204/2311 2350/9203/2311 2361/9202/2311 2349/9201/2311
f 2351/9208/2312 2363/9207/2312 2362/9206/2312 2350/9205/2312
f 2352/9212/2313 2364/9211/2313 2363/9210/2313 2351/9209/2313
f 2353/9216/2314 2365/9215/2314 2364/9214/2314 2352/9213/2314
f 2354/9220/2315 2366/9219/2315 2365/9218/2315 2353/9217/2315
f 2355/9224/2316 2367/9223/2316 2366/9222/2316 2354/9221/2316
f 2356/9228/2317 2368/9227/2317 2367/9226/2317 2355/9225/2317
f 2357/9232/2318 2369/9231/2318 2368/9230/2318 2356/9229/2318
f 2358/9236/2319 2370/9235/2319 2369/9234/2319 2357/9233/2319
f 2359/9240/2320 2371/9239/2320 2370/9238/2320 2358/9237/2320
f 2360/9244/2321 2372/9243/2321 2371/9242/2321 2359/9241/2321
f 2361/9248/2322 2373/9247/2322 2372/9246/2322 2360/9245/2322
f 2350/9252/2323 2362/9251/2323 2373/9250/2323 2361/9249/2323
f 2363/9256/2324 2375/9255/2324 2374/9254/2324 2362/9253/2324
f 2364/9260/2325 2376/9259/2325 2375/9258/2325 2363/9257/2325
f 2365/9264/2326 2377/9263/2326 2376/9262/2326 2364/9261/2326
f 2366/9268/2327 2378/9267/2327 2377/9266/2327 2365/9265/2327
f 2367/9272/2328 2379/9271/2328 2378/9270/2328 2366/9269/2328
f 2368/9276/2329 2380/9275/2329 2379/9274/2329 2367/9273/2329
f 2369/9280/2330 2381/9279/2330 2380/9278/2330 2368/9277/2330
f 2370/9284/2331 2382/9283/2331 2381/9282/2331 2369/9281/2331
f 2371/9288/2332 2383/9287/2332 2382/9286/2332 2370/9285/2332
f 2372/9292/2333 2384/9291/2333 2383/9290/2333 2371/9289/2333
f 2373/9296/2334 2385/9295/2334 2384/9294/2334 2372/9293/2334
f 2362/9300/2335 2374/9299/2335 2385/9298/2335 2373/9297/2335
f 2375/9304/2336 2387/9303/2336 2386/9302/2336 2374/9301/2336
f 2376/9308/2337 2388/9307/2337 2387/9306/2337 2375/9305/2337
f 2377/9312/2338 2389/9311/2338 2388/9310/2338 2376/9309/2338
f 2378/9316/2339 2390/9315/2339 2389/9314/2339 2377/9313/2339
f 2379/9320/2340 2391/9319/2340 2390/9318/2340 2378/9317/2340
f 2380/9324/2341 2392/9323/2341 2391/9322/2341 2379/9321/2341
f 2381/9328/2342 2393/9327/2342 2392/9326/2342 2380/9325/2342
f 2382/9332/2343 2394/9331/2343 2393/9330/2343 2381/9329/2343
f 2383/9336/2344 2395/9335/2344 2394/9334/2344 2382/9333/2344
f 2384/9340/2345 2396/9339/2345 2395/9338/2345 2383/9337/2345
f 2385/9344/2346 2397/9343/2346 2396/9342/2346 2384/9341/2346
f 2374/9348/2347 2386/9347/2347 2397/9346/2347 2385/9345/2347
f 2387/9352/2348 2399/9351/2348 2398/9350/2348 2386/9349/2348
f 2388/9356/2349 2400/9355/2349 2399/9354/2349 2387/9353/2349
f 2389/9360/2350 2401/9359/2350 2400/9358/2350 2388/9357/2350
f 2390/9364/2351 2402/9363/2351 2401/9362/2351 2389/9361/2351
f 2391/9368/2352 2403/9367/2352 2402/9366/2352 2390/9365/2352
f 2392/9372/2353 2404/9371/2353 2403/9370/2353 2391/9369/2353
f 2393/9376/2354 2405/9375/2354 2404/9374/2354 2392/9373/2354
f 2394/9380/2355 2406/9379/2355 2405/9378/2355 2393/9377/2355
f 2395/9384/2356 2407/9383/2356 2406/9382/2356 2394/9381/2356
f 2396/9388/2357 2408/9387/2357 2407/9386/2357 2395/9385/2357
f 2397/9392/2358 2409/9391/2358 2408/9390/2358 2396/9389/2358
f 2386/9396/2359 2398/9395/2359 2409/9394/2359 2397/9393/2359
f 2399/9400/2360 2411/9399/2360 2410/9398/2360 2398/9397/2360
f 2400/9404/2361 2412/9403/2361 2411/9402/2361 2399/9401/2361
f 2401/9408/2362 2413/9407/2362 2412/9406/2362 2400/9405/2362
f 2402/9412/2363 2414/9411/2363 2413/9410/2363 2401/9409/2363
f 2403/9416/2364 2415/9415/2364 2414/9414/2364 2402/9413/2364
f 2404/9420/2365 2416/9419/2365 2415/9418/2365 2403/9417/2365
f 2405/9424/2366 2417/9423/2366 2416/9422/2366 2404/9421/2366
f 2406/9428/2367 2418/9427/2367 2417/9426/2367 2405/9425/2367
f 2407/9432/2368 2419/9431/2368 2418/9430/2368 2406/9429/2368
f 2408/9436/2369 2420/9435/2369 2419/9434/2369 2407/9433/2369
f 2409/9440/2370 2421/9439/2370 2420/9438/2370 2408/9437/2370
f 2398/9444/2371 2410/9443/2371 2421/9442/2371 2409/9441/2371
f 2411/9448/2372 2423/9447/2372 2422/9446/2372 2410/9445/2372
f 2412/9452/2373 2424/9451/2373 2423/9450/2373 2411/9449/2373
f 2413/9456/2374 2425/9455/2374 2424/9454/2374 2412/9453/2374
f 2414/9460/2375 2426/9459/2375 2425/9458/2375 2413/9457/2375
f 2415/9464/2376 2427/9463/2376 2426/9462/2376 2414/9461/2376
f 2416/9468/2377 2428/9467/2377 2427/9466/2377 2415/9465/2377
f 2417/9472/2378 2429/9471/2378 2428/9470/2378 2416/9469/2378
f 2418/9476/2379 2430/9475/2379 2429/9474/2379 2417/9473/2379
f 2419/9480/2380 2431/9479/2380 2430/9478/2380 2418/9477/2380
f 2420/9484/2381 2432/9483/2381 2431/9482/2381 2419/9481/2381
f 2421/9488/2382 2433/9487/2382 2432/9486/2382 2420/9485/2382
f 2410/9492/2383 2422/9491/2383 2433/9490/2383 2421/9489/2383
f 2423/9496/2384 2435/9495/2384 2434/9494/2384 2422/9493/2384
f 2424/9500/2385 2436/9499/2385 2435/9498/2385 2423/9497/2385
f 2425/9504/2386 2437/9503/2386 2436/9502/2386 2424/9501/2386
f 2426/9508/2387 2438/9507/2387 2437/9506/2387 2425/9505/2387
f 2427/9512/2388 2439/9511/2388 2438/9510/2388 2426/9509/2388
f 2428/9516/2389 2440/9515/2389 2439/9514/2389 2427/9513/2389
f 2429/9520/2390 2441/9519/2390 2440/9518/2390 2428/9517/2390
f 2430/9524/2391 2442/9523/2391 2441/9522/2391 2429/9521/2391
f 2431/9528/2392 2443/9527/2392 2442/9526/2392 2430/9525/2392
f 2432/9532/2393 2444/9531/2393 2443/9530/2393 2431/9529/2393
f 2433/9536/2394 2445/9535/2394 2444/9534/2394 2432/9533/2394
f 2422/9540/2395 2434/9539/2395 2445/9538/2395 2433/9537/2395
f 2435/9544/2396 2447/9543/2396 2446/9542/2396 2434/9541/2396
f 2436/9548/2397 2448/9547/2397 2447/9546/2397 2435/9545/2397
f 2437/9552/2398 2449/9551/2398 2448/9550/2398 2436/9549/2398
f 2438/9556/2399 2450/9555/2399 2449/9554/2399 2437/9553/2399
f 2439/9560/2400 2451/9559/2400 2450/9558/2400 2438/9557/2400
f 2440/9564/2401 2452/9563/2401 2451/9562/2401 2439/9561/2401
f 2441/9568/2402 2453/9567/2402 2452/9566/2402 2440/9565/2402
f 2442/9572/2403 2454/9571/2403 2453/9570/2403 2441/9569/2403
f 2443/9576/2404 2455/9575/2404 2454/9574/2404 2442/9573/2404
f 2444/9580/2405 2456/9579/2405 2455/9578/2405 2443/9577/2405
f 2445/9584/2406 2457/9583/2406 2456/9582/2406 2444/9581/2406
f 2434/9588/2407 2446/9587/2407 2457/9586/2407 2445/9585/2407
f 2447/9592/2408 2317/9591/2408 2314/9590/2408 2446/9589/2408
f 2448/9596/2409 2319/9595/2409 2317/9594/2409 2447/9593/2409
f 2449/9600/2410 2321/9599/2410 2319/9598/2410 2448/9597/2410
f 2450/9604/2411 2323/9603/2411 2321/9602/2411 2449/9601/2411
f 2451/9608/2412 2325/9607/2412 2323/9606/2412 2450/9605/2412
f 2452/9612/2413 2327/9611/2413 2325/9610/2413 2451/9609/2413
f 2453/9616/2414 2329/9615/2414 2327/9614/2414 2452/9613/2414
f 2454/9620/2415 2331/9619/2415 2329/9618/2415 2453/9617/2415
f 2455/9624/2416 2333/9623/2416 2331/9622/2416 2454/9621/2416
f 2456/9628/2417 2335/9627/2417 2333/9626/2417 2455/9625/2417
f 2457/9632/2418 2337/9631/2418 2335/9630/2418 2456/9629/2418
f 2446/9636/2419 2314/9635/2419 2337/9634/2419 2457/9633/2419
usemtl mat17
f 2461/9640/2420 2460/9639/2420 2459/9638/2420 2458/9637/2420
f 2463/9644/2421 2462/9643/2421 2460/9642/2421 2461/9641/2421
f 2465/9648/2422 2464/9647/2422 2462/9646/2422 2463/9645/2422
f 2467/9652/2423 2466/9651/2423 2464/9650/2423 2465/9649/2423
f 2469/9656/2424 2468/9655/2424 2466/9654/2424 2467/9653/2424
f 2471/9660/2425 2470/9659/2425 2468/9658/2425 2469/9657/2425
f 2473/9664/2426 2472/9663/2426 2470/9662/2426 2471/9661/2426
f 2475/9668/2427 2474/9667/2427 2472/9666/2427 2473/9665/2427
f 2477/9672/2428 2476/9671/2428 2474/9670/2428 2475/9669/2428
f 2479/9676/2429 2478/9675/2429 2476/9674/2429 2477/9673/2429
f 2481/9680/2430 2480/9679/2430 2478/9678/2430 2479/9677/2430
f 2458/9684/2431 2459/9683/2431 2480/9682/2431 2481/9681/2431
f 2460/9688/2432 2483/9687/2432 2482/9686/2432 2459/9685/2432
f 2462/9692/2433 2484/9691/2433 2483/9690/2433 2460/9689/2433
f 2464/9696/2434 2485/9695/2434 2484/9694/2434 2462/9693/2434
f 2466/9700/2435 2486/9699/2435 2485/9698/2435 2464/9697/2435
f 2468/9704/2436 2487/9703/2436 2486/9702/2436 2466/9701/2436
f 2470/9708/2437 2488/9707/2437 2487/9706/2437 2468/9705/2437
f 2472/9712/2438 2489/9711/2438 2488/9710/2438 2470/9709/2438
f 2474/9716/2439 2490/9715/2439 2489/9714/2439 2472/9713/2439
f 2476/9720/2440 2491/9719/2440 2490/9718/2440 2474/9717/2440
f 2478/9724/2441 2492/9723/2441 2491/9722/2441 2476/9721/2441
f 2480/9728/2442 2493/9727/2442 2492/9726/2442 2478/9725/2442
f 2459/9732/2443 2482/9731/2443 2493/9730/2443 2480/9729/2443
f 2483/9736/2444 2495/9735/2444 2494/9734/2444 2482/9733/2444
f 2484/9740/2445 2496/9739/2445 2495/9738/2445 2483/9737/2445
f 2485/9744/2446 2497/9743/2446 2496/9742/2446 2484/9741/2446
f 2486/9748/2447 2498/9747/2447 2497/9746/2447 2485/9745/2447
f 2487/9752/2448 2499/9751/2448 2498/9750/2448 2486/9749/2448
f 2488/9756/2449 2500/9755/2449 2499/9754/2449 2487/9753/2449
f 2489/9760/2450 2501/9759/2450 2500/9758/2450 2488/9757/2450
f 2490/9764/2451 2502/9763/2451 2501/9762/2451 2489/9761/2451
f 2491/9768/2452 2503/9767/2452 2502/9766/2452 2490/9765/2452
f 2492/9772/2453 2504/9771/2453 2503/9770/2453 2491/9769/2453
f 2493/9776/2454 2505/9775/2454 2504/9774/2454 2492/9773/2454
f 2482/9780/2455 2494/9779/2455 2505/9778/2455 2493/9777/2455
f 2495/9784/2456 2507/9783/2456 2506/9782/2456 2494/9781/2456
f 2496/9788/2457 2508/9787/2457 2507/9786/2457 2495/9785/2457
f 2497/9792/2458 2509/9791/2458 2508/9790/2458 2496/9789/2458
f 2498/9796/2459 2510/9795/2459 2509/9794/2459 2497/9793/2459
f 2499/9800/2460 2511/9799/2460 2510/9798/2460 2498/9797/2460
f 2500/9804/2461 2512/9803/2461 2511/9802/2461 2499/9801/2461
f 2501/9808/2462 2513/9807/2462 2512/9806/2462 2500/9805/2462
f 2502/9812/2463 2514/9811/2463 2513/9810/2463 2501/9809/2463
f 2503/9816/2464 2515/9815/2464 2514/9814/2464 2502/9813/2464
f 2504/9820/2465 2516/9819/2465 2515/9818/2465 2503/9817/2465
f 2505/9824/2466 2517/9823/2466 2516/9822/2466 2504/9821/2466
f 2494/9828/2467 2506/9827/2467 2517/9826/2467 2505/9825/2467
f 2507/9832/2468 2519/9831/2468 2518/9830/2468 2506/9829/2468
f 2508/9836/2469 2520/9835/2469 2519/9834/2469 2507/9833/2469
f 2509/9840/2470 2521/9839/2470 2520/9838/2470 2508/9837/2470
f 2510/9844/2471 2522/9843/2471 2521/9842/2471 2509/9841/2471
f 2511/9848/2472 2523/9847/2472 2522/9846/2472 2510/9845/2472
f 2512/9852/2473 2524/9851/2473 2523/9850/2473 2511/9849/2473
f 2513/9856/2474 2525/9855/2474 2524/9854/2474 2512/9853/2474
f 2514/9860/2475 2526/9859/2475 2525/9858/2475 2513/9857/2475
f 2515/9864/2476 2527/9863/2476 2526/9862/2476 2514/9861/2476
f 2516/9868/2477 2528/9867/2477 2527/9866/2477 2515/9865/2477
f 2517/9872/2478 2529/9871/2478 2528/9870/2478 2516/9869/2478
f 2506/9876/2479 2518/9875/2479 2529/9874/2479 2517/9873/2479
f 2519/9880/2480 2531/9879/2480 2530/9878/2480 2518/9877/2480
f 2520/9884/2481 2532/9883/2481 2531/9882/2481 2519/9881/2481
f 2521/9888/2482 2533/9887/2482 2532/9886/2482 2520/9885/2482
f 2522/9892/2483 2534/9891/2483 2533/9890/2483 2521/9889/2483
f 2523/9896/2484 2535/9895/2484 2534/9894/2484 2522/9893/2484
f 2524/9900/2485 2536/9899/2485 2535/9898/2485 2523/9897/2485
f 2525/9904/2486 2537/9903/2486 2536/9902/2486 2524/9901/2486
f 2526/9908/2487 2538/9907/2487 2537/9906/2487 2525/9905/2487
f 2527/9912/2488 2539/9911/2488 2538/9910/2488 2526/9909/2488
f 2528/9916/2489 2540/9915/2489 2539/9914/2489 2527/9913/2489
f 2529/9920/2490 2541/9919/2490 2540/9918/2490 2528/9917/2490
f 2518/9924/2491 2530/9923/2491 2541/9922/2491 2529/9921/2491
f 2531/9928/2492 2543/9927/2492 2542/9926/2492 2530/9925/2492
f 2532/9932/2493 2544/9931/2493 2543/9930/2493 2531/9929/2493
f 2533/9936/2494 2545/9935/2494 2544/9934/2494 2532/9933/2494
f 2534/9940/2495 2546/9939/2495 2545/9938/2495 2533/9937/2495
f 2535/9944/2496 2547/9943/2496 2546/9942/2496 2534/9941/2496
f 2536/9948/2497 2548/9947/2497 2547/9946/2497 2535/9945/2497
f 2537/9952/2498 2549/9951/2498 2548/9950/2498 2536/9949/2498
f 2538/9956/2499 2550/9955/2499 2549/9954/2499 2537/9953/2499
f 2539/9960/2500 2551/9959/2500 2550/9958/2500 2538/9957/2500
f 2540/9964/2501 2552/9963/2501 2551/9962/2501 2539/9961/2501
f 2541/9968/2502 2553/9967/2502 2552/9966/2502 2540/9965/2502
f 2530/9972/2503 2542/9971/2503 2553/9970/2503 2541/9969/2503
f 2543/9976/2504 2555/9975/2504 2554/9974/2504 2542/9973/2504
f 2544/9980/2505 2556/9979/2505 2555/9978/2505 2543/9977/2505
f 2545/9984/2506 2557/9983/2506 2556/9982/2506 2544/9981/2506
f 2546/9988/2507 2558/9987/2507 2557/9986/2507 2545/9985/2507
f 2547/9992/2508 2559/9991/2508 2558/9990/2508 2546/9989/2508
f 2548/9996/2509 2560/9995/2509 2559/9994/2509 2547/9993/2509
f 2549/10000/2510 2561/9999/2510 2560/9998/2510 2548/9997/2510
f 2550/10004/2511 2562/10003/2511 2561/10002/2511 2549/10001/2511
f 2551/10008/2512 2563/10007/2512 2562/10006/2512 2550/10005/2512
f 2552/10012/2513 2564/10011/2513 2563/10010/2513 2551/10009/2513
f 2553/10016/2514 2565/10015/2514 2564/10014/2514 2552/10013/2514
f 2542/10020/2515 2554/10019/2515 2565/10018/2515 2553/10017/2515
f 2555/10024/2516 2567/10023/2516 2566/10022/2516 2554/10021/2516
f 2556/10028/2517 2568/10027/2517 2567/10026/2517 2555/10025/2517
f 2557/10032/2518 2569/10031/2518 2568/10030/2518 2556/10029/2518
f 2558/10036/2519 2570/10035/2519 2569/10034/2519 2557/10033/2519
f 2559/10040/2520 2571/10039/2520 2570/10038/2520 2558/10037/2520
f 2560/10044/2521 2572/10043/2521 2571/10042/2521 2559/10041/2521
f 2561/10048/2522 2573/10047/2522 2572/10046/2522 2560/10045/2522
f 2562/10052/2523 2574/10051/2523 2573/10050/2523 2561/10049/2523
f 2563/10056/2524 2575/10055/2524 2574/10054/2524 2562/10053/2524
f 2564/10060/2525 2576/10059/2525 2575/10058/2525 2563/10057/2525
f 2565/10064/2526 2577/10063/2526 2576/10062/2526 2564/10061/2526
f 2554/10068/2527 2566/10067/2527 2577/10066/2527 2565/10065/2527
f 2567/10072/2528 2579/10071/2528 2578/10070/2528 2566/10069/2528
f 2568/10076/2529 2580/10075/2529 2579/10074/2529 2567/10073/2529
f 2569/10080/2530 2581/10079/2530 2580/10078/2530 2568/10077/2530
f 2570/10084/2531 2582/10083/2531 2581/10082/2531 2569/10081/2531
f 2571/10088/2532 2583/10087/2532 2582/10086/2532 2570/10085/2532
f 2572/10092/2533 2584/10091/2533 2583/10090/2533 2571/10089/2533
f 2573/10096/2534 2585/10095/2534 2584/10094/2534 2572/10093/2534
f 2574/10100/2535 2586/10099/2535 2585/10098/2535 2573/10097/2535
f 2575/10104/2536 2587/10103/2536 2586/10102/2536 2574/10101/2536
f 2576/10108/2537 2588/10107/2537 2587/10106/2537 2575/10105/2537
f 2577/10112/2538 2589/10111/2538 2588/10110/2538 2576/10109/2538
f 2566/10116/2539 2578/10115/2539 2589/10114/2539 2577/10113/2539
f 2579/10120/2540 2591/10119/2540 2590/10118/2540 2578/10117/2540
f 2580/10124/2541 2592/10123/2541 2591/10122/2541 2579/10121/2541
f 2581/10128/2542 2593/10127/2542 2592/10126/2542 2580/10125/2542
f 2582/10132/2543 2594/10131/2543 2593/10130/2543 2581/10129/2543
f 2583/10136/2544 2595/10135/2544 2594/10134/2544 2582/10133/2544
f 2584/10140/2545 2596/10139/2545 2595/10138/2545 2583/10137/2545
f 2585/10144/2546 2597/10143/2546 2596/10142/2546 2584/10141/2546
f 2586/10148/2547 2598/10147/2547 2597/10146/2547 2585/10145/2547
f 2587/10152/2548 2599/10151/2548 2598/10150/2548 2586/10149/2548
f 2588/10156/2549 2600/10155/2549 2599/10154/2549 2587/10153/2549
f 2589/10160/2550 2601/10159/2550 2600/10158/2550 2588/10157/2550
f 2578/10164/2551 2590/10163/2551 2601/10162/2551 2589/10161/2551
f 2591/10168/2552 2461/10167/2552 2458/10166/2552 2590/10165/2552
f 2592/10172/2553 2463/10171/2553 2461/10170/2553 2591/10169/2553
f 2593/10176/2554 2465/10175/2554 2463/10174/2554 2592/10173/2554
f 2594/10180/2555 2467/10179/2555 2465/10178/2555 2593/10177/2555
f 2595/10184/2556 2469/10183/2556 2467/10182/2556 2594/10181/2556
f 2596/10188/2557 2471/10187/2557 2469/10186/2557 2595/10185/2557
f 2597/10192/2558 2473/10191/2558 2471/10190/2558 2596/10189/2558
f 2598/10196/2559 2475/10195/2559 2473/10194/2559 2597/10193/2559
f 2599/10200/2560 2477/10199/2560 2475/10198/2560 2598/10197/2560
f 2600/10204/2561 2479/10203/2561 2477/10202/2561 2599/10201/2561
f 2601/10208/2562 2481/10207/2562 2479/10206/2562 2600/10205/2562
f 2590/10212/2563 2458/10211/2563 2481/10210/2563 2601/10209/2563
usemtl mat15
f 2605/10216/2564 2604/10215/2564 2603/10214/2564 2602/10213/2564
f 2604/10220/2565 2607/10219/2565 2606/10218/2565 2603/10217/2565
f 2607/10224/2566 2609/10223/2566 2608/10222/2566 2606/10221/2566
f 2609/10228/2567 2611/10227/2567 2610/10226/2567 2608/10225/2567
f 2611/10232/2568 2613/10231/2568 2612/10230/2568 2610/10229/2568
f 2613/10236/2569 2615/10235/2569 2614/10234/2569 2612/10233/2569
f 2615/10240/2570 2617/10239/2570 2616/10238/2570 2614/10237/2570
f 2617/10244/2571 2619/10243/2571 2618/10242/2571 2616/10241/2571
f 2619/10248/2572 2621/10247/2572 2620/10246/2572 2618/10245/2572
f 2621/10252/2573 2623/10251/2573 2622/10250/2573 2620/10249/2573
f 2623/10256/2574 2625/10255/2574 2624/10254/2574 2622/10253/2574
f 2625/10260/2575 2605/10259/2575 2602/10258/2575 2624/10257/2575
f 2602/10272/2576 2603/10271/2576 2606/10270/2576 2608/10269/2576 2610/10268/2576 2612/10267/2576 2614/10266/2576 2616/10265/2576 2618/10264/2576 2620/10263/2576 2622/10262/2576 2624/10261/2576
f 2625/10284/2577 2623/10283/2577 2621/10282/2577 2619/10281/2577 2617/10280/2577 2615/10279/2577 2613/10278/2577 2611/10277/2577 2609/10276/2577 2607/10275/2577 2604/10274/2577 2605/10273/2577
usemtl mat21
f 2629/10288/2578 2628/10287/2578 2627/10286/2578 2626/10285/2578
f 2631/10292/2579 2630/10291/2579 2628/10290/2579 2629/10289/2579
f 2633/10296/2580 2632/10295/2580 2630/10294/2580 2631/10293/2580
f 2635/10300/2581 2634/10299/2581 2632/10298/2581 2633/10297/2581
f 2637/10304/2582 2636/10303/2582 2634/10302/2582 2635/10301/2582
f 2639/10308/2583 2638/10307/2583 2636/10306/2583 2637/10305/2583
f 2641/10312/2584 2640/10311/2584 2638/10310/2584 2639/10309/2584
f 2643/10316/2585 2642/10315/2585 2640/10314/2585 2641/10313/2585
f 2645/10320/2586 2644/10319/2586 2642/10318/2586 2643/10317/2586
f 2647/10324/2587 2646/10323/2587 2644/10322/2587 2645/10321/2587
f 2649/10328/2588 2648/10327/2588 2646/10326/2588 2647/10325/2588
f 2626/10332/2589 2627/10331/2589 2648/10330/2589 2649/10329/2589
f 2628/10336/2590 2651/10335/2590 2650/10334/2590 2627/10333/2590
f 2630/10340/2591 2652/10339/2591 2651/10338/2591 2628/10337/2591
f 2632/10344/2592 2653/10343/2592 2652/10342/2592 2630/10341/2592
f 2634/10348/2593 2654/10347/2593 2653/10346/2593 2632/10345/2593
f 2636/10352/2594 2655/10351/2594 2654/10350/2594 2634/10349/2594
f 2638/10356/2595 2656/10355/2595 2655/10354/2595 2636/10353/2595
f 2640/10360/2596 2657/10359/2596 2656/10358/2596 2638/10357/2596
f 2642/10364/2597 2658/10363/2597 2657/10362/2597 2640/10361/2597
f 2644/10368/2598 2659/10367/2598 2658/10366/2598 2642/10365/2598
f 2646/10372/2599 2660/10371/2599 2659/10370/2599 2644/10369/2599
f 2648/10376/2600 2661/10375/2600 2660/10374/2600 2646/10373/2600
f 2627/10380/2601 2650/10379/2601 2661/10378/2601 2648/10377/2601
f 2651/10384/2602 2663/10383/2602 2662/10382/2602 2650/10381/2602
f 2652/10388/2603 2664/10387/2603 2663/10386/2603 2651/10385/2603
f 2653/10392/2604 2665/10391/2604 2664/10390/2604 2652/10389/2604
f 2654/10396/2605 2666/10395/2605 2665/10394/2605 2653/10393/2605
f 2655/10400/2606 2667/10399/2606 2666/10398/2606 2654/10397/2606
f 2656/10404/2607 2668/10403/2607 2667/10402/2607 2655/10401/2607
f 2657/10408/2608 2669/10407/2608 2668/10406/2608 2656/10405/2608
f 2658/10412/2609 2670/10411/2609 2669/10410/2609 2657/10409/2609
f 2659/10416/2610 2671/10415/2610 2670/10414/2610 2658/10413/2610
f 2660/10420/2611 2672/10419/2611 2671/10418/2611 2659/10417/2611
f 2661/10424/2612 2673/10423/2612 2672/10422/2612 2660/10421/2612
f 2650/10428/2613 2662/10427/2613 2673/10426/2613 2661/10425/2613
f 2663/10432/2614 2675/10431/2614 2674/10430/2614 2662/10429/2614
f 2664/10436/2615 2676/10435/2615 2675/10434/2615 2663/10433/2615
f 2665/10440/2616 2677/10439/2616 2676/10438/2616 2664/10437/2616
f 2666/10444/2617 2678/10443/2617 2677/10442/2617 2665/10441/2617
f 2667/10448/2618 2679/10447/2618 2678/10446/2618 2666/10445/2618
f 2668/10452/2619 2680/10451/2619 2679/10450/2619 2667/10449/2619
f 2669/10456/2620 2681/10455/2620 2680/10454/2620 2668/10453/2620
f 2670/10460/2621 2682/10459/2621 2681/10458/2621 2669/10457/2621
f 2671/10464/2622 2683/10463/2622 2682/10462/2622 2670/10461/2622
f 2672/10468/2623 2684/10467/2623 2683/10466/2623 2671/10465/2623
f 2673/10472/2624 2685/10471/2624 2684/10470/2624 2672/10469/2624
f 2662/10476/2625 2674/10475/2625 2685/10474/2625 2673/10473/2625
f 2675/10480/2626 2687/10479/2626 2686/10478/2626 2674/10477/2626
f 2676/10484/2627 2688/10483/2627 2687/10482/2627 2675/10481/2627
f 2677/10488/2628 2689/10487/2628 2688/10486/2628 2676/10485/2628
f 2678/10492/2629 2690/10491/2629 2689/10490/2629 2677/10489/2629
f 2679/10496/2630 2691/10495/2630 2690/10494/2630 2678/10493/2630
f 2680/10500/2631 2692/10499/2631 2691/10498/2631 2679/10497/2631
f 2681/10504/2632 2693/10503/2632 2692/10502/2632 2680/10501/2632
f 2682/10508/2633 2694/10507/2633 2693/10506/2633 2681/10505/2633
f 2683/10512/2634 2695/10511/2634 2694/10510/2634 2682/10509/2634
f 2684/10516/2635 2696/10515/2635 2695/10514/2635 2683/10513/2635
f 2685/10520/2636 2697/10519/2636 2696/10518/2636 2684/10517/2636
f 2674/10524/2637 2686/10523/2637 2697/10522/2637 2685/10521/2637
f 2687/10528/2638 2699/10527/2638 2698/10526/2638 2686/10525/2638
f 2688/10532/2639 2700/10531/2639 2699/10530/2639 2687/10529/2639
f 2689/10536/2640 2701/10535/2640 2700/10534/2640 2688/10533/2640
f 2690/10540/2641 2702/10539/2641 2701/10538/2641 2689/10537/2641
f 2691/10544/2642 2703/10543/2642 2702/10542/2642 2690/10541/2642
f 2692/10548/2643 2704/10547/2643 2703/10546/2643 2691/10545/2643
f 2693/10552/2644 2705/10551/2644 2704/10550/2644 2692/10549/2644
f 2694/10556/2645 2706/10555/2645 2705/10554/2645 2693/10553/2645
f 2695/10560/2646 2707/10559/2646 2706/10558/2646 2694/10557/2646
f 2696/10564/2647 2708/10563/2647 2707/10562/2647 2695/10561/2647
f 2697/10568/2648 2709/10567/2648 2708/10566/2648 2696/10565/2648
f 2686/10572/2649 2698/10571/2649 2709/10570/2649 2697/10569/2649
f 2699/10576/2650 2711/10575/2650 2710/10574/2650 2698/10573/2650
f 2700/10580/2651 2712/10579/2651 2711/10578/2651 2699/10577/2651
f 2701/10584/2652 2713/10583/2652 2712/10582/2652 2700/10581/2652
f 2702/10588/2653 2714/10587/2653 2713/10586/2653 2701/10585/2653
f 2703/10592/2654 2715/10591/2654 2714/10590/2654 2702/10589/2654
f 2704/10596/2655 2716/10595/2655 2715/10594/2655 2703/10593/2655
f 2705/10600/2656 2717/10599/2656 2716/10598/2656 2704/10597/2656
f 2706/10604/2657 2718/10603/2657 2717/10602/2657 2705/10601/2657
f 2707/10608/2658 2719/10607/2658 2718/10606/2658 2706/10605/2658
f 2708/10612/2659 2720/10611/2659 2719/10610/2659 2707/10609/2659
f 2709/10616/2660 2721/10615/2660 2720/10614/2660 2708/10613/2660
f 2698/10620/2661 2710/10619/2661 2721/10618/2661 2709/10617/2661
f 2711/10624/2662 2723/10623/2662 2722/10622/2662 2710/10621/2662
f 2712/10628/2663 2724/10627/2663 2723/10626/2663 2711/10625/2663
f 2713/10632/2664 2725/10631/2664 2724/10630/2664 2712/10629/2664
f 2714/10636/2665 2726/10635/2665 2725/10634/2665 2713/10633/2665
f 2715/10640/2666 2727/10639/2666 2726/10638/2666 2714/10637/2666
f 2716/10644/2667 2728/10643/2667 2727/10642/2667 2715/10641/2667
f 2717/10648/2668 2729/10647/2668 2728/10646/2668 2716/10645/2668
f 2718/10652/2669 2730/10651/2669 2729/10650/2669 2717/10649/2669
f 2719/10656/2670 2731/10655/2670 2730/10654/2670 2718/10653/2670
f 2720/10660/2671 2732/10659/2671 2731/10658/2671 2719/10657/2671
f 2721/10664/2672 2733/10663/2672 2732/10662/2672 2720/10661/2672
f 2710/10668/2673 2722/10667/2673 2733/10666/2673 2721/10665/2673
f 2723/10672/2674 2735/10671/2674 2734/10670/2674 2722/10669/2674
f 2724/10676/2675 2736/10675/2675 2735/10674/2675 2723/10673/2675
f 2725/10680/2676 2737/10679/2676 2736/10678/2676 2724/10677/2676
f 2726/10684/2677 2738/10683/2677 2737/10682/2677 2725/10681/2677
f 2727/10688/2678 2739/10687/2678 2738/10686/2678 2726/10685/2678
f 2728/10692/2679 2740/10691/2679 2739/10690/2679 2727/10689/2679
f 2729/10696/2680 2741/10695/2680 2740/10694/2680 2728/10693/2680
f 2730/10700/2681 2742/10699/2681 2741/10698/2681 2729/10697/2681
f 2731/10704/2682 2743/10703/2682 2742/10702/2682 2730/10701/2682
f 2732/10708/2683 2744/10707/2683 2743/10706/2683 2731/10705/2683
f 2733/10712/2684 2745/10711/2684 2744/10710/2684 2732/10709/2684
f 2722/10716/2685 2734/10715/2685 2745/10714/2685 2733/10713/2685
f 2735/10720/2686 2747/10719/2686 2746/10718/2686 2734/10717/2686
f 2736/10724/2687 2748/10723/2687 2747/10722/2687 2735/10721/2687
f 2737/10728/2688 2749/10727/2688 2748/10726/2688 2736/10725/2688
f 2738/10732/2689 2750/10731/2689 2749/10730/2689 2737/10729/2689
f 2739/10736/2690 2751/10735/2690 2750/10734/2690 2738/10733/2690
f 2740/10740/2691 2752/10739/2691 2751/10738/2691 2739/10737/2691
f 2741/10744/2692 2753/10743/2692 2752/10742/2692 2740/10741/2692
f 2742/10748/2693 2754/10747/2693 2753/10746/2693 2741/10745/2693
f 2743/10752/2694 2755/10751/2694 2754/10750/2694 2742/10749/2694
f 2744/10756/2695 2756/10755/2695 2755/10754/2695 2743/10753/2695
f 2745/10760/2696 2757/10759/2696 2756/10758/2696 2744/10757/2696
f 2734/10764/2697 2746/10763/2697 2757/10762/2697 2745/10761/2697
f 2747/10768/2698 2759/10767/2698 2758/10766/2698 2746/10765/2698
f 2748/10772/2699 2760/10771/2699 2759/10770/2699 2747/10769/2699
f 2749/10776/2700 2761/10775/2700 2760/10774/2700 2748/10773/2700
f 2750/10780/2701 2762/10779/2701 2761/10778/2701 2749/10777/2701
f 2751/10784/2702 2763/10783/2702 2762/10782/2702 2750/10781/2702
f 2752/10788/2703 2764/10787/2703 2763/10786/2703 2751/10785/2703
f 2753/10792/2704 2765/10791/2704 2764/10790/2704 2752/10789/2704
f 2754/10796/2705 2766/10795/2705 2765/10794/2705 2753/10793/2705
f 2755/10800/2706 2767/10799/2706 2766/10798/2706 2754/10797/2706
f 2756/10804/2707 2768/10803/2707 2767/10802/2707 2755/10801/2707
f 2757/10808/2708 2769/10807/2708 2768/10806/2708 2756/10805/2708
f 2746/10812/2709 2758/10811/2709 2769/10810/2709 2757/10809/2709
f 2759/10816/2710 2629/10815/2710 2626/10814/2710 2758/10813/2710
f 2760/10820/2711 2631/10819/2711 2629/10818/2711 2759/10817/2711
f 2761/10824/2712 2633/10823/2712 2631/10822/2712 2760/10821/2712
f 2762/10828/2713 2635/10827/2713 2633/10826/2713 2761/10825/2713
f 2763/10832/2714 2637/10831/2714 2635/10830/2714 2762/10829/2714
f 2764/10836/2715 2639/10835/2715 2637/10834/2715 2763/10833/2715
f 2765/10840/2716 2641/10839/2716 2639/10838/2716 2764/10837/2716
f 2766/10844/2717 2643/10843/2717 2641/10842/2717 2765/10841/2717
f 2767/10848/2718 2645/10847/2718 2643/10846/2718 2766/10845/2718
f 2768/10852/2719 2647/10851/2719 2645/10850/2719 2767/10849/2719
f 2769/10856/2720 2649/10855/2720 2647/10854/2720 2768/10853/2720
f 2758/10860/2721 2626/10859/2721 2649/10858/2721 2769/10857/2721
o group1092686708
g mesh1092686708
usemtl mat23
f 2773/10864/2722 2772/10863/2722 2771/10862/2722 2770/10861/2722
f 2775/10868/2723 2774/10867/2723 2772/10866/2723 2773/10865/2723
f 2777/10872/2724 2776/10871/2724 2774/10870/2724 2775/10869/2724
f 2779/10876/2725 2778/10875/2725 2776/10874/2725 2777/10873/2725
f 2781/10880/2726 2780/10879/2726 2778/10878/2726 2779/10877/2726
f 2783/10884/2727 2782/10883/2727 2780/10882/2727 2781/10881/2727
f 2785/10888/2728 2784/10887/2728 2782/10886/2728 2783/10885/2728
f 2787/10892/2729 2786/10891/2729 2784/10890/2729 2785/10889/2729
f 2789/10896/2730 2788/10895/2730 2786/10894/2730 2787/10893/2730
f 2791/10900/2731 2790/10899/2731 2788/10898/2731 2789/10897/2731
f 2793/10904/2732 2792/10903/2732 2790/10902/2732 2791/10901/2732
f 2770/10908/2733 2771/10907/2733 2792/10906/2733 2793/10905/2733
f 2772/10912/2734 2795/10911/2734 2794/10910/2734 2771/10909/2734
f 2774/10916/2735 2796/10915/2735 2795/10914/2735 2772/10913/2735
f 2776/10920/2736 2797/10919/2736 2796/10918/2736 2774/10917/2736
f 2778/10924/2737 2798/10923/2737 2797/10922/2737 2776/10921/2737
f 2780/10928/2738 2799/10927/2738 2798/10926/2738 2778/10925/2738
f 2782/10932/2739 2800/10931/2739 2799/10930/2739 2780/10929/2739
f 2784/10936/2740 2801/10935/2740 2800/10934/2740 2782/10933/2740
f 2786/10940/2741 2802/10939/2741 2801/10938/2741 2784/10937/2741
f 2788/10944/2742 2803/10943/2742 2802/10942/2742 2786/10941/2742
f 2790/10948/2743 2804/10947/2743 2803/10946/2743 2788/10945/2743
f 2792/10952/2744 2805/10951/2744 2804/10950/2744 2790/10949/2744
f 2771/10956/2745 2794/10955/2745 2805/10954/2745 2792/10953/2745
f 2795/10960/2746 2807/10959/2746 2806/10958/2746 2794/10957/2746
f 2796/10964/2747 2808/10963/2747 2807/10962/2747 2795/10961/2747
f 2797/10968/2748 2809/10967/2748 2808/10966/2748 2796/10965/2748
f 2798/10972/2749 2810/10971/2749 2809/10970/2749 2797/10969/2749
f 2799/10976/2750 2811/10975/2750 2810/10974/2750 2798/10973/2750
f 2800/10980/2751 2812/10979/2751 2811/10978/2751 2799/10977/2751
f 2801/10984/2752 2813/10983/2752 2812/10982/2752 2800/10981/2752
f 2802/10988/2753 2814/10987/2753 2813/10986/2753 2801/10985/2753
f 2803/10992/2754 2815/10991/2754 2814/10990/2754 2802/10989/2754
f 2804/10996/2755 2816/10995/2755 2815/10994/2755 2803/10993/2755
f 2805/11000/2756 2817/10999/2756 2816/10998/2756 2804/10997/2756
f 2794/11004/2757 2806/11003/2757 2817/11002/2757 2805/11001/2757
f 2807/11008/2758 2819/11007/2758 2818/11006/2758 2806/11005/2758
f 2808/11012/2759 2820/11011/2759 2819/11010/2759 2807/11009/2759
f 2809/11016/2760 2821/11015/2760 2820/11014/2760 2808/11013/2760
f 2810/11020/2761 2822/11019/2761 2821/11018/2761 2809/11017/2761
f 2811/11024/2762 2823/11023/2762 2822/11022/2762 2810/11021/2762
f 2812/11028/2763 2824/11027/2763 2823/11026/2763 2811/11025/2763
f 2813/11032/2764 2825/11031/2764 2824/11030/2764 2812/11029/2764
f 2814/11036/2765 2826/11035/2765 2825/11034/2765 2813/11033/2765
f 2815/11040/2766 2827/11039/2766 2826/11038/2766 2814/11037/2766
f 2816/11044/2767 2828/11043/2767 2827/11042/2767 2815/11041/2767
f 2817/11048/2768 2829/11047/2768 2828/11046/2768 2816/11045/2768
f 2806/11052/2769 2818/11051/2769 2829/11050/2769 2817/11049/2769
f 2819/11056/2770 2831/11055/2770 2830/11054/2770 2818/11053/2770
f 2820/11060/2771 2832/11059/2771 2831/11058/2771 2819/11057/2771
f 2821/11064/2772 2833/11063/2772 2832/11062/2772 2820/11061/2772
f 2822/11068/2773 2834/11067/2773 2833/11066/2773 2821/11065/2773
f 2823/11072/2774 2835/11071/2774 2834/11070/2774 2822/11069/2774
f 2824/11076/2775 2836/11075/2775 2835/11074/2775 2823/11073/2775
f 2825/11080/2776 2837/11079/2776 2836/11078/2776 2824/11077/2776
f 2826/11084/2777 2838/11083/2777 2837/11082/2777 2825/11081/2777
f 2827/11088/2778 2839/11087/2778 2838/11086/2778 2826/11085/2778
f 2828/11092/2779 2840/11091/2779 2839/11090/2779 2827/11089/2779
f 2829/11096/2780 2841/11095/2780 2840/11094/2780 2828/11093/2780
f 2818/11100/2781 2830/11099/2781 2841/11098/2781 2829/11097/2781
f 2831/11104/2782 2843/11103/2782 2842/11102/2782 2830/11101/2782
f 2832/11108/2783 2844/11107/2783 2843/11106/2783 2831/11105/2783
f 2833/11112/2784 2845/11111/2784 2844/11110/2784 2832/11109/2784
f 2834/11116/2785 2846/11115/2785 2845/11114/2785 2833/11113/2785
f 2835/11120/2786 2847/11119/2786 2846/11118/2786 2834/11117/2786
f 2836/11124/2787 2848/11123/2787 2847/11122/2787 2835/11121/2787
f 2837/11128/2788 2849/11127/2788 2848/11126/2788 2836/11125/2788
f 2838/11132/2789 2850/11131/2789 2849/11130/2789 2837/11129/2789
f 2839/11136/2790 2851/11135/2790 2850/11134/2790 2838/11133/2790
f 2840/11140/2791 2852/11139/2791 2851/11138/2791 2839/11137/2791
f 2841/11144/2792 2853/11143/2792 2852/11142/2792 2840/11141/2792
f 2830/11148/2793 2842/11147/2793 2853/11146/2793 2841/11145/2793
f 2843/11152/2794 2855/11151/2794 2854/11150/2794 2842/11149/2794
f 2844/11156/2795 2856/11155/2795 2855/11154/2795 2843/11153/2795
f 2845/11160/2796 2857/11159/2796 2856/11158/2796 2844/11157/2796
f 2846/11164/2797 2858/11163/2797 2857/11162/2797 2845/11161/2797
f 2847/11168/2798 2859/11167/2798 2858/11166/2798 2846/11165/2798
f 2848/11172/2799 2860/11171/2799 2859/11170/2799 2847/11169/2799
f 2849/11176/2800 2861/11175/2800 2860/11174/2800 2848/11173/2800
f 2850/11180/2801 2862/11179/2801 2861/11178/2801 2849/11177/2801
f 2851/11184/2802 2863/11183/2802 2862/11182/2802 2850/11181/2802
f 2852/11188/2803 2864/11187/2803 2863/11186/2803 2851/11185/2803
f 2853/11192/2804 2865/11191/2804 2864/11190/2804 2852/11189/2804
f 2842/11196/2805 2854/11195/2805 2865/11194/2805 2853/11193/2805
f 2855/11200/2806 2867/11199/2806 2866/11198/2806 2854/11197/2806
f 2856/11204/2807 2868/11203/2807 2867/11202/2807 2855/11201/2807
f 2857/11208/2808 2869/11207/2808 2868/11206/2808 2856/11205/2808
f 2858/11212/2809 2870/11211/2809 2869/11210/2809 2857/11209/2809
f 2859/11216/2810 2871/11215/2810 2870/11214/2810 2858/11213/2810
f 2860/11220/2811 2872/11219/2811 2871/11218/2811 2859/11217/2811
f 2861/11224/2812 2873/11223/2812 2872/11222/2812 2860/11221/2812
f 2862/11228/2813 2874/11227/2813 2873/11226/2813 2861/11225/2813
f 2863/11232/2814 2875/11231/2814 2874/11230/2814 2862/11229/2814
f 2864/11236/2815 2876/11235/2815 2875/11234/2815 2863/11233/2815
f 2865/11240/2816 2877/11239/2816 2876/11238/2816 2864/11237/2816
f 2854/11244/2817 2866/11243/2817 2877/11242/2817 2865/11241/2817
f 2867/11248/2818 2879/11247/2818 2878/11246/2818 2866/11245/2818
f 2868/11252/2819 2880/11251/2819 2879/11250/2819 2867/11249/2819
f 2869/11256/2820 2881/11255/2820 2880/11254/2820 2868/11253/2820
f 2870/11260/2821 2882/11259/2821 2881/11258/2821 2869/11257/2821
f 2871/11264/2822 2883/11263/2822 2882/11262/2822 2870/11261/2822
f 2872/11268/2823 2884/11267/2823 2883/11266/2823 2871/11265/2823
f 2873/11272/2824 2885/11271/2824 2884/11270/2824 2872/11269/2824
f 2874/11276/2825 2886/11275/2825 2885/11274/2825 2873/11273/2825
f 2875/11280/2826 2887/11279/2826 2886/11278/2826 2874/11277/2826
f 2876/11284/2827 2888/11283/2827 2887/11282/2827 2875/11281/2827
f 2877/11288/2828 2889/11287/2828 2888/11286/2828 2876/11285/2828
f 2866/11292/2829 2878/11291/2829 2889/11290/2829 2877/11289/2829
f 2879/11296/2830 2891/11295/2830 2890/11294/2830 2878/11293/2830
f 2880/11300/2831 2892/11299/2831 2891/11298/2831 2879/11297/2831
f 2881/11304/2832 2893/11303/2832 2892/11302/2832 2880/11301/2832
f 2882/11308/2833 2894/11307/2833 2893/11306/2833 2881/11305/2833
f 2883/11312/2834 2895/11311/2834 2894/11310/2834 2882/11309/2834
f 2884/11316/2835 2896/11315/2835 2895/11314/2835 2883/11313/2835
f 2885/11320/2836 2897/11319/2836 2896/11318/2836 2884/11317/2836
f 2886/11324/2837 2898/11323/2837 2897/11322/2837 2885/11321/2837
f 2887/11328/2838 2899/11327/2838 2898/11326/2838 2886/11325/2838
f 2888/11332/2839 2900/11331/2839 2899/11330/2839 2887/11329/2839
f 2889/11336/2840 2901/11335/2840 2900/11334/2840 2888/11333/2840
f 2878/11340/2841 2890/11339/2841 2901/11338/2841 2889/11337/2841
f 2891/11344/2842 2903/11343/2842 2902/11342/2842 2890/11341/2842
f 2892/11348/2843 2904/11347/2843 2903/11346/2843 2891/11345/2843
f 2893/11352/2844 2905/11351/2844 2904/11350/2844 2892/11349/2844
f 2894/11356/2845 2906/11355/2845 2905/11354/2845 2893/11353/2845
f 2895/11360/2846 2907/11359/2846 2906/11358/2846 2894/11357/2846
f 2896/11364/2847 2908/11363/2847 2907/11362/2847 2895/11361/2847
f 2897/11368/2848 2909/11367/2848 2908/11366/2848 2896/11365/2848
f 2898/11372/2849 2910/11371/2849 2909/11370/2849 2897/11369/2849
f 2899/11376/2850 2911/11375/2850 2910/11374/2850 2898/11373/2850
f 2900/11380/2851 2912/11379/2851 2911/11378/2851 2899/11377/2851
f 2901/11384/2852 2913/11383/2852 2912/11382/2852 2900/11381/2852
f 2890/11388/2853 2902/11387/2853 2913/11386/2853 2901/11385/2853
f 2903/11392/2854 2773/11391/2854 2770/11390/2854 2902/11389/2854
f 2904/11396/2855 2775/11395/2855 2773/11394/2855 2903/11393/2855
f 2905/11400/2856 2777/11399/2856 2775/11398/2856 2904/11397/2856
f 2906/11404/2857 2779/11403/2857 2777/11402/2857 2905/11401/2857
f 2907/11408/2858 2781/11407/2858 2779/11406/2858 2906/11405/2858
f 2908/11412/2859 2783/11411/2859 2781/11410/2859 2907/11409/2859
f 2909/11416/2860 2785/11415/2860 2783/11414/2860 2908/11413/2860
f 2910/11420/2861 2787/11419/2861 2785/11418/2861 2909/11417/2861
f 2911/11424/2862 2789/11423/2862 2787/11422/2862 2910/11421/2862
f 2912/11428/2863 2791/11427/2863 2789/11426/2863 2911/11425/2863
f 2913/11432/2864 2793/11431/2864 2791/11430/2864 2912/11429/2864
f 2902/11436/2865 2770/11435/2865 2793/11434/2865 2913/11433/2865
usemtl mat17
f 2917/11440/2866 2916/11439/2866 2915/11438/2866 2914/11437/2866
f 2919/11444/2867 2918/11443/2867 2916/11442/2867 2917/11441/2867
f 2921/11448/2868 2920/11447/2868 2918/11446/2868 2919/11445/2868
f 2923/11452/2869 2922/11451/2869 2920/11450/2869 2921/11449/2869
f 2925/11456/2870 2924/11455/2870 2922/11454/2870 2923/11453/2870
f 2927/11460/2871 2926/11459/2871 2924/11458/2871 2925/11457/2871
f 2929/11464/2872 2928/11463/2872 2926/11462/2872 2927/11461/2872
f 2931/11468/2873 2930/11467/2873 2928/11466/2873 2929/11465/2873
f 2933/11472/2874 2932/11471/2874 2930/11470/2874 2931/11469/2874
f 2935/11476/2875 2934/11475/2875 2932/11474/2875 2933/11473/2875
f 2937/11480/2876 2936/11479/2876 2934/11478/2876 2935/11477/2876
f 2914/11484/2877 2915/11483/2877 2936/11482/2877 2937/11481/2877
f 2916/11488/2878 2939/11487/2878 2938/11486/2878 2915/11485/2878
f 2918/11492/2879 2940/11491/2879 2939/11490/2879 2916/11489/2879
f 2920/11496/2880 2941/11495/2880 2940/11494/2880 2918/11493/2880
f 2922/11500/2881 2942/11499/2881 2941/11498/2881 2920/11497/2881
f 2924/11504/2882 2943/11503/2882 2942/11502/2882 2922/11501/2882
f 2926/11508/2883 2944/11507/2883 2943/11506/2883 2924/11505/2883
f 2928/11512/2884 2945/11511/2884 2944/11510/2884 2926/11509/2884
f 2930/11516/2885 2946/11515/2885 2945/11514/2885 2928/11513/2885
f 2932/11520/2886 2947/11519/2886 2946/11518/2886 2930/11517/2886
f 2934/11524/2887 2948/11523/2887 2947/11522/2887 2932/11521/2887
f 2936/11528/2888 2949/11527/2888 2948/11526/2888 2934/11525/2888
f 2915/11532/2889 2938/11531/2889 2949/11530/2889 2936/11529/2889
f 2939/11536/2890 2951/11535/2890 2950/11534/2890 2938/11533/2890
f 2940/11540/2891 2952/11539/2891 2951/11538/2891 2939/11537/2891
f 2941/11544/2892 2953/11543/2892 2952/11542/2892 2940/11541/2892
f 2942/11548/2893 2954/11547/2893 2953/11546/2893 2941/11545/2893
f 2943/11552/2894 2955/11551/2894 2954/11550/2894 2942/11549/2894
f 2944/11556/2895 2956/11555/2895 2955/11554/2895 2943/11553/2895
f 2945/11560/2896 2957/11559/2896 2956/11558/2896 2944/11557/2896
f 2946/11564/2897 2958/11563/2897 2957/11562/2897 2945/11561/2897
f 2947/11568/2898 2959/11567/2898 2958/11566/2898 2946/11565/2898
f 2948/11572/2899 2960/11571/2899 2959/11570/2899 2947/11569/2899
f 2949/11576/2900 2961/11575/2900 2960/11574/2900 2948/11573/2900
f 2938/11580/2901 2950/11579/2901 2961/11578/2901 2949/11577/2901
f 2951/11584/2902 2963/11583/2902 2962/11582/2902 2950/11581/2902
f 2952/11588/2903 2964/11587/2903 2963/11586/2903 2951/11585/2903
f 2953/11592/2904 2965/11591/2904 2964/11590/2904 2952/11589/2904
f 2954/11596/2905 2966/11595/2905 2965/11594/2905 2953/11593/2905
f 2955/11600/2906 2967/11599/2906 2966/11598/2906 2954/11597/2906
f 2956/11604/2907 2968/11603/2907 2967/11602/2907 2955/11601/2907
f 2957/11608/2908 2969/11607/2908 2968/11606/2908 2956/11605/2908
f 2958/11612/2909 2970/11611/2909 2969/11610/2909 2957/11609/2909
f 2959/11616/2910 2971/11615/2910 2970/11614/2910 2958/11613/2910
f 2960/11620/2911 2972/11619/2911 2971/11618/2911 2959/11617/2911
f 2961/11624/2912 2973/11623/2912 2972/11622/2912 2960/11621/2912
f 2950/11628/2913 2962/11627/2913 2973/11626/2913 2961/11625/2913
f 2963/11632/2914 2975/11631/2914 2974/11630/2914 2962/11629/2914
f 2964/11636/2915 2976/11635/2915 2975/11634/2915 2963/11633/2915
f 2965/11640/2916 2977/11639/2916 2976/11638/2916 2964/11637/2916
f 2966/11644/2917 2978/11643/2917 2977/11642/2917 2965/11641/2917
f 2967/11648/2918 2979/11647/2918 2978/11646/2918 2966/11645/2918
f 2968/11652/2919 2980/11651/2919 2979/11650/2919 2967/11649/2919
f 2969/11656/2920 2981/11655/2920 2980/11654/2920 2968/11653/2920
f 2970/11660/2921 2982/11659/2921 2981/11658/2921 2969/11657/2921
f 2971/11664/2922 2983/11663/2922 2982/11662/2922 2970/11661/2922
f 2972/11668/2923 2984/11667/2923 2983/11666/2923 2971/11665/2923
f 2973/11672/2924 2985/11671/2924 2984/11670/2924 2972/11669/2924
f 2962/11676/2925 2974/11675/2925 2985/11674/2925 2973/11673/2925
f 2975/11680/2926 2987/11679/2926 2986/11678/2926 2974/11677/2926
f 2976/11684/2927 2988/11683/2927 2987/11682/2927 2975/11681/2927
f 2977/11688/2928 2989/11687/2928 2988/11686/2928 2976/11685/2928
f 2978/11692/2929 2990/11691/2929 2989/11690/2929 2977/11689/2929
f 2979/11696/2930 2991/11695/2930 2990/11694/2930 2978/11693/2930
f 2980/11700/2931 2992/11699/2931 2991/11698/2931 2979/11697/2931
f 2981/11704/2932 2993/11703/2932 2992/11702/2932 2980/11701/2932
f 2982/11708/2933 2994/11707/2933 2993/11706/2933 2981/11705/2933
f 2983/11712/2934 2995/11711/2934 2994/11710/2934 2982/11709/2934
f 2984/11716/2935 2996/11715/2935 2995/11714/2935 2983/11713/2935
f 2985/11720/2936 2997/11719/2936 2996/11718/2936 2984/11717/2936
f 2974/11724/2937 2986/11723/2937 2997/11722/2937 2985/11721/2937
f 2987/11728/2938 2999/11727/2938 2998/11726/2938 2986/11725/2938
f 2988/11732/2939 3000/11731/2939 2999/11730/2939 2987/11729/2939
f 2989/11736/2940 3001/11735/2940 3000/11734/2940 2988/11733/2940
f 2990/11740/2941 3002/11739/2941 3001/11738/2941 2989/11737/2941
f 2991/11744/2942 3003/11743/2942 3002/11742/2942 2990/11741/2942
f 2992/11748/2943 3004/11747/2943 3003/11746/2943 2991/11745/2943
f 2993/11752/2944 3005/11751/2944 3004/11750/2944 2992/11749/2944
f 2994/11756/2945 3006/11755/2945 3005/11754/2945 2993/11753/2945
f 2995/11760/2946 3007/11759/2946 3006/11758/2946 2994/11757/2946
f 2996/11764/2947 3008/11763/2947 3007/11762/2947 2995/11761/2947
f 2997/11768/2948 3009/11767/2948 3008/11766/2948 2996/11765/2948
f 2986/11772/2949 2998/11771/2949 3009/11770/2949 2997/11769/2949
f 2999/11776/2950 3011/11775/2950 3010/11774/2950 2998/11773/2950
f 3000/11780/2951 3012/11779/2951 3011/11778/2951 2999/11777/2951
f 3001/11784/2952 3013/11783/2952 3012/11782/2952 3000/11781/2952
f 3002/11788/2953 3014/11787/2953 3013/11786/2953 3001/11785/2953
f 3003/11792/2954 3015/11791/2954 3014/11790/2954 3002/11789/2954
f 3004/11796/2955 3016/11795/2955 3015/11794/2955 3003/11793/2955
f 3005/11800/2956 3017/11799/2956 3016/11798/2956 3004/11797/2956
f 3006/11804/2957 3018/11803/2957 3017/11802/2957 3005/11801/2957
f 3007/11808/2958 3019/11807/2958 3018/11806/2958 3006/11805/2958
f 3008/11812/2959 3020/11811/2959 3019/11810/2959 3007/11809/2959
f 3009/11816/2960 3021/11815/2960 3020/11814/2960 3008/11813/2960
f 2998/11820/2961 3010/11819/2961 3021/11818/2961 3009/11817/2961
f 3011/11824/2962 3023/11823/2962 3022/11822/2962 3010/11821/2962
f 3012/11828/2963 3024/11827/2963 3023/11826/2963 3011/11825/2963
f 3013/11832/2964 3025/11831/2964 3024/11830/2964 3012/11829/2964
f 3014/11836/2965 3026/11835/2965 3025/11834/2965 3013/11833/2965
f 3015/11840/2966 3027/11839/2966 3026/11838/2966 3014/11837/2966
f 3016/11844/2967 3028/11843/2967 3027/11842/2967 3015/11841/2967
f 3017/11848/2968 3029/11847/2968 3028/11846/2968 3016/11845/2968
f 3018/11852/2969 3030/11851/2969 3029/11850/2969 3017/11849/2969
f 3019/11856/2970 3031/11855/2970 3030/11854/2970 3018/11853/2970
f 3020/11860/2971 3032/11859/2971 3031/11858/2971 3019/11857/2971
f 3021/11864/2972 3033/11863/2972 3032/11862/2972 3020/11861/2972
f 3010/11868/2973 3022/11867/2973 3033/11866/2973 3021/11865/2973
f 3023/11872/2974 3035/11871/2974 3034/11870/2974 3022/11869/2974
f 3024/11876/2975 3036/11875/2975 3035/11874/2975 3023/11873/2975
f 3025/11880/2976 3037/11879/2976 3036/11878/2976 3024/11877/2976
f 3026/11884/2977 3038/11883/2977 3037/11882/2977 3025/11881/2977
f 3027/11888/2978 3039/11887/2978 3038/11886/2978 3026/11885/2978
f 3028/11892/2979 3040/11891/2979 3039/11890/2979 3027/11889/2979
f 3029/11896/2980 3041/11895/2980 3040/11894/2980 3028/11893/2980
f 3030/11900/2981 3042/11899/2981 3041/11898/2981 3029/11897/2981
f 3031/11904/2982 3043/11903/2982 3042/11902/2982 3030/11901/2982
f 3032/11908/2983 3044/11907/2983 3043/11906/2983 3031/11905/2983
f 3033/11912/2984 3045/11911/2984 3044/11910/2984 3032/11909/2984
f 3022/11916/2985 3034/11915/2985 3045/11914/2985 3033/11913/2985
f 3035/11920/2986 3047/11919/2986 3046/11918/2986 3034/11917/2986
f 3036/11924/2987 3048/11923/2987 3047/11922/2987 3035/11921/2987
f 3037/11928/2988 3049/11927/2988 3048/11926/2988 3036/11925/2988
f 3038/11932/2989 3050/11931/2989 3049/11930/2989 3037/11929/2989
f 3039/11936/2990 3051/11935/2990 3050/11934/2990 3038/11933/2990
f 3040/11940/2991 3052/11939/2991 3051/11938/2991 3039/11937/2991
f 3041/11944/2992 3053/11943/2992 3052/11942/2992 3040/11941/2992
f 3042/11948/2993 3054/11947/2993 3053/11946/2993 3041/11945/2993
f 3043/11952/2994 3055/11951/2994 3054/11950/2994 3042/11949/2994
f 3044/11956/2995 3056/11955/2995 3055/11954/2995 3043/11953/2995
f 3045/11960/2996 3057/11959/2996 3056/11958/2996 3044/11957/2996
f 3034/11964/2997 3046/11963/2997 3057/11962/2997 3045/11961/2997
f 3047/11968/2998 2917/11967/2998 2914/11966/2998 3046/11965/2998
f 3048/11972/2999 2919/11971/2999 2917/11970/2999 3047/11969/2999
f 3049/11976/3000 2921/11975/3000 2919/11974/3000 3048/11973/3000
f 3050/11980/3001 2923/11979/3001 2921/11978/3001 3049/11977/3001
f 3051/11984/3002 2925/11983/3002 2923/11982/3002 3050/11981/3002
f 3052/11988/3003 2927/11987/3003 2925/11986/3003 3051/11985/3003
f 3053/11992/3004 2929/11991/3004 2927/11990/3004 3052/11989/3004
f 3054/11996/3005 2931/11995/3005 2929/11994/3005 3053/11993/3005
f 3055/12000/3006 2933/11999/3006 2931/11998/3006 3054/11997/3006
f 3056/12004/3007 2935/12003/3007 2933/12002/3007 3055/12001/3007
f 3057/12008/3008 2937/12007/3008 2935/12006/3008 3056/12005/3008
f 3046/12012/3009 2914/12011/3009 2937/12010/3009 3057/12009/3009
usemtl mat15
f 3061/12016/3010 3060/12015/3010 3059/12014/3010 3058/12013/3010
f 3060/12020/3011 3063/12019/3011 3062/12018/3011 3059/12017/3011
f 3063/12024/3012 3065/12023/3012 3064/12022/3012 3062/12021/3012
f 3065/12028/3013 3067/12027/3013 3066/12026/3013 3064/12025/3013
f 3067/12032/3014 3069/12031/3014 3068/12030/3014 3066/12029/3014
f 3069/12036/3015 3071/12035/3015 3070/12034/3015 3068/12033/3015
f 3071/12040/3016 3073/12039/3016 3072/12038/3016 3070/12037/3016
f 3073/12044/3017 3075/12043/3017 3074/12042/3017 3072/12041/3017
f 3075/12048/3018 3077/12047/3018 3076/12046/3018 3074/12045/3018
f 3077/12052/3019 3079/12051/3019 3078/12050/3019 3076/12049/3019
f 3079/12056/3020 3081/12055/3020 3080/12054/3020 3078/12053/3020
f 3081/12060/3021 3061/12059/3021 3058/12058/3021 3080/12057/3021
f 3058/12072/3022 3059/12071/3022 3062/12070/3022 3064/12069/3022 3066/12068/3022 3068/12067/3022 3070/12066/3022 3072/12065/3022 3074/12064/3022 3076/12063/3022 3078/12062/3022 3080/12061/3022
f 3081/12084/3023 3079/12083/3023 3077/12082/3023 3075/12081/3023 3073/12080/3023 3071/12079/3023 3069/12078/3023 3067/12077/3023 3065/12076/3023 3063/12075/3023 3060/12074/3023 3061/12073/3023
usemtl mat21
f 3085/12088/3024 3084/12087/3024 3083/12086/3024 3082/12085/3024
f 3087/12092/3025 3086/12091/3025 3084/12090/3025 3085/12089/3025
f 3089/12096/3026 3088/12095/3026 3086/12094/3026 3087/12093/3026
f 3091/12100/3027 3090/12099/3027 3088/12098/3027 3089/12097/3027
f 3093/12104/3028 3092/12103/3028 3090/12102/3028 3091/12101/3028
f 3095/12108/3029 3094/12107/3029 3092/12106/3029 3093/12105/3029
f 3097/12112/3030 3096/12111/3030 3094/12110/3030 3095/12109/3030
f 3099/12116/3031 3098/12115/3031 3096/12114/3031 3097/12113/3031
f 3101/12120/3032 3100/12119/3032 3098/12118/3032 3099/12117/3032
f 3103/12124/3033 3102/12123/3033 3100/12122/3033 3101/12121/3033
f 3105/12128/3034 3104/12127/3034 3102/12126/3034 3103/12125/3034
f 3082/12132/3035 3083/12131/3035 3104/12130/3035 3105/12129/3035
f 3084/12136/3036 3107/12135/3036 3106/12134/3036 3083/12133/3036
f 3086/12140/3037 3108/12139/3037 3107/12138/3037 3084/12137/3037
f 3088/12144/3038 3109/12143/3038 3108/12142/3038 3086/12141/3038
f 3090/12148/3039 3110/12147/3039 3109/12146/3039 3088/12145/3039
f 3092/12152/3040 3111/12151/3040 3110/12150/3040 3090/12149/3040
f 3094/12156/3041 3112/12155/3041 3111/12154/3041 3092/12153/3041
f 3096/12160/3042 3113/12159/3042 3112/12158/3042 3094/12157/3042
f 3098/12164/3043 3114/12163/3043 3113/12162/3043 3096/12161/3043
f 3100/12168/3044 3115/12167/3044 3114/12166/3044 3098/12165/3044
f 3102/12172/3045 3116/12171/3045 3115/12170/3045 3100/12169/3045
f 3104/12176/3046 3117/12175/3046 3116/12174/3046 3102/12173/3046
f 3083/12180/3047 3106/12179/3047 3117/12178/3047 3104/12177/3047
f 3107/12184/3048 3119/12183/3048 3118/12182/3048 3106/12181/3048
f 3108/12188/3049 3120/12187/3049 3119/12186/3049 3107/12185/3049
f 3109/12192/3050 3121/12191/3050 3120/12190/3050 3108/12189/3050
f 3110/12196/3051 3122/12195/3051 3121/12194/3051 3109/12193/3051
f 3111/12200/3052 3123/12199/3052 3122/12198/3052 3110/12197/3052
f 3112/12204/3053 3124/12203/3053 3123/12202/3053 3111/12201/3053
f 3113/12208/3054 3125/12207/3054 3124/12206/3054 3112/12205/3054
f 3114/12212/3055 3126/12211/3055 3125/12210/3055 3113/12209/3055
f 3115/12216/3056 3127/12215/3056 3126/12214/3056 3114/12213/3056
f 3116/12220/3057 3128/12219/3057 3127/12218/3057 3115/12217/3057
f 3117/12224/3058 3129/12223/3058 3128/12222/3058 3116/12221/3058
f 3106/12228/3059 3118/12227/3059 3129/12226/3059 3117/12225/3059
f 3119/12232/3060 3131/12231/3060 3130/12230/3060 3118/12229/3060
f 3120/12236/3061 3132/12235/3061 3131/12234/3061 3119/12233/3061
f 3121/12240/3062 3133/12239/3062 3132/12238/3062 3120/12237/3062
f 3122/12244/3063 3134/12243/3063 3133/12242/3063 3121/12241/3063
f 3123/12248/3064 3135/12247/3064 3134/12246/3064 3122/12245/3064
f 3124/12252/3065 3136/12251/3065 3135/12250/3065 3123/12249/3065
f 3125/12256/3066 3137/12255/3066 3136/12254/3066 3124/12253/3066
f 3126/12260/3067 3138/12259/3067 3137/12258/3067 3125/12257/3067
f 3127/12264/3068 3139/12263/3068 3138/12262/3068 3126/12261/3068
f 3128/12268/3069 3140/12267/3069 3139/12266/3069 3127/12265/3069
f 3129/12272/3070 3141/12271/3070 3140/12270/3070 3128/12269/3070
f 3118/12276/3071 3130/12275/3071 3141/12274/3071 3129/12273/3071
f 3131/12280/3072 3143/12279/3072 3142/12278/3072 3130/12277/3072
f 3132/12284/3073 3144/12283/3073 3143/12282/3073 3131/12281/3073
f 3133/12288/3074 3145/12287/3074 3144/12286/3074 3132/12285/3074
f 3134/12292/3075 3146/12291/3075 3145/12290/3075 3133/12289/3075
f 3135/12296/3076 3147/12295/3076 3146/12294/3076 3134/12293/3076
f 3136/12300/3077 3148/12299/3077 3147/12298/3077 3135/12297/3077
f 3137/12304/3078 3149/12303/3078 3148/12302/3078 3136/12301/3078
f 3138/12308/3079 3150/12307/3079 3149/12306/3079 3137/12305/3079
f 3139/12312/3080 3151/12311/3080 3150/12310/3080 3138/12309/3080
f 3140/12316/3081 3152/12315/3081 3151/12314/3081 3139/12313/3081
f 3141/12320/3082 3153/12319/3082 3152/12318/3082 3140/12317/3082
f 3130/12324/3083 3142/12323/3083 3153/12322/3083 3141/12321/3083
f 3143/12328/3084 3155/12327/3084 3154/12326/3084 3142/12325/3084
f 3144/12332/3085 3156/12331/3085 3155/12330/3085 3143/12329/3085
f 3145/12336/3086 3157/12335/3086 3156/12334/3086 3144/12333/3086
f 3146/12340/3087 3158/12339/3087 3157/12338/3087 3145/12337/3087
f 3147/12344/3088 3159/12343/3088 3158/12342/3088 3146/12341/3088
f 3148/12348/3089 3160/12347/3089 3159/12346/3089 3147/12345/3089
f 3149/12352/3090 3161/12351/3090 3160/12350/3090 3148/12349/3090
f 3150/12356/3091 3162/12355/3091 3161/12354/3091 3149/12353/3091
f 3151/12360/3092 3163/12359/3092 3162/12358/3092 3150/12357/3092
f 3152/12364/3093 3164/12363/3093 3163/12362/3093 3151/12361/3093
f 3153/12368/3094 3165/12367/3094 3164/12366/3094 3152/12365/3094
f 3142/12372/3095 3154/12371/3095 3165/12370/3095 3153/12369/3095
f 3155/12376/3096 3167/12375/3096 3166/12374/3096 3154/12373/3096
f 3156/12380/3097 3168/12379/3097 3167/12378/3097 3155/12377/3097
f 3157/12384/3098 3169/12383/3098 3168/12382/3098 3156/12381/3098
f 3158/12388/3099 3170/12387/3099 3169/12386/3099 3157/12385/3099
f 3159/12392/3100 3171/12391/3100 3170/12390/3100 3158/12389/3100
f 3160/12396/3101 3172/12395/3101 3171/12394/3101 3159/12393/3101
f 3161/12400/3102 3173/12399/3102 3172/12398/3102 3160/12397/3102
f 3162/12404/3103 3174/12403/3103 3173/12402/3103 3161/12401/3103
f 3163/12408/3104 3175/12407/3104 3174/12406/3104 3162/12405/3104
f 3164/12412/3105 3176/12411/3105 3175/12410/3105 3163/12409/3105
f 3165/12416/3106 3177/12415/3106 3176/12414/3106 3164/12413/3106
f 3154/12420/3107 3166/12419/3107 3177/12418/3107 3165/12417/3107
f 3167/12424/3108 3179/12423/3108 3178/12422/3108 3166/12421/3108
f 3168/12428/3109 3180/12427/3109 3179/12426/3109 3167/12425/3109
f 3169/12432/3110 3181/12431/3110 3180/12430/3110 3168/12429/3110
f 3170/12436/3111 3182/12435/3111 3181/12434/3111 3169/12433/3111
f 3171/12440/3112 3183/12439/3112 3182/12438/3112 3170/12437/3112
f 3172/12444/3113 3184/12443/3113 3183/12442/3113 3171/12441/3113
f 3173/12448/3114 3185/12447/3114 3184/12446/3114 3172/12445/3114
f 3174/12452/3115 3186/12451/3115 3185/12450/3115 3173/12449/3115
f 3175/12456/3116 3187/12455/3116 3186/12454/3116 3174/12453/3116
f 3176/12460/3117 3188/12459/3117 3187/12458/3117 3175/12457/3117
f 3177/12464/3118 3189/12463/3118 3188/12462/3118 3176/12461/3118
f 3166/12468/3119 3178/12467/3119 3189/12466/3119 3177/12465/3119
f 3179/12472/3120 3191/12471/3120 3190/12470/3120 3178/12469/3120
f 3180/12476/3121 3192/12475/3121 3191/12474/3121 3179/12473/3121
f 3181/12480/3122 3193/12479/3122 3192/12478/3122 3180/12477/3122
f 3182/12484/3123 3194/12483/3123 3193/12482/3123 3181/12481/3123
f 3183/12488/3124 3195/12487/3124 3194/12486/3124 3182/12485/3124
f 3184/12492/3125 3196/12491/3125 3195/12490/3125 3183/12489/3125
f 3185/12496/3126 3197/12495/3126 3196/12494/3126 3184/12493/3126
f 3186/12500/3127 3198/12499/3127 3197/12498/3127 3185/12497/3127
f 3187/12504/3128 3199/12503/3128 3198/12502/3128 3186/12501/3128
f 3188/12508/3129 3200/12507/3129 3199/12506/3129 3187/12505/3129
f 3189/12512/3130 3201/12511/3130 3200/12510/3130 3188/12509/3130
f 3178/12516/3131 3190/12515/3131 3201/12514/3131 3189/12513/3131
f 3191/12520/3132 3203/12519/3132 3202/12518/3132 3190/12517/3132
f 3192/12524/3133 3204/12523/3133 3203/12522/3133 3191/12521/3133
f 3193/12528/3134 3205/12527/3134 3204/12526/3134 3192/12525/3134
f 3194/12532/3135 3206/12531/3135 3205/12530/3135 3193/12529/3135
f 3195/12536/3136 3207/12535/3136 3206/12534/3136 3194/12533/3136
f 3196/12540/3137 3208/12539/3137 3207/12538/3137 3195/12537/3137
f 3197/12544/3138 3209/12543/3138 3208/12542/3138 3196/12541/3138
f 3198/12548/3139 3210/12547/3139 3209/12546/3139 3197/12545/3139
f 3199/12552/3140 3211/12551/3140 3210/12550/3140 3198/12549/3140
f 3200/12556/3141 3212/12555/3141 3211/12554/3141 3199/12553/3141
f 3201/12560/3142 3213/12559/3142 3212/12558/3142 3200/12557/3142
f 3190/12564/3143 3202/12563/3143 3213/12562/3143 3201/12561/3143
f 3203/12568/3144 3215/12567/3144 3214/12566/3144 3202/12565/3144
f 3204/12572/3145 3216/12571/3145 3215/12570/3145 3203/12569/3145
f 3205/12576/3146 3217/12575/3146 3216/12574/3146 3204/12573/3146
f 3206/12580/3147 3218/12579/3147 3217/12578/3147 3205/12577/3147
f 3207/12584/3148 3219/12583/3148 3218/12582/3148 3206/12581/3148
f 3208/12588/3149 3220/12587/3149 3219/12586/3149 3207/12585/3149
f 3209/12592/3150 3221/12591/3150 3220/12590/3150 3208/12589/3150
f 3210/12596/3151 3222/12595/3151 3221/12594/3151 3209/12593/3151
f 3211/12600/3152 3223/12599/3152 3222/12598/3152 3210/12597/3152
f 3212/12604/3153 3224/12603/3153 3223/12602/3153 3211/12601/3153
f 3213/12608/3154 3225/12607/3154 3224/12606/3154 3212/12605/3154
f 3202/12612/3155 3214/12611/3155 3225/12610/3155 3213/12609/3155
f 3215/12616/3156 3085/12615/3156 3082/12614/3156 3214/12613/3156
f 3216/12620/3157 3087/12619/3157 3085/12618/3157 3215/12617/3157
f 3217/12624/3158 3089/12623/3158 3087/12622/3158 3216/12621/3158
f 3218/12628/3159 3091/12627/3159 3089/12626/3159 3217/12625/3159
f 3219/12632/3160 3093/12631/3160 3091/12630/3160 3218/12629/3160
f 3220/12636/3161 3095/12635/3161 3093/12634/3161 3219/12633/3161
f 3221/12640/3162 3097/12639/3162 3095/12638/3162 3220/12637/3162
f 3222/12644/3163 3099/12643/3163 3097/12642/3163 3221/12641/3163
f 3223/12648/3164 3101/12647/3164 3099/12646/3164 3222/12645/3164
f 3224/12652/3165 3103/12651/3165 3101/12650/3165 3223/12649/3165
f 3225/12656/3166 3105/12655/3166 3103/12654/3166 3224/12653/3166
f 3214/12660/3167 3082/12659/3167 3105/12658/3167 3225/12657/3167
